mdl_adminpresets,timeimported
mdl_adminpresets_app,time
mdl_adminpresets_app_it,configlogid
mdl_adminpresets_app_it_a,itemname
mdl_adminpresets_app_plug,oldvalue
mdl_adminpresets_it,value
mdl_adminpresets_it_a,value
mdl_adminpresets_plug,enabled
mdl_analytics_indicator_calc,timecreated
mdl_analytics_models,usermodified
mdl_analytics_models_log,usermodified
mdl_analytics_predictions,timeend
mdl_analytics_prediction_actions,timecreated
mdl_analytics_predict_samples,timemodified
mdl_analytics_train_samples,timecreated
mdl_analytics_used_analysables,timeanalysed
mdl_analytics_used_files,time
mdl_assign,submissionattachments
mdl_assignfeedback_comments,commentformat
mdl_assignfeedback_editpdf_annot,draft
mdl_assignfeedback_editpdf_cmnt,draft
mdl_assignfeedback_editpdf_quick,colour
mdl_assignfeedback_editpdf_rot,degree
mdl_assignfeedback_file,numfiles
mdl_assignsubmission_file,numfiles
mdl_assignsubmission_onlinetext,onlineformat
mdl_assign_grades,attemptnumber
mdl_assign_overrides,timelimit
mdl_assign_plugin_config,value
mdl_assign_submission,latest
mdl_assign_user_flags,allocatedmarker
mdl_assign_user_mapping,userid
mdl_auth_lti_linked_login,timemodified
mdl_auth_oauth2_linked_login,confirmtokenexpires
mdl_backup_controllers,controller
mdl_backup_courses,nextstarttime
mdl_backup_logs,timecreated
mdl_badge,imagecaption
mdl_badge_alignment,targetcode
mdl_badge_backpack,externalbackpackid
mdl_badge_backpack_oauth2,scope
mdl_badge_criteria,descriptionformat
mdl_badge_criteria_met,datemet
mdl_badge_criteria_param,value
mdl_badge_endorsement,dateissued
mdl_badge_external,assertion
mdl_badge_external_backpack,oauth2_issuerid
mdl_badge_external_identifier,type
mdl_badge_issued,issuernotified
mdl_badge_manual_award,datemet
mdl_badge_related,relatedbadgeid
mdl_bigbluebuttonbn,guestpassword
mdl_bigbluebuttonbn_logs,meta
mdl_bigbluebuttonbn_recordings,timemodified
mdl_block,visible
mdl_block_instances,timemodified
mdl_block_positions,weight
mdl_block_recentlyaccesseditems,timeaccess
mdl_block_recent_activity,modname
mdl_block_rss_client,skipuntil
mdl_blog_association,blogid
mdl_blog_external,timefetched
mdl_book,timemodified
mdl_book_chapters,importsrc
mdl_cache_filters,timemodified
mdl_cache_flags,expiry
mdl_capabilities,riskbitmask
mdl_chat,timemodified
mdl_chat_messages,timestamp
mdl_chat_messages_current,timestamp
mdl_chat_users,lang
mdl_choice,showavailable
mdl_choice_answers,timemodified
mdl_choice_options,timemodified
mdl_cohort,theme
mdl_cohort_members,timeadded
mdl_comments,timecreated
mdl_competency,usermodified
mdl_competency_coursecomp,sortorder
mdl_competency_coursecompsetting,usermodified
mdl_competency_evidence,usermodified
mdl_competency_framework,usermodified
mdl_competency_modulecomp,overridegrade
mdl_competency_plan,usermodified
mdl_competency_plancomp,usermodified
mdl_competency_relatedcomp,usermodified
mdl_competency_template,usermodified
mdl_competency_templatecohort,usermodified
mdl_competency_templatecomp,sortorder
mdl_competency_usercomp,usermodified
mdl_competency_usercompcourse,usermodified
mdl_competency_usercompplan,usermodified
mdl_competency_userevidence,usermodified
mdl_competency_userevidencecomp,usermodified
mdl_config,value
mdl_config_log,oldvalue
mdl_config_plugins,value
mdl_contentbank_content,timemodified
mdl_context,locked
mdl_context_temp,locked
mdl_course,pdfexportfont
mdl_course_categories,theme
mdl_course_completions,reaggregate
mdl_course_completion_aggr_methd,value
mdl_course_completion_criteria,role
mdl_course_completion_crit_compl,timecompleted
mdl_course_completion_defaults,customrules
mdl_course_format_options,value
mdl_course_modules,lang
mdl_course_modules_completion,timemodified
mdl_course_modules_viewed,timecreated
mdl_course_published,timechecked
mdl_course_request,password
mdl_course_sections,timemodified
mdl_customfield_category,contextid
mdl_customfield_data,contextid
mdl_customfield_field,timemodified
mdl_data,completionentries
mdl_data_content,content4
mdl_data_fields,param10
mdl_data_records,approved
mdl_editor_atto_autosave,timemodified
mdl_enrol,timemodified
mdl_enrol_flatfile,timemodified
mdl_enrol_lti_app_registration,timemodified
mdl_enrol_lti_context,timemodified
mdl_enrol_lti_deployment,timemodified
mdl_enrol_lti_lti2_consumer,updated
mdl_enrol_lti_lti2_context,updated
mdl_enrol_lti_lti2_nonce,expires
mdl_enrol_lti_lti2_resource_link,updated
mdl_enrol_lti_lti2_share_key,expires
mdl_enrol_lti_lti2_tool_proxy,updated
mdl_enrol_lti_lti2_user_result,updated
mdl_enrol_lti_resource_link,timemodified
mdl_enrol_lti_tools,timemodified
mdl_enrol_lti_tool_consumer_map,consumerid
mdl_enrol_lti_users,timecreated
mdl_enrol_lti_user_resource_link,resourcelinkid
mdl_enrol_paypal,timeupdated
mdl_event,location
mdl_events_handlers,internal
mdl_events_queue,timecreated
mdl_events_queue_handlers,timemodified
mdl_event_subscriptions,name
mdl_external_functions,services
mdl_external_services,uploadfiles
mdl_external_services_functions,functionname
mdl_external_services_users,timecreated
mdl_external_tokens,lastaccess
mdl_favourite,timemodified
mdl_feedback,completionsubmit
mdl_feedback_completed,courseid
mdl_feedback_completedtmp,courseid
mdl_feedback_item,options
mdl_feedback_sitecourse_map,courseid
mdl_feedback_template,name
mdl_feedback_value,value
mdl_feedback_valuetmp,value
mdl_files,referencefileid
mdl_files_reference,referencehash
mdl_file_conversion,data
mdl_filter_active,sortorder
mdl_filter_config,value
mdl_folder,forcedownload
mdl_forum,lockdiscussionafter
mdl_forum_digests,maildigest
mdl_forum_discussions,timelocked
mdl_forum_discussion_subs,preference
mdl_forum_grades,timemodified
mdl_forum_posts,charcount
mdl_forum_queue,timemodified
mdl_forum_read,lastread
mdl_forum_subscriptions,forum
mdl_forum_track_prefs,forumid
mdl_glossary,completionentries
mdl_glossary_alias,alias
mdl_glossary_categories,usedynalink
mdl_glossary_entries,approved
mdl_glossary_entries_categories,entryid
mdl_glossary_formats,sortorder
mdl_grade_categories,hidden
mdl_grade_categories_history,hidden
mdl_grade_grades,aggregationweight
mdl_grade_grades_history,informationformat
mdl_grade_import_newitem,importer
mdl_grade_import_values,importonlyfeedback
mdl_grade_items,timemodified
mdl_grade_items_history,weightoverride
mdl_grade_letters,letter
mdl_grade_outcomes,usermodified
mdl_grade_outcomes_courses,outcomeid
mdl_grade_outcomes_history,descriptionformat
mdl_grade_settings,value
mdl_gradingform_guide_comments,descriptionformat
mdl_gradingform_guide_criteria,maxscore
mdl_gradingform_guide_fillings,score
mdl_gradingform_rubric_criteria,descriptionformat
mdl_gradingform_rubric_fillings,remarkformat
mdl_gradingform_rubric_levels,definitionformat
mdl_grading_areas,activemethod
mdl_grading_definitions,options
mdl_grading_instances,timemodified
mdl_groupings,timemodified
mdl_groupings_groups,timeadded
mdl_groups,timemodified
mdl_groups_members,itemid
mdl_h5p,timemodified
mdl_h5pactivity,reviewmode
mdl_h5pactivity_attempts,success
mdl_h5pactivity_attempts_results,success
mdl_h5p_contents_libraries,weight
mdl_h5p_libraries,enabled
mdl_h5p_libraries_cachedassets,hash
mdl_h5p_library_dependencies,dependencytype
mdl_imscp,timemodified
mdl_infected_files,timecreated
mdl_label,timemodified
mdl_lesson,allowofflineattempts
mdl_lesson_answers,responseformat
mdl_lesson_attempts,timeseen
mdl_lesson_branch,nextpageid
mdl_lesson_grades,completed
mdl_lesson_overrides,password
mdl_lesson_pages,contentsformat
mdl_lesson_timer,timemodifiedoffline
mdl_license,sortorder
mdl_lock_db,owner
mdl_log,info
mdl_logstore_standard_log,realuserid
mdl_log_display,component
mdl_log_queries,timelogged
mdl_lti,secureicon
mdl_ltiservice_gradebookservices,subreviewparams
mdl_lti_access_tokens,lastaccess
mdl_lti_submission,state
mdl_lti_tool_proxies,timemodified
mdl_lti_tool_settings,timemodified
mdl_lti_types,description
mdl_lti_types_config,value
mdl_message,customdata
mdl_messageinbound_datakeys,expires
mdl_messageinbound_handlers,enabled
mdl_messageinbound_messagelist,timecreated
mdl_messages,customdata
mdl_message_airnotifier_devices,enable
mdl_message_contacts,timecreated
mdl_message_contact_requests,timecreated
mdl_message_conversations,timemodified
mdl_message_conversation_actions,timecreated
mdl_message_conversation_members,timecreated
mdl_message_email_messages,messageid
mdl_message_popup,isread
mdl_message_popup_notifications,notificationid
mdl_message_processors,enabled
mdl_message_providers,capability
mdl_message_read,eventtype
mdl_message_users_blocked,timecreated
mdl_message_user_actions,timecreated
mdl_mnetservice_enrol_courses,rolename
mdl_mnetservice_enrol_enrolments,enroltype
mdl_mnet_application,sso_jump_url
mdl_mnet_host,sslverification
mdl_mnet_host2service,subscribe
mdl_mnet_log,info
mdl_mnet_remote_rpc,enabled
mdl_mnet_remote_service2rpc,rpcid
mdl_mnet_rpc,static
mdl_mnet_service,offer
mdl_mnet_service2rpc,rpcid
mdl_mnet_session,expires
mdl_mnet_sso_access_control,accessctrl
mdl_modules,visible
mdl_my_pages,sortorder
mdl_notifications,customdata
mdl_oauth2_access_token,scope
mdl_oauth2_endpoint,issuerid
mdl_oauth2_issuer,loginpagename
mdl_oauth2_refresh_token,scopehash
mdl_oauth2_system_account,username
mdl_oauth2_user_field_mapping,internalfield
mdl_page,timemodified
mdl_paygw_paypal,pp_orderid
mdl_payments,timemodified
mdl_payment_accounts,timemodified
mdl_payment_gateways,timemodified
mdl_policy_overview_shorts,short
mdl_portfolio_instance,visible
mdl_portfolio_instance_config,value
mdl_portfolio_instance_user,value
mdl_portfolio_log,continueurl
mdl_portfolio_mahara_queue,token
mdl_portfolio_tempdata,queued
mdl_post,usermodified
mdl_profiling,timecreated
mdl_qtype_ddimageortext,shownumcorrect
mdl_qtype_ddimageortext_drags,label
mdl_qtype_ddimageortext_drops,label
mdl_qtype_ddmarker,showmisplaced
mdl_qtype_ddmarker_drags,noofdrags
mdl_qtype_ddmarker_drops,choice
mdl_qtype_essay_options,filetypeslist
mdl_qtype_match_options,shownumcorrect
mdl_qtype_match_subquestions,answertext
mdl_qtype_multichoice_options,showstandardinstruction
mdl_qtype_randomsamatch_options,shownumcorrect
mdl_qtype_shortanswer_options,usecase
mdl_question,modifiedby
mdl_question_answers,feedbackformat
mdl_question_attempts,timemodified
mdl_question_attempt_steps,userid
mdl_question_attempt_step_data,value
mdl_question_bank_entries,ownerid
mdl_question_calculated,correctanswerformat
mdl_question_calculated_options,shownumcorrect
mdl_question_categories,idnumber
mdl_question_datasets,datasetdefinition
mdl_question_dataset_definitions,itemcount
mdl_question_dataset_items,value
mdl_question_ddwtos,shownumcorrect
mdl_question_gapselect,shownumcorrect
mdl_question_hints,options
mdl_question_multianswer,sequence
mdl_question_numerical,tolerance
mdl_question_numerical_options,unitpenalty
mdl_question_numerical_units,unit
mdl_question_references,version
mdl_question_response_analysis,credit
mdl_question_response_count,rcount
mdl_question_set_references,filtercondition
mdl_question_statistics,randomguessscore
mdl_question_truefalse,showstandardinstruction
mdl_question_usages,preferredbehaviour
mdl_question_versions,status
mdl_quiz,allowofflineattempts
mdl_quizaccess_seb_quizsettings,timemodified
mdl_quizaccess_seb_template,timemodified
mdl_quiz_attempts,gradednotificationsenttime
mdl_quiz_feedback,maxgrade
mdl_quiz_grades,timemodified
mdl_quiz_overrides,password
mdl_quiz_overview_regrades,timemodified
mdl_quiz_reports,capability
mdl_quiz_sections,shufflequestions
mdl_quiz_slots,maxmark
mdl_quiz_statistics,standarderror
mdl_rating,timemodified
mdl_registration_hubs,timemodified
mdl_reportbuilder_audience,timemodified
mdl_reportbuilder_column,timemodified
mdl_reportbuilder_filter,timemodified
mdl_reportbuilder_report,timemodified
mdl_reportbuilder_schedule,timemodified
mdl_repository,sortorder
mdl_repository_instances,readonly
mdl_repository_instance_config,value
mdl_repository_onedrive_access,itemid
mdl_resource,timemodified
mdl_resource_old,migrated
mdl_role,archetype
mdl_role_allow_assign,allowassign
mdl_role_allow_override,allowoverride
mdl_role_allow_switch,allowswitch
mdl_role_allow_view,allowview
mdl_role_assignments,sortorder
mdl_role_capabilities,modifierid
mdl_role_context_levels,contextlevel
mdl_role_names,name
mdl_scale,timemodified
mdl_scale_history,description
mdl_scorm,autocommit
mdl_scorm_aicc_session,timemodified
mdl_scorm_scoes,sortorder
mdl_scorm_scoes_data,value
mdl_scorm_scoes_track,timemodified
mdl_scorm_seq_mapinfo,writenormalizedmeasure
mdl_scorm_seq_objective,minnormalizedmeasure
mdl_scorm_seq_rolluprule,action
mdl_scorm_seq_rolluprulecond,cond
mdl_scorm_seq_rulecond,cond
mdl_scorm_seq_ruleconds,action
mdl_search_index_requests,indexpriority
mdl_search_simpledb_index,description2
mdl_sessions,lastip
mdl_shorturldemux_courses,path
mdl_shorturldemux_links,link
mdl_stats_daily,stat2
mdl_stats_monthly,stat2
mdl_stats_user_daily,stattype
mdl_stats_user_monthly,stattype
mdl_stats_user_weekly,stattype
mdl_stats_weekly,stat2
mdl_survey,completionsubmit
mdl_survey_analysis,notes
mdl_survey_answers,answer2
mdl_survey_questions,options
mdl_tag,timemodified
mdl_tag_area,multiplecontexts
mdl_tag_coll,customurl
mdl_tag_correlation,correlatedtags
mdl_tag_instance,timemodified
mdl_task_adhoc,pid
mdl_task_log,pid
mdl_task_scheduled,pid
mdl_tiny_autosave,timemodified
mdl_tool_brickfield_areas,categoryid
mdl_tool_brickfield_cache_acts,errorcount
mdl_tool_brickfield_cache_check,errorcount
mdl_tool_brickfield_checks,severity
mdl_tool_brickfield_content,timechecked
mdl_tool_brickfield_errors,htmlcode
mdl_tool_brickfield_process,timecompleted
mdl_tool_brickfield_results,errorcount
mdl_tool_brickfield_schedule,timemodified
mdl_tool_brickfield_summary,percentchecktype7
mdl_tool_cohortroles,usermodified
mdl_tool_customlang,modified
mdl_tool_customlang_components,version
mdl_tool_dataprivacy_category,timemodified
mdl_tool_dataprivacy_ctxexpired,timemodified
mdl_tool_dataprivacy_ctxinstance,timemodified
mdl_tool_dataprivacy_ctxlevel,timemodified
mdl_tool_dataprivacy_purpose,timemodified
mdl_tool_dataprivacy_purposerole,timemodified
mdl_tool_dataprivacy_request,creationmethod
mdl_tool_monitor_events,timecreated
mdl_tool_monitor_history,timesent
mdl_tool_monitor_rules,timecreated
mdl_tool_monitor_subscriptions,inactivedate
mdl_tool_policy,currentversionid
mdl_tool_policy_acceptances,note
mdl_tool_policy_versions,contentformat
mdl_tool_recyclebin_category,timecreated
mdl_tool_recyclebin_course,timecreated
mdl_tool_usertours_steps,configdata
mdl_tool_usertours_tours,displaystepnumbers
mdl_upgrade_log,timemodified
mdl_url,timemodified
mdl_user,moodlenetprofile
mdl_user_devices,timemodified
mdl_user_enrolments,timemodified
mdl_user_info_category,sortorder
mdl_user_info_data,dataformat
mdl_user_info_field,param5
mdl_user_lastaccess,timeaccess
mdl_user_password_history,timecreated
mdl_user_password_resets,token
mdl_user_preferences,value
mdl_user_private_key,timecreated
mdl_wiki,editend
mdl_wiki_links,tomissingpage
mdl_wiki_locks,lockedat
mdl_wiki_pages,readonly
mdl_wiki_subwikis,userid
mdl_wiki_synonyms,pagesynonym
mdl_wiki_versions,userid
mdl_workshop,overallfeedbackmaxbytes
mdl_workshopallocation_scheduled,resultlog
mdl_workshopeval_best_settings,comparison
mdl_workshopform_accumulative,weight
mdl_workshopform_comments,descriptionformat
mdl_workshopform_numerrors,weight
mdl_workshopform_numerrors_map,grade
mdl_workshopform_rubric,descriptionformat
mdl_workshopform_rubric_config,layout
mdl_workshopform_rubric_levels,definitionformat
mdl_workshop_aggregations,timegraded
mdl_workshop_assessments,feedbackreviewerformat
mdl_workshop_grades,peercommentformat
mdl_workshop_submissions,late
mdl_xapi_states,timemodified
