1;1;mod;chat;0
2;1;mod;data;0
3;1;mod;lti;0
4;1;mod;imscp;0
5;1;mod;lesson;0
6;1;mod;scorm;0
7;1;mod;survey;0
8;1;mod;wiki;0
9;1;mod;workshop;0
10;1;availability;grouping;0
11;1;availability;profile;0
12;1;block;activity_modules;0
13;1;block;blog_menu;0
14;1;block;blog_tags;0
15;1;block;comments;0
16;1;block;completionstatus;0
17;1;block;course_summary;0
18;1;block;course_list;0
19;1;block;tag_flickr;0
20;1;block;globalsearch;0
21;1;block;badges;0
22;1;block;lp;0
23;1;block;myprofile;0
24;1;block;login;0
25;1;block;site_main_menu;0
26;1;block;mentees;0
27;1;block;mnet_hosts;0
28;1;block;private_files;0
29;1;block;blog_recent;0
30;1;block;rss_client;0
31;1;block;search_forums;0
32;1;block;section_links;0
33;1;block;selfcompletion;0
34;1;block;social_activities;0
35;1;block;tags;0
36;1;block;tag_youtube;0
37;1;block;feedback;0
38;1;block;online_users;0
39;1;block;recentlyaccessedcourses;0
40;1;block;starredcourses;0
41;1;format;social;0
42;1;dataformat;json;0
43;1;enrol;cohort;0
44;1;enrol;guest;0
45;1;filter;mathjaxloader;-9999
46;1;filter;activitynames;-9999
47;1;qbehaviour;adaptivenopenalty;0
48;1;qbehaviour;deferredcbm;0
49;1;qbehaviour;immediatecbm;0
50;1;qtype;calculated;0
51;1;qtype;calculatedmulti;0
52;1;qtype;calculatedsimple;0
53;1;qtype;ddmarker;0
54;1;qtype;ddimageortext;0
55;1;qtype;multianswer;0
56;1;qtype;numerical;0
57;1;qtype;randomsamatch;0
58;1;repository;local;0
59;1;repository;url;0
60;1;repository;wikimedia;0
61;2;mod;chat;1
62;2;mod;data;1
63;2;mod;lti;1
64;2;mod;imscp;1
65;2;mod;lesson;1
66;2;mod;scorm;1
67;2;mod;survey;1
68;2;mod;wiki;1
69;2;mod;workshop;1
70;2;availability;grouping;1
71;2;availability;profile;1
72;2;block;activity_modules;1
73;2;block;blog_menu;1
74;2;block;blog_tags;1
75;2;block;comments;1
76;2;block;completionstatus;1
77;2;block;course_list;1
78;2;block;tag_flickr;1
79;2;block;globalsearch;1
80;2;block;badges;1
81;2;block;lp;1
82;2;block;myprofile;1
83;2;block;login;1
84;2;block;site_main_menu;1
85;2;block;mentees;1
86;2;block;mnet_hosts;1
87;2;block;private_files;1
88;2;block;blog_recent;1
89;2;block;search_forums;1
90;2;block;section_links;1
91;2;block;social_activities;1
92;2;block;tags;1
93;2;block;online_users;1
94;2;block;recentlyaccessedcourses;1
95;2;block;starredcourses;1
96;2;format;social;1
97;2;dataformat;json;1
98;2;enrol;cohort;1
99;2;enrol;guest;1
100;2;filter;mathjaxloader;1
101;2;filter;activitynames;1
102;2;qbehaviour;adaptivenopenalty;1
103;2;qbehaviour;deferredcbm;1
104;2;qbehaviour;immediatecbm;1
105;2;qtype;calculated;1
106;2;qtype;calculatedmulti;1
107;2;qtype;calculatedsimple;1
108;2;qtype;ddmarker;1
109;2;qtype;ddimageortext;1
110;2;qtype;multianswer;1
111;2;qtype;numerical;1
112;2;qtype;randomsamatch;1
113;2;repository;local;1
114;2;repository;url;1
115;2;repository;wikimedia;1
