1;newlogin;moodle;
2;notices;moodle;moodle/site:config
3;errors;moodle;moodle/site:config
4;availableupdate;moodle;moodle/site:config
5;instantmessage;moodle;
6;backup;moodle;moodle/site:config
7;courserequested;moodle;moodle/site:approvecourse
8;courserequestapproved;moodle;moodle/course:request
9;courserequestrejected;moodle;moodle/course:request
10;coursecompleted;moodle;
11;coursecontentupdated;moodle;
12;badgerecipientnotice;moodle;moodle/badges:earnbadge
13;badgecreatornotice;moodle;
14;competencyplancomment;moodle;
15;competencyusercompcomment;moodle;
16;insights;moodle;
17;messagecontactrequests;moodle;
18;asyncbackupnotification;moodle;
19;gradenotifications;moodle;
20;infected;moodle;moodle/site:config
21;reportbuilderschedule;moodle;
22;assign_notification;mod_assign;
23;recording_ready;mod_bigbluebuttonbn;
24;instance_updated;mod_bigbluebuttonbn;
25;submission;mod_feedback;
26;message;mod_feedback;
27;posts;mod_forum;
28;digests;mod_forum;
29;graded_essay;mod_lesson;
30;submission;mod_quiz;mod/quiz:emailnotifysubmission
31;confirmation;mod_quiz;mod/quiz:emailconfirmsubmission
32;attempt_overdue;mod_quiz;mod/quiz:emailwarnoverdue
33;attempt_grading_complete;mod_quiz;mod/quiz:emailnotifyattemptgraded
34;flatfile_enrolment;enrol_flatfile;
35;imsenterprise_enrolment;enrol_imsenterprise;
36;expiry_notification;enrol_manual;
37;paypal_enrolment;enrol_paypal;
38;expiry_notification;enrol_self;
39;contactdataprotectionofficer;tool_dataprivacy;tool/dataprivacy:managedatarequests
40;datarequestprocessingresults;tool_dataprivacy;
41;notifyexceptions;tool_dataprivacy;tool/dataprivacy:managedatarequests
42;invalidrecipienthandler;tool_messageinbound;
43;messageprocessingerror;tool_messageinbound;
44;messageprocessingsuccess;tool_messageinbound;
45;notification;tool_monitor;tool/monitor:subscribe
