1;0;1685508997;;enableuserfeedback;0;
2;0;1685508997;;userfeedback_nextreminder;1;
3;0;1685508997;;userfeedback_remindafter;90;
4;0;1685508997;;enableoutcomes;0;
5;0;1685508997;;usecomments;1;
6;0;1685508997;;usetags;1;
7;0;1685508997;;enablenotes;1;
8;0;1685508997;;enableportfolios;0;
9;0;1685508997;;enablewebservices;0;
10;0;1685508997;;enablestats;0;
11;0;1685508997;;enablerssfeeds;0;
12;0;1685508997;;enableblogs;1;
13;0;1685508998;;enablecompletion;1;
14;0;1685508998;;completiondefault;1;
15;0;1685508998;;enableavailability;1;
16;0;1685508998;;enableplagiarism;0;
17;0;1685508998;;enablebadges;1;
18;0;1685508998;;enableglobalsearch;0;
19;0;1685508998;;allowstealth;0;
20;0;1685508998;;enableanalytics;1;
21;0;1685508998;core_competency;enabled;1;
22;0;1685508998;;messaging;1;
23;0;1685508998;;enablecustomreports;1;
24;0;1685508998;;allowemojipicker;1;
25;0;1685508998;;userfiltersdefault;realname;
26;0;1685508998;;defaultpreference_maildisplay;2;
27;0;1685508998;;defaultpreference_mailformat;1;
28;0;1685508998;;defaultpreference_maildigest;0;
29;0;1685508998;;defaultpreference_autosubscribe;1;
30;0;1685508998;;defaultpreference_trackforums;0;
31;0;1685508998;;defaultpreference_core_contentbank_visibility;1;
32;0;1685508998;;enroladminnewcourse;1;
33;0;1685508998;;autologinguests;0;
34;0;1685508998;;hiddenuserfields;;
35;0;1685508998;;showuseridentity;email;
36;0;1685508998;;fullnamedisplay;language;
37;0;1685508998;;alternativefullnameformat;language;
38;0;1685508998;;maxusersperpage;100;
39;0;1685508998;;enablegravatar;0;
40;0;1685508998;;gravatardefaulturl;mm;
41;0;1685508998;;agedigitalconsentverification;0;
42;0;1685508999;;agedigitalconsentmap;"*, 16
AT, 14
BE, 13
BG, 14
CY, 14
CZ, 15
DK, 13
EE, 13
ES, 14
FI, 13
FR, 15
GB, 13
GR, 15
IT, 14
LT, 14
LV, 13
MT, 13
NO, 13
PT, 13
SE, 13
US, 13";
43;0;1685508999;;sitepolicy;;
44;0;1685508999;;sitepolicyguest;;
45;0;1685508999;moodlecourse;visible;1;
46;0;1685508999;moodlecourse;downloadcontentsitedefault;0;
47;0;1685508999;moodlecourse;participantsperpage;20;
48;0;1685508999;moodlecourse;format;topics;
49;0;1685508999;moodlecourse;maxsections;52;
50;0;1685508999;moodlecourse;numsections;4;
51;0;1685508999;moodlecourse;hiddensections;1;
52;0;1685508999;moodlecourse;coursedisplay;0;
53;0;1685508999;moodlecourse;courseenddateenabled;1;
54;0;1685508999;moodlecourse;courseduration;31536000;
55;0;1685508999;moodlecourse;lang;;
56;0;1685508999;moodlecourse;newsitems;5;
57;0;1685508999;moodlecourse;showgrades;1;
58;0;1685508999;moodlecourse;showreports;0;
59;0;1685508999;moodlecourse;showactivitydates;1;
60;0;1685508999;moodlecourse;maxbytes;0;
61;0;1685508999;moodlecourse;enablecompletion;1;
62;0;1685508999;moodlecourse;showcompletionconditions;1;
63;0;1685508999;moodlecourse;groupmode;0;
64;0;1685508999;moodlecourse;groupmodeforce;0;
65;0;1685508999;;downloadcoursecontentallowed;0;
66;0;1685508999;;maxsizeperdownloadcoursefile;52428800;
67;0;1685508999;;enablecourserequests;1;
68;0;1685508999;;defaultrequestcategory;1;
69;0;1685508999;;lockrequestcategory;0;
70;0;1685508999;;courserequestnotify;;
71;0;1685509000;;activitychoosertabmode;3;
72;0;1685509000;;activitychooseractivefooter;hidden;
73;0;1685509000;backup;loglifetime;30;
74;0;1685509000;backup;backup_general_users;1;
75;0;1685509000;backup;backup_general_users_locked;;
76;0;1685509000;backup;backup_general_anonymize;0;
77;0;1685509000;backup;backup_general_anonymize_locked;;
78;0;1685509000;backup;backup_general_role_assignments;1;
79;0;1685509000;backup;backup_general_role_assignments_locked;;
80;0;1685509000;backup;backup_general_activities;1;
81;0;1685509000;backup;backup_general_activities_locked;;
82;0;1685509000;backup;backup_general_blocks;1;
83;0;1685509000;backup;backup_general_blocks_locked;;
84;0;1685509000;backup;backup_general_files;1;
85;0;1685509000;backup;backup_general_files_locked;;
86;0;1685509000;backup;backup_general_filters;1;
87;0;1685509000;backup;backup_general_filters_locked;;
88;0;1685509000;backup;backup_general_comments;1;
89;0;1685509000;backup;backup_general_comments_locked;;
90;0;1685509000;backup;backup_general_badges;1;
91;0;1685509000;backup;backup_general_badges_locked;;
92;0;1685509000;backup;backup_general_calendarevents;1;
93;0;1685509000;backup;backup_general_calendarevents_locked;;
94;0;1685509000;backup;backup_general_userscompletion;1;
95;0;1685509000;backup;backup_general_userscompletion_locked;;
96;0;1685509000;backup;backup_general_logs;0;
97;0;1685509000;backup;backup_general_logs_locked;;
98;0;1685509000;backup;backup_general_histories;0;
99;0;1685509000;backup;backup_general_histories_locked;;
100;0;1685509000;backup;backup_general_questionbank;1;
101;0;1685509000;backup;backup_general_questionbank_locked;;
102;0;1685509000;backup;backup_general_groups;1;
103;0;1685509001;backup;backup_general_groups_locked;;
104;0;1685509001;backup;backup_general_competencies;1;
105;0;1685509001;backup;backup_general_competencies_locked;;
106;0;1685509001;backup;backup_general_contentbankcontent;1;
107;0;1685509001;backup;backup_general_contentbankcontent_locked;;
108;0;1685509001;backup;backup_general_xapistate;1;
109;0;1685509001;backup;backup_general_xapistate_locked;;
110;0;1685509001;backup;backup_general_legacyfiles;1;
111;0;1685509001;backup;backup_general_legacyfiles_locked;;
112;0;1685509001;backup;import_general_maxresults;10;
113;0;1685509001;backup;import_general_duplicate_admin_allowed;0;
114;0;1685509001;backup;backup_import_permissions;0;
115;0;1685509001;backup;backup_import_permissions_locked;;
116;0;1685509001;backup;backup_import_activities;1;
117;0;1685509001;backup;backup_import_activities_locked;;
118;0;1685509001;backup;backup_import_blocks;1;
119;0;1685509001;backup;backup_import_blocks_locked;;
120;0;1685509001;backup;backup_import_filters;1;
121;0;1685509001;backup;backup_import_filters_locked;;
122;0;1685509001;backup;backup_import_calendarevents;1;
123;0;1685509001;backup;backup_import_calendarevents_locked;;
124;0;1685509001;backup;backup_import_questionbank;1;
125;0;1685509001;backup;backup_import_questionbank_locked;;
126;0;1685509001;backup;backup_import_groups;1;
127;0;1685509001;backup;backup_import_groups_locked;;
128;0;1685509001;backup;backup_import_competencies;1;
129;0;1685509001;backup;backup_import_competencies_locked;;
130;0;1685509001;backup;backup_import_contentbankcontent;1;
131;0;1685509001;backup;backup_import_contentbankcontent_locked;;
132;0;1685509001;backup;backup_import_legacyfiles;1;
133;0;1685509001;backup;backup_import_legacyfiles_locked;;
134;0;1685509001;backup;backup_auto_active;0;
135;0;1685509001;backup;backup_auto_weekdays;0000000;
136;0;1685509001;backup;backup_auto_hour;0;
137;0;1685509002;backup;backup_auto_minute;0;
138;0;1685509002;backup;backup_auto_storage;0;
139;0;1685509002;backup;backup_auto_destination;;
140;0;1685509002;backup;backup_auto_max_kept;1;
141;0;1685509002;backup;backup_auto_delete_days;0;
142;0;1685509002;backup;backup_auto_min_kept;0;
143;0;1685509002;backup;backup_shortname;0;
144;0;1685509002;backup;backup_auto_skip_hidden;1;
145;0;1685509002;backup;backup_auto_skip_modif_days;30;
146;0;1685509002;backup;backup_auto_skip_modif_prev;0;
147;0;1685509002;backup;backup_auto_users;1;
148;0;1685509002;backup;backup_auto_role_assignments;1;
149;0;1685509002;backup;backup_auto_activities;1;
150;0;1685509002;backup;backup_auto_blocks;1;
151;0;1685509002;backup;backup_auto_files;1;
152;0;1685509002;backup;backup_auto_filters;1;
153;0;1685509002;backup;backup_auto_comments;1;
154;0;1685509002;backup;backup_auto_badges;1;
155;0;1685509002;backup;backup_auto_calendarevents;1;
156;0;1685509002;backup;backup_auto_userscompletion;1;
157;0;1685509002;backup;backup_auto_logs;0;
158;0;1685509002;backup;backup_auto_histories;0;
159;0;1685509002;backup;backup_auto_questionbank;1;
160;0;1685509002;backup;backup_auto_groups;1;
161;0;1685509002;backup;backup_auto_competencies;1;
162;0;1685509002;backup;backup_auto_contentbankcontent;1;
163;0;1685509002;backup;backup_auto_xapistate;1;
164;0;1685509002;backup;backup_auto_legacyfiles;1;
165;0;1685509002;restore;restore_general_users;1;
166;0;1685509002;restore;restore_general_users_locked;;
167;0;1685509003;restore;restore_general_enrolments;1;
168;0;1685509003;restore;restore_general_enrolments_locked;;
169;0;1685509003;restore;restore_general_role_assignments;1;
170;0;1685509003;restore;restore_general_role_assignments_locked;;
171;0;1685509003;restore;restore_general_permissions;1;
172;0;1685509003;restore;restore_general_permissions_locked;;
173;0;1685509003;restore;restore_general_activities;1;
174;0;1685509003;restore;restore_general_activities_locked;;
175;0;1685509003;restore;restore_general_blocks;1;
176;0;1685509003;restore;restore_general_blocks_locked;;
177;0;1685509003;restore;restore_general_filters;1;
178;0;1685509003;restore;restore_general_filters_locked;;
179;0;1685509003;restore;restore_general_comments;1;
180;0;1685509003;restore;restore_general_comments_locked;;
181;0;1685509003;restore;restore_general_badges;1;
182;0;1685509003;restore;restore_general_badges_locked;;
183;0;1685509003;restore;restore_general_calendarevents;1;
184;0;1685509003;restore;restore_general_calendarevents_locked;;
185;0;1685509003;restore;restore_general_userscompletion;1;
186;0;1685509003;restore;restore_general_userscompletion_locked;;
187;0;1685509003;restore;restore_general_logs;1;
188;0;1685509003;restore;restore_general_logs_locked;;
189;0;1685509003;restore;restore_general_histories;1;
190;0;1685509003;restore;restore_general_histories_locked;;
191;0;1685509003;restore;restore_general_groups;1;
192;0;1685509003;restore;restore_general_groups_locked;;
193;0;1685509003;restore;restore_general_competencies;1;
194;0;1685509003;restore;restore_general_competencies_locked;;
195;0;1685509003;restore;restore_general_contentbankcontent;1;
196;0;1685509003;restore;restore_general_contentbankcontent_locked;;
197;0;1685509003;restore;restore_general_xapistate;1;
198;0;1685509003;restore;restore_general_xapistate_locked;;
199;0;1685509003;restore;restore_general_legacyfiles;1;
200;0;1685509003;restore;restore_general_legacyfiles_locked;;
201;0;1685509003;restore;restore_merge_overwrite_conf;0;
202;0;1685509003;restore;restore_merge_overwrite_conf_locked;;
203;0;1685509004;restore;restore_merge_course_fullname;1;
204;0;1685509004;restore;restore_merge_course_fullname_locked;;
205;0;1685509004;restore;restore_merge_course_shortname;1;
206;0;1685509004;restore;restore_merge_course_shortname_locked;;
207;0;1685509004;restore;restore_merge_course_startdate;1;
208;0;1685509004;restore;restore_merge_course_startdate_locked;;
209;0;1685509004;restore;restore_replace_overwrite_conf;0;
210;0;1685509004;restore;restore_replace_overwrite_conf_locked;;
211;0;1685509004;restore;restore_replace_course_fullname;1;
212;0;1685509004;restore;restore_replace_course_fullname_locked;;
213;0;1685509004;restore;restore_replace_course_shortname;1;
214;0;1685509004;restore;restore_replace_course_shortname_locked;;
215;0;1685509004;restore;restore_replace_course_startdate;1;
216;0;1685509004;restore;restore_replace_course_startdate_locked;;
217;0;1685509004;restore;restore_replace_keep_roles_and_enrolments;0;
218;0;1685509004;restore;restore_replace_keep_roles_and_enrolments_locked;;
219;0;1685509004;restore;restore_replace_keep_groups_and_groupings;0;
220;0;1685509004;restore;restore_replace_keep_groups_and_groupings_locked;;
221;0;1685509004;;enableasyncbackup;0;
222;0;1685509004;backup;backup_async_message_users;0;
223;0;1685509004;backup;backup_async_message_subject;"Moodle {operation} completed successfully";
224;0;1685509004;backup;backup_async_message;"Your {operation} (ID: {backupid}) has completed successfully. You can access it here: <a href=""{link}"">{link}</a>.";
225;0;1685509004;;grade_profilereport;user;
226;0;1685509004;;grade_aggregationposition;1;
227;0;1685509004;;grade_includescalesinaggregation;1;
228;0;1685509004;;grade_hiddenasdate;0;
229;0;1685509004;;gradepublishing;0;
230;0;1685509004;;grade_export_exportfeedback;0;
231;0;1685509004;;grade_export_displaytype;1;
232;0;1685509004;;grade_export_decimalpoints;2;
233;0;1685509004;;grade_export_userprofilefields;firstname,lastname,idnumber,institution,department,email;
234;0;1685509004;;grade_export_customprofilefields;;
235;0;1685509004;;recovergradesdefault;0;
236;0;1685509005;;gradeexport;;
237;0;1685509005;;unlimitedgrades;0;
238;0;1685509005;;grade_report_showmin;1;
239;0;1685509005;;gradepointmax;100;
240;0;1685509005;;gradepointdefault;100;
241;0;1685509005;;grade_minmaxtouse;1;
242;0;1685509005;;grade_mygrades_report;overview;
243;0;1685509005;;gradereport_mygradeurl;;
244;0;1685509005;;grade_hideforcedsettings;1;
245;0;1685509005;;grade_aggregation;13;
246;0;1685509005;;grade_aggregation_flag;0;
247;0;1685509005;;grade_aggregations_visible;13;
248;0;1685509005;;grade_aggregateonlygraded;1;
249;0;1685509005;;grade_aggregateonlygraded_flag;2;
250;0;1685509005;;grade_aggregateoutcomes;0;
251;0;1685509005;;grade_aggregateoutcomes_flag;2;
252;0;1685509005;;grade_keephigh;0;
253;0;1685509005;;grade_keephigh_flag;3;
254;0;1685509005;;grade_droplow;0;
255;0;1685509005;;grade_droplow_flag;2;
256;0;1685509005;;grade_overridecat;1;
257;0;1685509005;;grade_displaytype;1;
258;0;1685509005;;grade_decimalpoints;2;
259;0;1685509005;;grade_item_advanced;iteminfo,idnumber,gradepass,plusfactor,multfactor,display,decimals,hiddenuntil,locktime;
260;0;1685509005;;grade_report_showonlyactiveenrol;1;
261;0;1685509005;;grade_report_quickgrading;1;
262;0;1685509005;;grade_report_meanselection;1;
263;0;1685509005;;grade_report_showaverages;1;
264;0;1685509005;;grade_report_showranges;0;
265;0;1685509005;;grade_report_showuserimage;1;
266;0;1685509005;;grade_report_shownumberofgrades;0;
267;0;1685509005;;grade_report_averagesdisplaytype;inherit;
268;0;1685509005;;grade_report_rangesdisplaytype;inherit;
269;0;1685509006;;grade_report_averagesdecimalpoints;inherit;
270;0;1685509006;;grade_report_rangesdecimalpoints;inherit;
271;0;1685509006;;grade_report_historyperpage;50;
272;0;1685509006;;grade_report_overview_showrank;0;
273;0;1685509006;;grade_report_overview_showtotalsifcontainhidden;0;
274;0;1685509006;;grade_report_user_showrank;0;
275;0;1685509006;;grade_report_user_showpercentage;1;
276;0;1685509006;;grade_report_user_showgrade;1;
277;0;1685509006;;grade_report_user_showfeedback;1;
278;0;1685509006;;grade_report_user_showrange;1;
279;0;1685509006;;grade_report_user_showweight;1;
280;0;1685509006;;grade_report_user_showaverage;0;
281;0;1685509006;;grade_report_user_showlettergrade;0;
282;0;1685509006;;grade_report_user_rangedecimals;0;
283;0;1685509006;;grade_report_user_showhiddenitems;1;
284;0;1685509006;;grade_report_user_showtotalsifcontainhidden;0;
285;0;1685509006;;grade_report_user_showcontributiontocoursetotal;1;
286;0;1685509006;analytics;modeinstruction;;
287;0;1685509006;analytics;percentonline;0;
288;0;1685509006;analytics;typeinstitution;;
289;0;1685509006;analytics;levelinstitution;;
290;0;1685509006;analytics;predictionsprocessor;"\mlbackend_php\processor";
291;0;1685509006;analytics;defaulttimesplittingsevaluation;"\core\analytics\time_splitting\quarters_accum,\core\analytics\time_splitting\quarters,\core\analytics\time_splitting\single_range";
292;0;1685509006;analytics;modeloutputdir;;
293;0;1685509006;analytics;onlycli;1;
294;0;1685509006;analytics;modeltimelimit;1200;
295;0;1685509006;analytics;calclifetime;35;
296;0;1685509006;;badges_defaultissuername;;
297;0;1685509006;;badges_defaultissuercontact;;
298;0;1685509006;;badges_badgesalt;badges1685508969;
299;0;1685509006;;badges_allowcoursebadges;1;
300;0;1685509006;;badges_allowexternalbackpack;1;
301;0;1685509006;;rememberuserlicensepref;1;
302;0;1685509007;;timezone;Europe/Berlin;
303;0;1685509008;;forcetimezone;99;
304;0;1685509008;;country;0;
305;0;1685509008;;defaultcity;;
306;0;1685509008;;geoip2file;"C:\xampp\moodledata/geoip/GeoLite2-City.mmdb";
307;0;1685509008;;googlemapkey3;;
308;0;1685509008;;allcountrycodes;;
309;0;1685509008;;autolang;1;
310;0;1685509008;;lang;en;
311;0;1685509008;;autolangusercreation;1;
312;0;1685509008;;langmenu;1;
313;0;1685509008;;langlist;;
314;0;1685509008;;langcache;1;
315;0;1685509008;;langstringcache;1;
316;0;1685509008;;locale;;
317;0;1685509008;;latinexcelexport;0;
318;0;1685509009;;enablepdfexportfont;0;
319;0;1685509009;;messagingallusers;0;
320;0;1685509009;;messagingdefaultpressenter;1;
321;0;1685509009;;messagingdeletereadnotificationsdelay;604800;
322;0;1685509009;;messagingdeleteallnotificationsdelay;2620800;
323;0;1685509009;;messagingallowemailoverride;0;
324;0;1685509009;;requiremodintro;0;
325;0;1685509009;antivirus;notifyemail;;
326;0;1685509009;antivirus;notifylevel;2;
327;0;1685509009;antivirus;threshold;1200;
328;0;1685509009;antivirus;enablequarantine;0;
329;0;1685509009;antivirus;quarantinetime;2419200;
330;0;1685509009;;registerauth;;
331;0;1685509009;;authloginviaemail;0;
332;0;1685509009;;allowaccountssameemail;0;
333;0;1685509009;;authpreventaccountcreation;0;
334;0;1685509009;;loginpageautofocus;0;
335;0;1685509009;;guestloginbutton;1;
336;0;1685509009;;limitconcurrentlogins;0;
337;0;1685509009;;alternateloginurl;;
338;0;1685509009;;forgottenpasswordurl;;
339;0;1685509009;;auth_instructions;;
340;0;1685509009;;allowemailaddresses;;
341;0;1685509009;;denyemailaddresses;;
342;0;1685509009;;verifychangedemail;1;
343;0;1685509009;;recaptchapublickey;;
344;0;1685509009;;recaptchaprivatekey;;
345;0;1685509009;cachestore_apcu;testperformance;0;
346;0;1685509009;cachestore_redis;test_server;;
347;0;1685509010;cachestore_redis;test_password;;
348;0;1685509010;cachestore_redis;test_ttl;0;
349;0;1685509010;;filteruploadedfiles;0;
350;0;1685509010;;filtermatchoneperpage;0;
351;0;1685509010;;filtermatchonepertext;0;
352;0;1685509010;;filternavigationwithsystemcontext;0;
353;0;1685509010;;media_default_width;640;
354;0;1685509010;;media_default_height;360;
355;0;1685509010;;portfolio_moderate_filesize_threshold;1048576;
356;0;1685509010;;portfolio_high_filesize_threshold;5242880;
357;0;1685509010;;portfolio_moderate_db_threshold;20;
358;0;1685509010;;portfolio_high_db_threshold;50;
359;0;1685509010;question_preview;behaviour;deferredfeedback;
360;0;1685509010;question_preview;correctness;1;
361;0;1685509010;question_preview;marks;2;
362;0;1685509010;question_preview;markdp;2;
363;0;1685509010;question_preview;feedback;1;
364;0;1685509010;question_preview;generalfeedback;1;
365;0;1685509010;question_preview;rightanswer;1;
366;0;1685509010;question_preview;history;0;
367;0;1685509010;;repositorycacheexpire;120;
368;0;1685509010;;repositorygetfiletimeout;30;
369;0;1685509010;;repositorysyncfiletimeout;1;
370;0;1685509010;;repositorysyncimagetimeout;3;
371;0;1685509010;;repositoryallowexternallinks;1;
372;0;1685509010;;legacyfilesinnewcourses;0;
373;0;1685509010;;legacyfilesaddallowed;1;
374;0;1685509010;;searchengine;simpledb;
375;0;1685509010;;searchindexwhendisabled;0;
376;0;1685509011;;searchindextime;600;
377;0;1685509011;;searchallavailablecourses;0;
378;0;1685509011;;searchincludeallcourses;0;
379;0;1685509011;;searchenablecategories;0;
380;0;1685509011;;searchdefaultcategory;core-all;
381;0;1685509011;;searchhideallcategory;0;
382;0;1685509011;;searchmaxtopresults;3;
383;0;1685509011;;searchteacherroles;;
384;0;1685509011;;searchenginequeryonly;;
385;0;1685509011;;searchbannerenable;0;
386;0;1685509011;;searchbanner;;
387;0;1685509011;;allowbeforeblock;0;
388;0;1685509011;;allowedip;;
389;0;1685509011;;blockedip;;
390;0;1685509011;;protectusernames;1;
391;0;1685509011;;forcelogin;0;
392;0;1685509011;;forceloginforprofiles;1;
393;0;1685509011;;forceloginforprofileimage;0;
394;0;1685509011;;opentowebcrawlers;0;
395;0;1685509011;;allowindexing;0;
396;0;1685509011;;maxbytes;0;
397;0;1685509011;;userquota;104857600;
398;0;1685509011;;allowobjectembed;0;
399;0;1685509011;;enabletrusttext;0;
400;0;1685509011;;maxeditingtime;1800;
401;0;1685509011;;extendedusernamechars;0;
402;0;1685509011;;keeptagnamecase;1;
403;0;1685509011;;profilesforenrolledusersonly;1;
404;0;1685509012;;cronclionly;1;
405;0;1685509012;;cronremotepassword;;
406;0;1685509012;tool_task;enablerunnow;1;
407;0;1685509012;;lockoutthreshold;0;
408;0;1685509012;;lockoutwindow;1800;
409;0;1685509012;;lockoutduration;1800;
410;0;1685509012;;passwordpolicy;1;
411;0;1685509012;;minpasswordlength;8;
412;0;1685509012;;minpassworddigits;1;
413;0;1685509012;;minpasswordlower;1;
414;0;1685509012;;minpasswordupper;1;
415;0;1685509012;;minpasswordnonalphanum;1;
416;0;1685509012;;maxconsecutiveidentchars;0;
417;0;1685509012;;passwordpolicycheckonlogin;0;
418;0;1685509012;;passwordreuselimit;0;
419;0;1685509012;;pwresettime;1800;
420;0;1685509012;;passwordchangelogout;0;
421;0;1685509012;;passwordchangetokendeletion;0;
422;0;1685509012;;tokenduration;7257600;
423;0;1685509012;;groupenrolmentkeypolicy;1;
424;0;1685509012;;disableuserimages;0;
425;0;1685509012;;emailchangeconfirmation;1;
426;0;1685509012;;rememberusername;2;
427;0;1685509012;;strictformsrequired;0;
428;0;1685509013;adminpresets;sensiblesettings;"recaptchapublickey@@none, recaptchaprivatekey@@none, googlemapkey3@@none, secretphrase@@url, cronremotepassword@@none, smtpuser@@none, smtppass@none, proxypassword@@none, quizpassword@@quiz, allowedip@@none, blockedip@@none, dbpass@@logstore_database, messageinbound_hostpass@@none, bind_pw@@auth_cas, pass@@auth_db, bind_pw@@auth_ldap, dbpass@@enrol_database, bind_pw@@enrol_ldap, server_password@@search_solr, ssl_keypassword@@search_solr, alternateserver_password@@search_solr, alternatessl_keypassword@@search_solr, test_password@@cachestore_redis, password@@mlbackend_python, badges_badgesalt@@none, calendar_exportsalt@@none";
429;0;1685509013;;cookiesecure;1;
430;0;1685509013;;cookiehttponly;0;
431;0;1685509013;;allowframembedding;0;
432;0;1685509013;;curlsecurityblockedhosts;"127.0.0.0/8
192.168.0.0/16
10.0.0.0/8
172.16.0.0/12
0.0.0.0
localhost
169.254.169.254
0000::1";
433;0;1685509013;;curlsecurityallowedport;"443
80";
434;0;1685509013;;referrerpolicy;default;
435;0;1685509013;;displayloginfailures;0;
436;0;1685509013;;notifyloginfailures;;
437;0;1685509013;;notifyloginthreshold;10;
438;0;1685509013;;themelist;;
439;0;1685509013;;themedesignermode;0;
440;0;1685509013;;allowuserthemes;0;
441;0;1685509013;;allowcoursethemes;0;
442;0;1685509013;;allowcategorythemes;0;
443;0;1685509013;;allowcohortthemes;0;
444;0;1685509013;;allowthemechangeonurl;0;
445;0;1685509013;;allowuserblockhiding;1;
446;0;1685509013;;langmenuinsecurelayout;0;
447;0;1685509013;;logininfoinsecurelayout;0;
448;0;1685509013;;custommenuitems;;
449;0;1685509013;;customusermenuitems;"profile,moodle|/user/profile.php
grades,grades|/grade/report/mygrades.php
calendar,core_calendar|/calendar/view.php?view=month
privatefiles,moodle|/user/files.php
reports,core_reportbuilder|/reportbuilder/index.php";
450;0;1685509013;;enabledevicedetection;1;
451;0;1685509013;;devicedetectregex;[];
452;0;1685509013;theme_boost;unaddableblocks;navigation,settings,course_list,section_links;
453;0;1685509013;theme_boost;preset;default.scss;
454;0;1685509013;theme_boost;presetfiles;;
455;0;1685509013;theme_boost;backgroundimage;;
456;0;1685509014;theme_boost;loginbackgroundimage;;
457;0;1685509014;theme_boost;brandcolor;;
458;0;1685509014;theme_boost;scsspre;;
459;0;1685509014;theme_boost;scss;;
460;0;1685509014;theme_classic;navbardark;0;
461;0;1685509014;theme_classic;unaddableblocks;;
462;0;1685509014;theme_classic;preset;default.scss;
463;0;1685509014;theme_classic;presetfiles;;
464;0;1685509014;theme_classic;backgroundimage;;
465;0;1685509014;theme_classic;loginbackgroundimage;;
466;0;1685509014;theme_classic;brandcolor;;
467;0;1685509014;theme_classic;scsspre;;
468;0;1685509014;theme_classic;scss;;
469;0;1685509014;core_admin;logo;;
470;0;1685509014;core_admin;logocompact;;
471;0;1685509014;core_admin;favicon;;
472;0;1685509014;core_admin;coursecolor1;#81ecec;
473;0;1685509014;core_admin;coursecolor2;#74b9ff;
474;0;1685509014;core_admin;coursecolor3;#a29bfe;
475;0;1685509014;core_admin;coursecolor4;#dfe6e9;
476;0;1685509014;core_admin;coursecolor5;#00b894;
477;0;1685509014;core_admin;coursecolor6;#0984e3;
478;0;1685509014;core_admin;coursecolor7;#b2bec3;
479;0;1685509014;core_admin;coursecolor8;#fdcb6e;
480;0;1685509014;core_admin;coursecolor9;#fd79a8;
481;0;1685509014;core_admin;coursecolor10;#6c5ce7;
482;0;1685509014;;calendartype;gregorian;
483;0;1685509014;;calendar_adminseesall;0;
484;0;1685509014;;calendar_site_timeformat;0;
485;0;1685509014;;calendar_startwday;1;
486;0;1685509014;;calendar_weekend;65;
487;0;1685509014;;calendar_lookahead;21;
488;0;1685509014;;calendar_maxevents;10;
489;0;1685509014;;enablecalendarexport;1;
490;0;1685509014;;calendar_customexport;1;
491;0;1685509015;;calendar_exportlookahead;365;
492;0;1685509015;;calendar_exportlookback;5;
493;0;1685509015;;calendar_exportsalt;UGyccWOaLmysLZFbfWgrfNq1q5ldRKhxIxfoXnINwCQuN38vCodFgoMIXpUu;
494;0;1685509015;;calendar_showicalsource;1;
495;0;1685509015;;useblogassociations;1;
496;0;1685509015;;bloglevel;4;
497;0;1685509015;;useexternalblogs;1;
498;0;1685509015;;externalblogcrontime;86400;
499;0;1685509015;;maxexternalblogsperuser;1;
500;0;1685509015;;blogusecomments;1;
501;0;1685509015;;blogshowcommentscount;1;
502;0;1685509015;;enabledashboard;1;
503;0;1685509015;;defaulthomepage;3;
504;0;1685509015;;navshowfullcoursenames;0;
505;0;1685509015;;navshowcategories;1;
506;0;1685509015;;navshowmycoursecategories;0;
507;0;1685509015;;navshowallcourses;0;
508;0;1685509015;;navsortmycoursessort;sortorder;
509;0;1685509015;;navsortmycourseshiddenlast;1;
510;0;1685509015;;navcourselimit;10;
511;0;1685509015;;usesitenameforsitepages;0;
512;0;1685509015;;linkadmincategories;1;
513;0;1685509015;;linkcoursesections;1;
514;0;1685509015;;navshowfrontpagemods;1;
515;0;1685509015;;navadduserpostslinks;1;
516;0;1685509015;;formatstringstriptags;1;
517;0;1685509015;;emoticons;"[{""text"":"":-)"",""imagename"":""s\/smiley"",""imagecomponent"":""core"",""altidentifier"":""smiley"",""altcomponent"":""core_pix""},{""text"":"":)"",""imagename"":""s\/smiley"",""imagecomponent"":""core"",""altidentifier"":""smiley"",""altcomponent"":""core_pix""},{""text"":"":-D"",""imagename"":""s\/biggrin"",""imagecomponent"":""core"",""altidentifier"":""biggrin"",""altcomponent"":""core_pix""},{""text"":"";-)"",""imagename"":""s\/wink"",""imagecomponent"":""core"",""altidentifier"":""wink"",""altcomponent"":""core_pix""},{""text"":"":-\/"",""imagename"":""s\/mixed"",""imagecomponent"":""core"",""altidentifier"":""mixed"",""altcomponent"":""core_pix""},{""text"":""V-."",""imagename"":""s\/thoughtful"",""imagecomponent"":""core"",""altidentifier"":""thoughtful"",""altcomponent"":""core_pix""},{""text"":"":-P"",""imagename"":""s\/tongueout"",""imagecomponent"":""core"",""altidentifier"":""tongueout"",""altcomponent"":""core_pix""},{""text"":"":-p"",""imagename"":""s\/tongueout"",""imagecomponent"":""core"",""altidentifier"":""tongueout"",""altcomponent"":""core_pix""},{""text"":""B-)"",""imagename"":""s\/cool"",""imagecomponent"":""core"",""altidentifier"":""cool"",""altcomponent"":""core_pix""},{""text"":""^-)"",""imagename"":""s\/approve"",""imagecomponent"":""core"",""altidentifier"":""approve"",""altcomponent"":""core_pix""},{""text"":""8-)"",""imagename"":""s\/wideeyes"",""imagecomponent"":""core"",""altidentifier"":""wideeyes"",""altcomponent"":""core_pix""},{""text"":"":o)"",""imagename"":""s\/clown"",""imagecomponent"":""core"",""altidentifier"":""clown"",""altcomponent"":""core_pix""},{""text"":"":-("",""imagename"":""s\/sad"",""imagecomponent"":""core"",""altidentifier"":""sad"",""altcomponent"":""core_pix""},{""text"":"":("",""imagename"":""s\/sad"",""imagecomponent"":""core"",""altidentifier"":""sad"",""altcomponent"":""core_pix""},{""text"":""8-."",""imagename"":""s\/shy"",""imagecomponent"":""core"",""altidentifier"":""shy"",""altcomponent"":""core_pix""},{""text"":"":-I"",""imagename"":""s\/blush"",""imagecomponent"":""core"",""altidentifier"":""blush"",""altcomponent"":""core_pix""},{""text"":"":-X"",""imagename"":""s\/kiss"",""imagecomponent"":""core"",""altidentifier"":""kiss"",""altcomponent"":""core_pix""},{""text"":""8-o"",""imagename"":""s\/surprise"",""imagecomponent"":""core"",""altidentifier"":""surprise"",""altcomponent"":""core_pix""},{""text"":""P-|"",""imagename"":""s\/blackeye"",""imagecomponent"":""core"",""altidentifier"":""blackeye"",""altcomponent"":""core_pix""},{""text"":""8-["",""imagename"":""s\/angry"",""imagecomponent"":""core"",""altidentifier"":""angry"",""altcomponent"":""core_pix""},{""text"":""(grr)"",""imagename"":""s\/angry"",""imagecomponent"":""core"",""altidentifier"":""angry"",""altcomponent"":""core_pix""},{""text"":""xx-P"",""imagename"":""s\/dead"",""imagecomponent"":""core"",""altidentifier"":""dead"",""altcomponent"":""core_pix""},{""text"":""|-."",""imagename"":""s\/sleepy"",""imagecomponent"":""core"",""altidentifier"":""sleepy"",""altcomponent"":""core_pix""},{""text"":""}-]"",""imagename"":""s\/evil"",""imagecomponent"":""core"",""altidentifier"":""evil"",""altcomponent"":""core_pix""},{""text"":""(h)"",""imagename"":""s\/heart"",""imagecomponent"":""core"",""altidentifier"":""heart"",""altcomponent"":""core_pix""},{""text"":""(heart)"",""imagename"":""s\/heart"",""imagecomponent"":""core"",""altidentifier"":""heart"",""altcomponent"":""core_pix""},{""text"":""(y)"",""imagename"":""s\/yes"",""imagecomponent"":""core"",""altidentifier"":""yes"",""altcomponent"":""core""},{""text"":""(n)"",""imagename"":""s\/no"",""imagecomponent"":""core"",""altidentifier"":""no"",""altcomponent"":""core""},{""text"":""(martin)"",""imagename"":""s\/martin"",""imagecomponent"":""core"",""altidentifier"":""martin"",""altcomponent"":""core_pix""},{""text"":""( )"",""imagename"":""s\/egg"",""imagecomponent"":""core"",""altidentifier"":""egg"",""altcomponent"":""core_pix""}]";
518;0;1685509015;;docroot;https://docs.moodle.org;
519;0;1685509015;;doclang;;
520;0;1685509015;;doctonewwindow;0;
521;0;1685509015;;coursecreationguide;https://moodle.academy/coursequickstart;
522;0;1685509015;;coursecontactduplicates;0;
523;0;1685509015;;courselistshortnames;0;
524;0;1685509015;;coursesperpage;20;
525;0;1685509015;;courseswithsummarieslimit;10;
526;0;1685509016;;courseoverviewfileslimit;1;
527;0;1685509016;;courseoverviewfilesext;web_image;
528;0;1685509016;;coursegraceperiodbefore;0;
529;0;1685509016;;coursegraceperiodafter;0;
530;0;1685509016;;yuicomboloading;1;
531;0;1685509016;;cachejs;1;
532;0;1685509016;;additionalhtmlhead;;
533;0;1685509016;;additionalhtmltopofbody;;
534;0;1685509016;;additionalhtmlfooter;;
535;0;1685509016;;cachetemplates;1;
536;0;1685509016;;pathtophp;;
537;0;1685509016;;pathtodu;;
538;0;1685509016;;aspellpath;;
539;0;1685509016;;pathtodot;;
540;0;1685509016;;pathtogs;/usr/bin/gs;
541;0;1685509016;;pathtopdftoppm;;
542;0;1685509016;;pathtopython;;
543;0;1685509016;;supportname;"Admin User";
544;0;1685509016;;supportpage;;
545;0;1685509016;;supportavailability;1;
546;0;1685509016;;servicespage;;
547;0;1685509016;;dbsessions;0;
548;0;1685509016;;sessiontimeoutwarning;1200;
549;0;1685509016;;sessioncookie;;
550;0;1685509016;;sessioncookiepath;;
551;0;1685509016;;sessioncookiedomain;;
552;0;1685509016;;statsfirstrun;none;
553;0;1685509016;;statsmaxruntime;0;
554;0;1685509016;;statsruntimedays;31;
555;0;1685509016;;statsuserthreshold;0;
556;0;1685509016;;slasharguments;1;
557;0;1685509016;;getremoteaddrconf;3;
558;0;1685509016;;reverseproxyignore;;
559;0;1685509016;;proxyhost;;
560;0;1685509016;;proxyport;0;
561;0;1685509016;;proxytype;HTTP;
562;0;1685509016;;proxyuser;;
563;0;1685509016;;proxypassword;;
564;0;1685509016;;proxybypass;"localhost, 127.0.0.1";
565;0;1685509017;;proxylogunsafe;0;
566;0;1685509017;;proxyfixunsafe;0;
567;0;1685509017;;maintenance_enabled;0;
568;0;1685509017;;maintenance_message;;
569;0;1685509017;;deleteunconfirmed;168;
570;0;1685509017;;deleteincompleteusers;0;
571;0;1685509017;;disablegradehistory;0;
572;0;1685509017;;gradehistorylifetime;0;
573;0;1685509017;;tempdatafoldercleanup;168;
574;0;1685509017;;xapicleanupperiod;4838400;
575;0;1685509017;;filescleanupperiod;86400;
576;0;1685509017;;extramemorylimit;512M;
577;0;1685509017;;maxtimelimit;0;
578;0;1685509017;;curlcache;120;
579;0;1685509017;;curltimeoutkbitrate;56;
580;0;1685509017;;cron_enabled;1;
581;0;1685509017;;cron_keepalive;180;
582;0;1685509017;;task_scheduled_concurrency_limit;3;
583;0;1685509017;;task_scheduled_max_runtime;1800;
584;0;1685509017;;task_adhoc_concurrency_limit;3;
585;0;1685509017;;task_adhoc_max_runtime;1800;
586;0;1685509017;;task_logmode;1;
587;0;1685509017;;task_logtostdout;1;
588;0;1685509017;;task_logretention;2419200;
589;0;1685509017;;task_logretainruns;20;
590;0;1685509017;;smtphosts;;
591;0;1685509017;;smtpsecure;;
592;0;1685509017;;smtpauthtype;LOGIN;
593;0;1685509017;;smtpuser;;
594;0;1685509017;;smtppass;;
595;0;1685509017;;smtpmaxbulk;1;
596;0;1685509017;;allowedemaildomains;;
597;0;1685509017;;divertallemailsto;;
598;0;1685509017;;divertallemailsexcept;;
599;0;1685509017;;emaildkimselector;;
600;0;1685509017;;sitemailcharset;0;
601;0;1685509017;;allowusermailcharset;0;
602;0;1685509017;;allowattachments;1;
603;0;1685509018;;mailnewline;LF;
604;0;1685509018;;emailfromvia;1;
605;0;1685509018;;emailsubjectprefix;;
606;0;1685509018;;emailheaders;;
607;0;1685509018;;updateautocheck;1;
608;0;1685509018;;updateminmaturity;200;
609;0;1685509018;;updatenotifybuilds;0;
610;0;1685509018;;enablewsdocumentation;0;
611;0;1685509018;;customreportslimit;0;
612;0;1685509018;;customreportsliveediting;1;
613;0;1685509018;;dndallowtextandlinks;0;
614;0;1685509018;;pathtosassc;;
615;0;1685509018;;contextlocking;0;
616;0;1685509018;;contextlockappliestoadmin;1;
617;0;1685509018;;forceclean;0;
618;0;1685509018;;enablecourserelativedates;0;
619;0;1685509018;;enablesharingtomoodlenet;0;
620;0;1685509018;;debug;0;
621;0;1685509018;;debugdisplay;0;
622;0;1685509018;;perfdebug;7;
623;0;1685509018;;debugstringids;0;
624;0;1685509018;;debugsqltrace;0;
625;0;1685509018;;debugvalidators;0;
626;0;1685509018;;debugpageinfo;0;
627;0;1685509018;;debugtemplateinfo;0;
628;0;1685509018;;profilingenabled;0;
629;0;1685509018;;profilingincluded;;
630;0;1685509018;;profilingexcluded;;
631;0;1685509018;;profilingautofrec;0;
632;0;1685509018;;profilingallowme;0;
633;0;1685509018;;profilingallowall;0;
634;0;1685509018;;profilingslow;0;
635;0;1685509018;;profilinglifetime;1440;
636;0;1685509019;;profilingimportprefix;(I);
637;0;1685509020;core_competency;pushcourseratingstouserplans;1;
638;0;1685509021;;calendar_exportsalt;u8UDeajRgYB6AnERpJwmH3xJWiTgYRchDFgqu4MgR5R1C4513MYRrxSVrgp2;UGyccWOaLmysLZFbfWgrfNq1q5ldRKhxIxfoXnINwCQuN38vCodFgoMIXpUu
639;0;1685509021;;defaulthomepage;1;3
640;0;1685509021;;allowguestmymoodle;1;
641;0;1685509024;;calendar_exportsalt;q21QkrH5N8mrQaEMyPXEMmSFv45w4Otm0umVbonHJt2mRbTS1Yisd3dk5nx3;u8UDeajRgYB6AnERpJwmH3xJWiTgYRchDFgqu4MgR5R1C4513MYRrxSVrgp2
642;0;1685509091;activitynames;filter_active;1;
643;0;1685509091;core_filter;order;activitynames;activitynames
644;0;1685509092;displayh5p;filter_active;1;
645;0;1685509092;core_filter;order;"displayh5p, activitynames";"activitynames, displayh5p"
646;0;1685509093;emoticon;filter_active;1;
647;0;1685509093;mathjaxloader;filter_active;1;
648;0;1685509093;core_filter;order;"displayh5p, activitynames, mathjaxloader, emoticon";"displayh5p, activitynames, emoticon, mathjaxloader"
649;0;1685509094;mediaplugin;filter_active;1;
650;0;1685509094;urltolink;filter_active;1;
651;0;1685509094;core_filter;order;"displayh5p, activitynames, mathjaxloader, emoticon, urltolink, mediaplugin";"displayh5p, activitynames, mathjaxloader, emoticon, mediaplugin, urltolink"
652;2;1685509375;;enableaccessibilitytools;1;
653;2;1685509375;tool_moodlenet;enablemoodlenet;1;
654;2;1685509375;;notloggedinroleid;6;
655;2;1685509375;;guestroleid;6;
656;2;1685509375;;defaultuserroleid;7;
657;2;1685509375;;creatornewroleid;3;
658;2;1685509375;;restorernewroleid;3;
659;2;1685509375;tool_dataprivacy;contactdataprotectionofficer;0;
660;2;1685509375;tool_dataprivacy;automaticdataexportapproval;0;
661;2;1685509375;tool_dataprivacy;automaticdatadeletionapproval;0;
662;2;1685509375;tool_dataprivacy;automaticdeletionrequests;1;
663;2;1685509375;tool_dataprivacy;privacyrequestexpiry;604800;
664;2;1685509375;tool_dataprivacy;requireallenddatesforuserdeletion;1;
665;2;1685509375;tool_dataprivacy;showdataretentionsummary;1;
666;2;1685509375;tool_log;exportlog;1;
667;2;1685509375;;sitepolicyhandler;;
668;2;1685509375;;gradebookroles;5;
669;2;1685509375;analytics;logstore;logstore_standard;
670;2;1685509375;;h5plibraryhandler;h5plib_v124;
671;2;1685509375;;airnotifierurl;https://messages.moodle.net;
672;2;1685509375;;airnotifierport;443;
673;2;1685509375;;airnotifiermobileappname;com.moodle.moodlemobile;
674;2;1685509375;;airnotifierappname;commoodlemoodlemobile;
675;2;1685509375;;airnotifieraccesskey;;
676;2;1685509375;message_airnotifier;encryptnotifications;0;
677;2;1685509375;message_airnotifier;encryptprocessing;0;
678;2;1685509375;assign;feedback_plugin_for_gradebook;assignfeedback_comments;
679;2;1685509375;assign;showrecentsubmissions;0;
680;2;1685509375;assign;submissionreceipts;1;
681;2;1685509375;assign;submissionstatement;"This submission is my own work, except where I have acknowledged the use of the works of other people.";
682;2;1685509376;assign;submissionstatementteamsubmission;"This submission is the work of my group, except where we have acknowledged the use of the works of other people.";
683;2;1685509376;assign;submissionstatementteamsubmissionallsubmit;"This submission is my own work as a group member, except where I have acknowledged the use of the works of other people.";
684;2;1685509376;assign;maxperpage;-1;
685;2;1685509376;assign;alwaysshowdescription;1;
686;2;1685509376;assign;alwaysshowdescription_adv;;
687;2;1685509376;assign;alwaysshowdescription_locked;;
688;2;1685509376;assign;allowsubmissionsfromdate;0;
689;2;1685509376;assign;allowsubmissionsfromdate_enabled;1;
690;2;1685509376;assign;allowsubmissionsfromdate_adv;;
691;2;1685509376;assign;duedate;604800;
692;2;1685509376;assign;duedate_enabled;1;
693;2;1685509376;assign;duedate_adv;;
694;2;1685509376;assign;cutoffdate;1209600;
695;2;1685509376;assign;cutoffdate_enabled;;
696;2;1685509376;assign;cutoffdate_adv;;
697;2;1685509376;assign;enabletimelimit;0;
698;2;1685509376;assign;gradingduedate;1209600;
699;2;1685509376;assign;gradingduedate_enabled;1;
700;2;1685509376;assign;gradingduedate_adv;;
701;2;1685509376;assign;submissiondrafts;0;
702;2;1685509376;assign;submissiondrafts_adv;;
703;2;1685509376;assign;submissiondrafts_locked;;
704;2;1685509376;assign;requiresubmissionstatement;0;
705;2;1685509376;assign;requiresubmissionstatement_adv;;
706;2;1685509376;assign;requiresubmissionstatement_locked;;
707;2;1685509376;assign;attemptreopenmethod;none;
708;2;1685509376;assign;attemptreopenmethod_adv;;
709;2;1685509376;assign;attemptreopenmethod_locked;;
710;2;1685509376;assign;maxattempts;-1;
711;2;1685509376;assign;maxattempts_adv;;
712;2;1685509376;assign;maxattempts_locked;;
713;2;1685509376;assign;teamsubmission;0;
714;2;1685509376;assign;teamsubmission_adv;;
715;2;1685509376;assign;teamsubmission_locked;;
716;2;1685509376;assign;preventsubmissionnotingroup;0;
717;2;1685509376;assign;preventsubmissionnotingroup_adv;;
718;2;1685509376;assign;preventsubmissionnotingroup_locked;;
719;2;1685509376;assign;requireallteammemberssubmit;0;
720;2;1685509376;assign;requireallteammemberssubmit_adv;;
721;2;1685509376;assign;requireallteammemberssubmit_locked;;
722;2;1685509376;assign;teamsubmissiongroupingid;;
723;2;1685509376;assign;teamsubmissiongroupingid_adv;;
724;2;1685509376;assign;sendnotifications;0;
725;2;1685509376;assign;sendnotifications_adv;;
726;2;1685509376;assign;sendnotifications_locked;;
727;2;1685509376;assign;sendlatenotifications;0;
728;2;1685509376;assign;sendlatenotifications_adv;;
729;2;1685509376;assign;sendlatenotifications_locked;;
730;2;1685509376;assign;sendstudentnotifications;1;
731;2;1685509376;assign;sendstudentnotifications_adv;;
732;2;1685509376;assign;sendstudentnotifications_locked;;
733;2;1685509377;assign;blindmarking;0;
734;2;1685509377;assign;blindmarking_adv;;
735;2;1685509377;assign;blindmarking_locked;;
736;2;1685509377;assign;hidegrader;0;
737;2;1685509377;assign;hidegrader_adv;;
738;2;1685509377;assign;hidegrader_locked;;
739;2;1685509377;assign;markingworkflow;0;
740;2;1685509377;assign;markingworkflow_adv;;
741;2;1685509377;assign;markingworkflow_locked;;
742;2;1685509377;assign;markingallocation;0;
743;2;1685509377;assign;markingallocation_adv;;
744;2;1685509377;assign;markingallocation_locked;;
745;2;1685509377;assignsubmission_file;default;1;
746;2;1685509377;assignsubmission_file;maxfiles;20;
747;2;1685509377;assignsubmission_file;filetypes;;
748;2;1685509377;assignsubmission_file;maxbytes;0;
749;2;1685509377;assignsubmission_onlinetext;default;0;
750;2;1685509377;assignfeedback_comments;default;1;
751;2;1685509377;assignfeedback_comments;inline;0;
752;2;1685509377;assignfeedback_comments;inline_adv;;
753;2;1685509377;assignfeedback_comments;inline_locked;;
754;2;1685509377;assignfeedback_editpdf;default;1;
755;2;1685509377;assignfeedback_editpdf;stamps;;
756;2;1685509377;assignfeedback_file;default;0;
757;2;1685509377;assignfeedback_offline;default;0;
758;2;1685509377;;bigbluebuttonbn_default_dpa_accepted;0;
759;2;1685509377;;bigbluebuttonbn_server_url;https://test-moodle.blindsidenetworks.com/bigbluebutton/;
760;2;1685509377;;bigbluebuttonbn_shared_secret;********;
761;2;1685509377;;bigbluebuttonbn_checksum_algorithm;SHA1;
762;2;1685509377;;bigbluebuttonbn_poll_interval;5;
763;2;1685509377;;bigbluebuttonbn_welcome_default;;
764;2;1685509377;;bigbluebuttonbn_welcome_editable;1;
765;2;1685509377;;bigbluebuttonbn_recording_default;1;
766;2;1685509377;;bigbluebuttonbn_recording_refresh_period;300;
767;2;1685509377;;bigbluebuttonbn_recording_editable;1;
768;2;1685509377;;bigbluebuttonbn_recording_all_from_start_default;0;
769;2;1685509377;;bigbluebuttonbn_recording_all_from_start_editable;0;
770;2;1685509377;;bigbluebuttonbn_recording_hide_button_default;0;
771;2;1685509377;;bigbluebuttonbn_recording_hide_button_editable;0;
772;2;1685509377;;bigbluebuttonbn_recording_safe_formats;video,presentation;
773;2;1685509377;;bigbluebuttonbn_importrecordings_enabled;0;
774;2;1685509377;;bigbluebuttonbn_importrecordings_from_deleted_enabled;0;
775;2;1685509377;;bigbluebuttonbn_recordings_deleted_default;1;
776;2;1685509377;;bigbluebuttonbn_recordings_deleted_editable;0;
777;2;1685509377;;bigbluebuttonbn_recordings_imported_default;0;
778;2;1685509377;;bigbluebuttonbn_recordings_imported_editable;1;
779;2;1685509377;;bigbluebuttonbn_recordings_preview_default;1;
780;2;1685509377;;bigbluebuttonbn_recordings_preview_editable;0;
781;2;1685509377;;bigbluebuttonbn_recordings_asc_sort;0;
782;2;1685509377;;bigbluebuttonbn_recording_protect_editable;1;
783;2;1685509377;;bigbluebuttonbn_waitformoderator_default;0;
784;2;1685509377;;bigbluebuttonbn_waitformoderator_editable;1;
785;2;1685509377;;bigbluebuttonbn_waitformoderator_ping_interval;10;
786;2;1685509378;;bigbluebuttonbn_waitformoderator_cache_ttl;60;
787;2;1685509378;;bigbluebuttonbn_voicebridge_editable;0;
788;2;1685509378;;bigbluebuttonbn_preuploadpresentation_editable;0;
789;2;1685509378;mod_bigbluebuttonbn;presentationdefault;;
790;2;1685509378;;bigbluebuttonbn_userlimit_default;0;
791;2;1685509378;;bigbluebuttonbn_userlimit_editable;0;
792;2;1685509378;;bigbluebuttonbn_participant_moderator_default;0;
793;2;1685509378;;bigbluebuttonbn_muteonstart_default;0;
794;2;1685509378;;bigbluebuttonbn_muteonstart_editable;0;
795;2;1685509378;;bigbluebuttonbn_disablecam_default;0;
796;2;1685509378;;bigbluebuttonbn_disablecam_editable;1;
797;2;1685509378;;bigbluebuttonbn_disablemic_default;0;
798;2;1685509378;;bigbluebuttonbn_disablemic_editable;1;
799;2;1685509378;;bigbluebuttonbn_disableprivatechat_default;0;
800;2;1685509378;;bigbluebuttonbn_disableprivatechat_editable;1;
801;2;1685509378;;bigbluebuttonbn_disablepublicchat_default;0;
802;2;1685509378;;bigbluebuttonbn_disablepublicchat_editable;1;
803;2;1685509378;;bigbluebuttonbn_disablenote_default;0;
804;2;1685509378;;bigbluebuttonbn_disablenote_editable;1;
805;2;1685509378;;bigbluebuttonbn_hideuserlist_default;0;
806;2;1685509378;;bigbluebuttonbn_hideuserlist_editable;1;
807;2;1685509378;;bigbluebuttonbn_recordingready_enabled;0;
808;2;1685509378;;bigbluebuttonbn_profile_picture_enabled;0;
809;2;1685509378;;bigbluebuttonbn_meetingevents_enabled;0;
810;2;1685509378;;bigbluebuttonbn_guestaccess_enabled;0;
811;2;1685509378;book;numberingoptions;0,1,2,3;
812;2;1685509378;book;numbering;1;
813;2;1685509378;;chat_method;ajax;
814;2;1685509378;;chat_refresh_userlist;10;
815;2;1685509378;;chat_old_ping;35;
816;2;1685509378;;chat_refresh_room;5;
817;2;1685509378;;chat_normal_updatemode;jsupdate;
818;2;1685509378;;chat_serverhost;localhost;
819;2;1685509378;;chat_serverip;127.0.0.1;
820;2;1685509378;;chat_serverport;9111;
821;2;1685509378;;chat_servermax;100;
822;2;1685509378;;data_enablerssfeeds;0;
823;2;1685509378;;feedback_allowfullanonymous;0;
824;2;1685509378;resource;framesize;130;
825;2;1685509378;resource;displayoptions;0,1,4,5,6;
826;2;1685509378;resource;printintro;1;
827;2;1685509378;resource;display;0;
828;2;1685509378;resource;showsize;0;
829;2;1685509378;resource;showtype;0;
830;2;1685509378;resource;showdate;0;
831;2;1685509378;resource;popupwidth;620;
832;2;1685509378;resource;popupheight;450;
833;2;1685509378;resource;filterfiles;0;
834;2;1685509378;folder;showexpanded;1;
835;2;1685509378;folder;maxsizetodownload;0;
836;2;1685509378;;forum_displaymode;3;
837;2;1685509378;;forum_shortpost;300;
838;2;1685509379;;forum_longpost;600;
839;2;1685509379;;forum_manydiscussions;100;
840;2;1685509379;;forum_maxbytes;512000;
841;2;1685509379;;forum_maxattachments;9;
842;2;1685509379;;forum_subscription;0;
843;2;1685509379;;forum_trackingtype;1;
844;2;1685509379;;forum_trackreadposts;1;
845;2;1685509379;;forum_allowforcedreadtracking;0;
846;2;1685509379;;forum_oldpostdays;14;
847;2;1685509379;;forum_usermarksread;0;
848;2;1685509379;;forum_cleanreadtime;2;
849;2;1685509379;;digestmailtime;17;
850;2;1685509379;;forum_enablerssfeeds;0;
851;2;1685509379;;forum_enabletimedposts;1;
852;2;1685509379;;glossary_entbypage;10;
853;2;1685509379;;glossary_dupentries;0;
854;2;1685509379;;glossary_allowcomments;0;
855;2;1685509379;;glossary_linkbydefault;1;
856;2;1685509379;;glossary_defaultapproval;1;
857;2;1685509379;;glossary_enablerssfeeds;0;
858;2;1685509379;;glossary_linkentries;0;
859;2;1685509379;;glossary_casesensitive;0;
860;2;1685509379;;glossary_fullmatch;0;
861;2;1685509379;mod_h5pactivity;enablesavestate;1;
862;2;1685509379;mod_h5pactivity;savestatefreq;60;
863;2;1685509379;imscp;keepold;1;
864;2;1685509379;imscp;keepold_adv;;
865;2;1685509379;mod_lesson;mediafile;;
866;2;1685509379;mod_lesson;mediafile_adv;1;
867;2;1685509379;mod_lesson;mediawidth;640;
868;2;1685509379;mod_lesson;mediaheight;480;
869;2;1685509379;mod_lesson;mediaclose;0;
870;2;1685509379;mod_lesson;progressbar;0;
871;2;1685509379;mod_lesson;progressbar_adv;;
872;2;1685509379;mod_lesson;ongoing;0;
873;2;1685509379;mod_lesson;ongoing_adv;1;
874;2;1685509379;mod_lesson;displayleftmenu;0;
875;2;1685509379;mod_lesson;displayleftmenu_adv;;
876;2;1685509379;mod_lesson;displayleftif;0;
877;2;1685509379;mod_lesson;displayleftif_adv;1;
878;2;1685509379;mod_lesson;slideshow;0;
879;2;1685509379;mod_lesson;slideshow_adv;1;
880;2;1685509379;mod_lesson;slideshowwidth;640;
881;2;1685509379;mod_lesson;slideshowheight;480;
882;2;1685509379;mod_lesson;slideshowbgcolor;#FFFFFF;
883;2;1685509379;mod_lesson;maxanswers;5;
884;2;1685509379;mod_lesson;maxanswers_adv;1;
885;2;1685509380;mod_lesson;defaultfeedback;0;
886;2;1685509380;mod_lesson;defaultfeedback_adv;1;
887;2;1685509380;mod_lesson;activitylink;;
888;2;1685509380;mod_lesson;activitylink_adv;1;
889;2;1685509380;mod_lesson;timelimit;0;
890;2;1685509380;mod_lesson;timelimit_adv;;
891;2;1685509380;mod_lesson;password;0;
892;2;1685509380;mod_lesson;password_adv;1;
893;2;1685509380;mod_lesson;modattempts;0;
894;2;1685509380;mod_lesson;modattempts_adv;;
895;2;1685509380;mod_lesson;displayreview;0;
896;2;1685509380;mod_lesson;displayreview_adv;;
897;2;1685509380;mod_lesson;maximumnumberofattempts;1;
898;2;1685509380;mod_lesson;maximumnumberofattempts_adv;;
899;2;1685509380;mod_lesson;defaultnextpage;0;
900;2;1685509380;mod_lesson;defaultnextpage_adv;1;
901;2;1685509380;mod_lesson;numberofpagestoshow;1;
902;2;1685509380;mod_lesson;numberofpagestoshow_adv;1;
903;2;1685509380;mod_lesson;practice;0;
904;2;1685509380;mod_lesson;practice_adv;;
905;2;1685509380;mod_lesson;customscoring;1;
906;2;1685509380;mod_lesson;customscoring_adv;1;
907;2;1685509380;mod_lesson;retakesallowed;0;
908;2;1685509380;mod_lesson;retakesallowed_adv;;
909;2;1685509380;mod_lesson;handlingofretakes;0;
910;2;1685509380;mod_lesson;handlingofretakes_adv;1;
911;2;1685509380;mod_lesson;minimumnumberofquestions;0;
912;2;1685509380;mod_lesson;minimumnumberofquestions_adv;1;
913;2;1685509380;page;displayoptions;5;
914;2;1685509380;page;printintro;0;
915;2;1685509380;page;printlastmodified;1;
916;2;1685509380;page;display;5;
917;2;1685509380;page;popupwidth;620;
918;2;1685509380;page;popupheight;450;
919;2;1685509380;quiz;timelimit;0;
920;2;1685509380;quiz;timelimit_adv;;
921;2;1685509380;quiz;timelimit_locked;;
922;2;1685509380;quiz;notifyattemptgradeddelay;18000;
923;2;1685509380;quiz;overduehandling;autosubmit;
924;2;1685509380;quiz;overduehandling_adv;;
925;2;1685509380;quiz;overduehandling_locked;;
926;2;1685509380;quiz;graceperiod;86400;
927;2;1685509380;quiz;graceperiod_adv;;
928;2;1685509380;quiz;graceperiod_locked;;
929;2;1685509380;quiz;graceperiodmin;60;
930;2;1685509380;quiz;attempts;0;
931;2;1685509380;quiz;attempts_adv;;
932;2;1685509380;quiz;attempts_locked;;
933;2;1685509380;quiz;grademethod;1;
934;2;1685509380;quiz;grademethod_adv;;
935;2;1685509380;quiz;grademethod_locked;;
936;2;1685509380;quiz;maximumgrade;10;
937;2;1685509381;quiz;maximumgrade_locked;;
938;2;1685509381;quiz;questionsperpage;1;
939;2;1685509381;quiz;questionsperpage_adv;;
940;2;1685509381;quiz;questionsperpage_locked;;
941;2;1685509381;quiz;navmethod;free;
942;2;1685509381;quiz;navmethod_adv;1;
943;2;1685509381;quiz;navmethod_locked;;
944;2;1685509381;quiz;shuffleanswers;1;
945;2;1685509381;quiz;shuffleanswers_adv;;
946;2;1685509381;quiz;shuffleanswers_locked;;
947;2;1685509381;quiz;preferredbehaviour;deferredfeedback;
948;2;1685509381;quiz;preferredbehaviour_locked;;
949;2;1685509381;quiz;canredoquestions;0;
950;2;1685509381;quiz;canredoquestions_adv;1;
951;2;1685509381;quiz;canredoquestions_locked;;
952;2;1685509381;quiz;attemptonlast;0;
953;2;1685509381;quiz;attemptonlast_adv;1;
954;2;1685509381;quiz;attemptonlast_locked;;
955;2;1685509381;quiz;reviewattempt;69904;
956;2;1685509381;quiz;reviewcorrectness;69904;
957;2;1685509381;quiz;reviewmarks;69904;
958;2;1685509381;quiz;reviewspecificfeedback;69904;
959;2;1685509381;quiz;reviewgeneralfeedback;69904;
960;2;1685509381;quiz;reviewrightanswer;69904;
961;2;1685509381;quiz;reviewoverallfeedback;4368;
962;2;1685509381;quiz;showuserpicture;0;
963;2;1685509381;quiz;showuserpicture_adv;;
964;2;1685509381;quiz;showuserpicture_locked;;
965;2;1685509381;quiz;decimalpoints;2;
966;2;1685509381;quiz;decimalpoints_adv;;
967;2;1685509381;quiz;decimalpoints_locked;;
968;2;1685509381;quiz;questiondecimalpoints;-1;
969;2;1685509381;quiz;questiondecimalpoints_adv;;
970;2;1685509381;quiz;questiondecimalpoints_locked;;
971;2;1685509381;quiz;showblocks;0;
972;2;1685509381;quiz;showblocks_adv;1;
973;2;1685509381;quiz;showblocks_locked;;
974;2;1685509381;quiz;quizpassword;;
975;2;1685509381;quiz;quizpassword_adv;;
976;2;1685509381;quiz;quizpassword_required;;
977;2;1685509381;quiz;quizpassword_locked;;
978;2;1685509381;quiz;subnet;;
979;2;1685509381;quiz;subnet_adv;1;
980;2;1685509381;quiz;subnet_locked;;
981;2;1685509381;quiz;delay1;0;
982;2;1685509381;quiz;delay1_adv;1;
983;2;1685509381;quiz;delay1_locked;;
984;2;1685509381;quiz;delay2;0;
985;2;1685509381;quiz;delay2_adv;1;
986;2;1685509381;quiz;delay2_locked;;
987;2;1685509381;quiz;browsersecurity;-;
988;2;1685509381;quiz;browsersecurity_adv;1;
989;2;1685509382;quiz;browsersecurity_locked;;
990;2;1685509382;quiz;initialnumfeedbacks;2;
991;2;1685509382;quiz;autosaveperiod;60;
992;2;1685509382;quizaccess_seb;autoreconfigureseb;1;
993;2;1685509382;quizaccess_seb;showseblinks;seb,http;
994;2;1685509382;quizaccess_seb;downloadlink;https://safeexambrowser.org/download_en.html;
995;2;1685509382;quizaccess_seb;quizpasswordrequired;0;
996;2;1685509382;quizaccess_seb;displayblocksbeforestart;0;
997;2;1685509382;quizaccess_seb;displayblockswhenfinished;1;
998;2;1685509382;scorm;displaycoursestructure;0;
999;2;1685509382;scorm;displaycoursestructure_adv;;
1000;2;1685509382;scorm;popup;0;
1001;2;1685509382;scorm;popup_adv;;
1002;2;1685509382;scorm;framewidth;100;
1003;2;1685509382;scorm;framewidth_adv;1;
1004;2;1685509382;scorm;frameheight;500;
1005;2;1685509382;scorm;frameheight_adv;1;
1006;2;1685509382;scorm;winoptgrp_adv;1;
1007;2;1685509382;scorm;scrollbars;0;
1008;2;1685509382;scorm;directories;0;
1009;2;1685509382;scorm;location;0;
1010;2;1685509382;scorm;menubar;0;
1011;2;1685509382;scorm;toolbar;0;
1012;2;1685509382;scorm;status;0;
1013;2;1685509382;scorm;skipview;0;
1014;2;1685509382;scorm;skipview_adv;1;
1015;2;1685509382;scorm;hidebrowse;0;
1016;2;1685509382;scorm;hidebrowse_adv;1;
1017;2;1685509382;scorm;hidetoc;0;
1018;2;1685509382;scorm;hidetoc_adv;1;
1019;2;1685509382;scorm;nav;1;
1020;2;1685509382;scorm;nav_adv;1;
1021;2;1685509382;scorm;navpositionleft;-100;
1022;2;1685509382;scorm;navpositionleft_adv;1;
1023;2;1685509382;scorm;navpositiontop;-100;
1024;2;1685509382;scorm;navpositiontop_adv;1;
1025;2;1685509382;scorm;collapsetocwinsize;767;
1026;2;1685509382;scorm;collapsetocwinsize_adv;1;
1027;2;1685509382;scorm;displayattemptstatus;1;
1028;2;1685509382;scorm;displayattemptstatus_adv;;
1029;2;1685509382;scorm;grademethod;1;
1030;2;1685509382;scorm;maxgrade;100;
1031;2;1685509382;scorm;maxattempt;0;
1032;2;1685509382;scorm;whatgrade;0;
1033;2;1685509382;scorm;forcecompleted;0;
1034;2;1685509382;scorm;forcenewattempt;0;
1035;2;1685509382;scorm;autocommit;0;
1036;2;1685509382;scorm;masteryoverride;1;
1037;2;1685509382;scorm;lastattemptlock;0;
1038;2;1685509382;scorm;auto;0;
1039;2;1685509382;scorm;updatefreq;0;
1040;2;1685509382;scorm;scormstandard;0;
1041;2;1685509383;scorm;allowtypeexternal;0;
1042;2;1685509383;scorm;allowtypelocalsync;0;
1043;2;1685509383;scorm;allowtypeexternalaicc;0;
1044;2;1685509383;scorm;allowaicchacp;0;
1045;2;1685509383;scorm;aicchacptimeout;30;
1046;2;1685509383;scorm;aicchacpkeepsessiondata;1;
1047;2;1685509383;scorm;aiccuserid;1;
1048;2;1685509383;scorm;forcejavascript;1;
1049;2;1685509383;scorm;allowapidebug;0;
1050;2;1685509383;scorm;apidebugmask;.*;
1051;2;1685509383;scorm;protectpackagedownloads;0;
1052;2;1685509383;label;dndmedia;1;
1053;2;1685509383;label;dndresizewidth;400;
1054;2;1685509383;label;dndresizeheight;400;
1055;2;1685509383;url;framesize;130;
1056;2;1685509383;url;secretphrase;;
1057;2;1685509383;url;rolesinparams;0;
1058;2;1685509383;url;displayoptions;0,1,5,6;
1059;2;1685509383;url;printintro;1;
1060;2;1685509383;url;display;0;
1061;2;1685509383;url;popupwidth;620;
1062;2;1685509383;url;popupheight;450;
1063;2;1685509383;workshop;grade;80;
1064;2;1685509383;workshop;gradinggrade;20;
1065;2;1685509383;workshop;gradedecimals;0;
1066;2;1685509383;workshop;maxbytes;0;
1067;2;1685509383;workshop;strategy;accumulative;
1068;2;1685509383;workshop;examplesmode;0;
1069;2;1685509383;workshopallocation_random;numofreviews;5;
1070;2;1685509383;workshopform_numerrors;grade0;No;
1071;2;1685509383;workshopform_numerrors;grade1;Yes;
1072;2;1685509383;workshopeval_best;comparison;5;
1073;2;1685509383;tool_brickfield;analysistype;0;
1074;2;1685509383;tool_brickfield;deletehistoricaldata;1;
1075;2;1685509383;tool_brickfield;batch;1000;
1076;2;1685509383;tool_brickfield;perpage;50;
1077;2;1685509383;tool_recyclebin;coursebinenable;1;
1078;2;1685509383;tool_recyclebin;coursebinexpiry;604800;
1079;2;1685509383;tool_recyclebin;categorybinenable;1;
1080;2;1685509383;tool_recyclebin;categorybinexpiry;604800;
1081;2;1685509383;tool_recyclebin;autohide;1;
1082;2;1685509383;antivirus_clamav;runningmethod;commandline;
1083;2;1685509383;antivirus_clamav;pathtoclam;;
1084;2;1685509383;antivirus_clamav;pathtounixsocket;;
1085;2;1685509383;antivirus_clamav;tcpsockethost;;
1086;2;1685509383;antivirus_clamav;tcpsocketport;3310;
1087;2;1685509383;antivirus_clamav;clamfailureonupload;tryagain;
1088;2;1685509383;antivirus_clamav;tries;1;
1089;2;1685509383;auth_cas;field_map_firstname;;
1090;2;1685509383;auth_cas;field_updatelocal_firstname;oncreate;
1091;2;1685509384;auth_cas;field_updateremote_firstname;0;
1092;2;1685509384;auth_cas;field_lock_firstname;unlocked;
1093;2;1685509384;auth_cas;field_map_lastname;;
1094;2;1685509384;auth_cas;field_updatelocal_lastname;oncreate;
1095;2;1685509384;auth_cas;field_updateremote_lastname;0;
1096;2;1685509384;auth_cas;field_lock_lastname;unlocked;
1097;2;1685509384;auth_cas;field_map_email;;
1098;2;1685509384;auth_cas;field_updatelocal_email;oncreate;
1099;2;1685509384;auth_cas;field_updateremote_email;0;
1100;2;1685509384;auth_cas;field_lock_email;unlocked;
1101;2;1685509384;auth_cas;field_map_city;;
1102;2;1685509384;auth_cas;field_updatelocal_city;oncreate;
1103;2;1685509384;auth_cas;field_updateremote_city;0;
1104;2;1685509384;auth_cas;field_lock_city;unlocked;
1105;2;1685509384;auth_cas;field_map_country;;
1106;2;1685509384;auth_cas;field_updatelocal_country;oncreate;
1107;2;1685509384;auth_cas;field_updateremote_country;0;
1108;2;1685509384;auth_cas;field_lock_country;unlocked;
1109;2;1685509384;auth_cas;field_map_lang;;
1110;2;1685509384;auth_cas;field_updatelocal_lang;oncreate;
1111;2;1685509384;auth_cas;field_updateremote_lang;0;
1112;2;1685509384;auth_cas;field_lock_lang;unlocked;
1113;2;1685509384;auth_cas;field_map_description;;
1114;2;1685509384;auth_cas;field_updatelocal_description;oncreate;
1115;2;1685509384;auth_cas;field_updateremote_description;0;
1116;2;1685509384;auth_cas;field_lock_description;unlocked;
1117;2;1685509384;auth_cas;field_map_idnumber;;
1118;2;1685509384;auth_cas;field_updatelocal_idnumber;oncreate;
1119;2;1685509384;auth_cas;field_updateremote_idnumber;0;
1120;2;1685509384;auth_cas;field_lock_idnumber;unlocked;
1121;2;1685509384;auth_cas;field_map_institution;;
1122;2;1685509384;auth_cas;field_updatelocal_institution;oncreate;
1123;2;1685509384;auth_cas;field_updateremote_institution;0;
1124;2;1685509384;auth_cas;field_lock_institution;unlocked;
1125;2;1685509384;auth_cas;field_map_department;;
1126;2;1685509384;auth_cas;field_updatelocal_department;oncreate;
1127;2;1685509384;auth_cas;field_updateremote_department;0;
1128;2;1685509384;auth_cas;field_lock_department;unlocked;
1129;2;1685509384;auth_cas;field_map_phone1;;
1130;2;1685509384;auth_cas;field_updatelocal_phone1;oncreate;
1131;2;1685509384;auth_cas;field_updateremote_phone1;0;
1132;2;1685509384;auth_cas;field_lock_phone1;unlocked;
1133;2;1685509384;auth_cas;field_map_phone2;;
1134;2;1685509385;auth_cas;field_updatelocal_phone2;oncreate;
1135;2;1685509385;auth_cas;field_updateremote_phone2;0;
1136;2;1685509385;auth_cas;field_lock_phone2;unlocked;
1137;2;1685509385;auth_cas;field_map_address;;
1138;2;1685509385;auth_cas;field_updatelocal_address;oncreate;
1139;2;1685509385;auth_cas;field_updateremote_address;0;
1140;2;1685509385;auth_cas;field_lock_address;unlocked;
1141;2;1685509385;auth_cas;field_map_firstnamephonetic;;
1142;2;1685509385;auth_cas;field_updatelocal_firstnamephonetic;oncreate;
1143;2;1685509385;auth_cas;field_updateremote_firstnamephonetic;0;
1144;2;1685509385;auth_cas;field_lock_firstnamephonetic;unlocked;
1145;2;1685509385;auth_cas;field_map_lastnamephonetic;;
1146;2;1685509385;auth_cas;field_updatelocal_lastnamephonetic;oncreate;
1147;2;1685509385;auth_cas;field_updateremote_lastnamephonetic;0;
1148;2;1685509385;auth_cas;field_lock_lastnamephonetic;unlocked;
1149;2;1685509385;auth_cas;field_map_middlename;;
1150;2;1685509385;auth_cas;field_updatelocal_middlename;oncreate;
1151;2;1685509385;auth_cas;field_updateremote_middlename;0;
1152;2;1685509385;auth_cas;field_lock_middlename;unlocked;
1153;2;1685509385;auth_cas;field_map_alternatename;;
1154;2;1685509385;auth_cas;field_updatelocal_alternatename;oncreate;
1155;2;1685509385;auth_cas;field_updateremote_alternatename;0;
1156;2;1685509385;auth_cas;field_lock_alternatename;unlocked;
1157;2;1685509385;auth_email;recaptcha;0;
1158;2;1685509385;auth_email;field_lock_firstname;unlocked;
1159;2;1685509385;auth_email;field_lock_lastname;unlocked;
1160;2;1685509385;auth_email;field_lock_email;unlocked;
1161;2;1685509385;auth_email;field_lock_city;unlocked;
1162;2;1685509385;auth_email;field_lock_country;unlocked;
1163;2;1685509385;auth_email;field_lock_lang;unlocked;
1164;2;1685509385;auth_email;field_lock_description;unlocked;
1165;2;1685509385;auth_email;field_lock_idnumber;unlocked;
1166;2;1685509385;auth_email;field_lock_institution;unlocked;
1167;2;1685509386;auth_email;field_lock_department;unlocked;
1168;2;1685509386;auth_email;field_lock_phone1;unlocked;
1169;2;1685509386;auth_email;field_lock_phone2;unlocked;
1170;2;1685509386;auth_email;field_lock_address;unlocked;
1171;2;1685509386;auth_email;field_lock_firstnamephonetic;unlocked;
1172;2;1685509386;auth_email;field_lock_lastnamephonetic;unlocked;
1173;2;1685509386;auth_email;field_lock_middlename;unlocked;
1174;2;1685509386;auth_email;field_lock_alternatename;unlocked;
1175;2;1685509386;auth_db;host;127.0.0.1;
1176;2;1685509386;auth_db;type;mysqli;
1177;2;1685509386;auth_db;sybasequoting;0;
1178;2;1685509386;auth_db;name;;
1179;2;1685509386;auth_db;user;;
1180;2;1685509386;auth_db;pass;;
1181;2;1685509386;auth_db;table;;
1182;2;1685509386;auth_db;fielduser;;
1183;2;1685509386;auth_db;fieldpass;;
1184;2;1685509386;auth_db;passtype;plaintext;
1185;2;1685509386;auth_db;extencoding;utf-8;
1186;2;1685509386;auth_db;setupsql;;
1187;2;1685509386;auth_db;debugauthdb;0;
1188;2;1685509386;auth_db;changepasswordurl;;
1189;2;1685509386;auth_db;removeuser;0;
1190;2;1685509386;auth_db;updateusers;0;
1191;2;1685509386;auth_db;field_map_firstname;;
1192;2;1685509386;auth_db;field_updatelocal_firstname;oncreate;
1193;2;1685509386;auth_db;field_updateremote_firstname;0;
1194;2;1685509386;auth_db;field_lock_firstname;unlocked;
1195;2;1685509386;auth_db;field_map_lastname;;
1196;2;1685509386;auth_db;field_updatelocal_lastname;oncreate;
1197;2;1685509386;auth_db;field_updateremote_lastname;0;
1198;2;1685509386;auth_db;field_lock_lastname;unlocked;
1199;2;1685509386;auth_db;field_map_email;;
1200;2;1685509386;auth_db;field_updatelocal_email;oncreate;
1201;2;1685509386;auth_db;field_updateremote_email;0;
1202;2;1685509386;auth_db;field_lock_email;unlocked;
1203;2;1685509386;auth_db;field_map_city;;
1204;2;1685509386;auth_db;field_updatelocal_city;oncreate;
1205;2;1685509386;auth_db;field_updateremote_city;0;
1206;2;1685509386;auth_db;field_lock_city;unlocked;
1207;2;1685509386;auth_db;field_map_country;;
1208;2;1685509386;auth_db;field_updatelocal_country;oncreate;
1209;2;1685509387;auth_db;field_updateremote_country;0;
1210;2;1685509387;auth_db;field_lock_country;unlocked;
1211;2;1685509387;auth_db;field_map_lang;;
1212;2;1685509387;auth_db;field_updatelocal_lang;oncreate;
1213;2;1685509387;auth_db;field_updateremote_lang;0;
1214;2;1685509387;auth_db;field_lock_lang;unlocked;
1215;2;1685509387;auth_db;field_map_description;;
1216;2;1685509387;auth_db;field_updatelocal_description;oncreate;
1217;2;1685509387;auth_db;field_updateremote_description;0;
1218;2;1685509387;auth_db;field_lock_description;unlocked;
1219;2;1685509387;auth_db;field_map_idnumber;;
1220;2;1685509387;auth_db;field_updatelocal_idnumber;oncreate;
1221;2;1685509387;auth_db;field_updateremote_idnumber;0;
1222;2;1685509387;auth_db;field_lock_idnumber;unlocked;
1223;2;1685509387;auth_db;field_map_institution;;
1224;2;1685509387;auth_db;field_updatelocal_institution;oncreate;
1225;2;1685509387;auth_db;field_updateremote_institution;0;
1226;2;1685509387;auth_db;field_lock_institution;unlocked;
1227;2;1685509387;auth_db;field_map_department;;
1228;2;1685509387;auth_db;field_updatelocal_department;oncreate;
1229;2;1685509387;auth_db;field_updateremote_department;0;
1230;2;1685509387;auth_db;field_lock_department;unlocked;
1231;2;1685509387;auth_db;field_map_phone1;;
1232;2;1685509387;auth_db;field_updatelocal_phone1;oncreate;
1233;2;1685509387;auth_db;field_updateremote_phone1;0;
1234;2;1685509387;auth_db;field_lock_phone1;unlocked;
1235;2;1685509387;auth_db;field_map_phone2;;
1236;2;1685509387;auth_db;field_updatelocal_phone2;oncreate;
1237;2;1685509387;auth_db;field_updateremote_phone2;0;
1238;2;1685509387;auth_db;field_lock_phone2;unlocked;
1239;2;1685509387;auth_db;field_map_address;;
1240;2;1685509387;auth_db;field_updatelocal_address;oncreate;
1241;2;1685509387;auth_db;field_updateremote_address;0;
1242;2;1685509387;auth_db;field_lock_address;unlocked;
1243;2;1685509387;auth_db;field_map_firstnamephonetic;;
1244;2;1685509387;auth_db;field_updatelocal_firstnamephonetic;oncreate;
1245;2;1685509387;auth_db;field_updateremote_firstnamephonetic;0;
1246;2;1685509387;auth_db;field_lock_firstnamephonetic;unlocked;
1247;2;1685509387;auth_db;field_map_lastnamephonetic;;
1248;2;1685509387;auth_db;field_updatelocal_lastnamephonetic;oncreate;
1249;2;1685509387;auth_db;field_updateremote_lastnamephonetic;0;
1250;2;1685509387;auth_db;field_lock_lastnamephonetic;unlocked;
1251;2;1685509387;auth_db;field_map_middlename;;
1252;2;1685509387;auth_db;field_updatelocal_middlename;oncreate;
1253;2;1685509387;auth_db;field_updateremote_middlename;0;
1254;2;1685509387;auth_db;field_lock_middlename;unlocked;
1255;2;1685509387;auth_db;field_map_alternatename;;
1256;2;1685509387;auth_db;field_updatelocal_alternatename;oncreate;
1257;2;1685509387;auth_db;field_updateremote_alternatename;0;
1258;2;1685509387;auth_db;field_lock_alternatename;unlocked;
1259;2;1685509387;auth_ldap;field_map_firstname;;
1260;2;1685509388;auth_ldap;field_updatelocal_firstname;oncreate;
1261;2;1685509388;auth_ldap;field_updateremote_firstname;0;
1262;2;1685509388;auth_ldap;field_lock_firstname;unlocked;
1263;2;1685509388;auth_ldap;field_map_lastname;;
1264;2;1685509388;auth_ldap;field_updatelocal_lastname;oncreate;
1265;2;1685509388;auth_ldap;field_updateremote_lastname;0;
1266;2;1685509388;auth_ldap;field_lock_lastname;unlocked;
1267;2;1685509388;auth_ldap;field_map_email;;
1268;2;1685509388;auth_ldap;field_updatelocal_email;oncreate;
1269;2;1685509388;auth_ldap;field_updateremote_email;0;
1270;2;1685509388;auth_ldap;field_lock_email;unlocked;
1271;2;1685509388;auth_ldap;field_map_city;;
1272;2;1685509388;auth_ldap;field_updatelocal_city;oncreate;
1273;2;1685509388;auth_ldap;field_updateremote_city;0;
1274;2;1685509388;auth_ldap;field_lock_city;unlocked;
1275;2;1685509388;auth_ldap;field_map_country;;
1276;2;1685509388;auth_ldap;field_updatelocal_country;oncreate;
1277;2;1685509388;auth_ldap;field_updateremote_country;0;
1278;2;1685509388;auth_ldap;field_lock_country;unlocked;
1279;2;1685509388;auth_ldap;field_map_lang;;
1280;2;1685509388;auth_ldap;field_updatelocal_lang;oncreate;
1281;2;1685509388;auth_ldap;field_updateremote_lang;0;
1282;2;1685509388;auth_ldap;field_lock_lang;unlocked;
1283;2;1685509388;auth_ldap;field_map_description;;
1284;2;1685509388;auth_ldap;field_updatelocal_description;oncreate;
1285;2;1685509388;auth_ldap;field_updateremote_description;0;
1286;2;1685509388;auth_ldap;field_lock_description;unlocked;
1287;2;1685509388;auth_ldap;field_map_idnumber;;
1288;2;1685509388;auth_ldap;field_updatelocal_idnumber;oncreate;
1289;2;1685509388;auth_ldap;field_updateremote_idnumber;0;
1290;2;1685509388;auth_ldap;field_lock_idnumber;unlocked;
1291;2;1685509388;auth_ldap;field_map_institution;;
1292;2;1685509388;auth_ldap;field_updatelocal_institution;oncreate;
1293;2;1685509388;auth_ldap;field_updateremote_institution;0;
1294;2;1685509388;auth_ldap;field_lock_institution;unlocked;
1295;2;1685509388;auth_ldap;field_map_department;;
1296;2;1685509388;auth_ldap;field_updatelocal_department;oncreate;
1297;2;1685509388;auth_ldap;field_updateremote_department;0;
1298;2;1685509388;auth_ldap;field_lock_department;unlocked;
1299;2;1685509388;auth_ldap;field_map_phone1;;
1300;2;1685509388;auth_ldap;field_updatelocal_phone1;oncreate;
1301;2;1685509388;auth_ldap;field_updateremote_phone1;0;
1302;2;1685509388;auth_ldap;field_lock_phone1;unlocked;
1303;2;1685509388;auth_ldap;field_map_phone2;;
1304;2;1685509388;auth_ldap;field_updatelocal_phone2;oncreate;
1305;2;1685509388;auth_ldap;field_updateremote_phone2;0;
1306;2;1685509388;auth_ldap;field_lock_phone2;unlocked;
1307;2;1685509388;auth_ldap;field_map_address;;
1308;2;1685509388;auth_ldap;field_updatelocal_address;oncreate;
1309;2;1685509388;auth_ldap;field_updateremote_address;0;
1310;2;1685509388;auth_ldap;field_lock_address;unlocked;
1311;2;1685509389;auth_ldap;field_map_firstnamephonetic;;
1312;2;1685509389;auth_ldap;field_updatelocal_firstnamephonetic;oncreate;
1313;2;1685509389;auth_ldap;field_updateremote_firstnamephonetic;0;
1314;2;1685509389;auth_ldap;field_lock_firstnamephonetic;unlocked;
1315;2;1685509389;auth_ldap;field_map_lastnamephonetic;;
1316;2;1685509389;auth_ldap;field_updatelocal_lastnamephonetic;oncreate;
1317;2;1685509389;auth_ldap;field_updateremote_lastnamephonetic;0;
1318;2;1685509389;auth_ldap;field_lock_lastnamephonetic;unlocked;
1319;2;1685509389;auth_ldap;field_map_middlename;;
1320;2;1685509389;auth_ldap;field_updatelocal_middlename;oncreate;
1321;2;1685509389;auth_ldap;field_updateremote_middlename;0;
1322;2;1685509389;auth_ldap;field_lock_middlename;unlocked;
1323;2;1685509389;auth_ldap;field_map_alternatename;;
1324;2;1685509389;auth_ldap;field_updatelocal_alternatename;oncreate;
1325;2;1685509389;auth_ldap;field_updateremote_alternatename;0;
1326;2;1685509389;auth_ldap;field_lock_alternatename;unlocked;
1327;2;1685509389;auth_manual;expiration;0;
1328;2;1685509389;auth_manual;expirationtime;30;
1329;2;1685509389;auth_manual;expiration_warning;0;
1330;2;1685509389;auth_manual;field_lock_firstname;unlocked;
1331;2;1685509389;auth_manual;field_lock_lastname;unlocked;
1332;2;1685509389;auth_manual;field_lock_email;unlocked;
1333;2;1685509389;auth_manual;field_lock_city;unlocked;
1334;2;1685509389;auth_manual;field_lock_country;unlocked;
1335;2;1685509389;auth_manual;field_lock_lang;unlocked;
1336;2;1685509389;auth_manual;field_lock_description;unlocked;
1337;2;1685509389;auth_manual;field_lock_idnumber;unlocked;
1338;2;1685509389;auth_manual;field_lock_institution;unlocked;
1339;2;1685509389;auth_manual;field_lock_department;unlocked;
1340;2;1685509389;auth_manual;field_lock_phone1;unlocked;
1341;2;1685509389;auth_manual;field_lock_phone2;unlocked;
1342;2;1685509389;auth_manual;field_lock_address;unlocked;
1343;2;1685509389;auth_manual;field_lock_firstnamephonetic;unlocked;
1344;2;1685509389;auth_manual;field_lock_lastnamephonetic;unlocked;
1345;2;1685509389;auth_manual;field_lock_middlename;unlocked;
1346;2;1685509389;auth_manual;field_lock_alternatename;unlocked;
1347;2;1685509389;auth_mnet;rpc_negotiation_timeout;30;
1348;2;1685509389;auth_none;field_lock_firstname;unlocked;
1349;2;1685509389;auth_none;field_lock_lastname;unlocked;
1350;2;1685509389;auth_none;field_lock_email;unlocked;
1351;2;1685509389;auth_none;field_lock_city;unlocked;
1352;2;1685509389;auth_none;field_lock_country;unlocked;
1353;2;1685509389;auth_none;field_lock_lang;unlocked;
1354;2;1685509389;auth_none;field_lock_description;unlocked;
1355;2;1685509389;auth_none;field_lock_idnumber;unlocked;
1356;2;1685509389;auth_none;field_lock_institution;unlocked;
1357;2;1685509389;auth_none;field_lock_department;unlocked;
1358;2;1685509389;auth_none;field_lock_phone1;unlocked;
1359;2;1685509389;auth_none;field_lock_phone2;unlocked;
1360;2;1685509389;auth_none;field_lock_address;unlocked;
1361;2;1685509389;auth_none;field_lock_firstnamephonetic;unlocked;
1362;2;1685509390;auth_none;field_lock_lastnamephonetic;unlocked;
1363;2;1685509390;auth_none;field_lock_middlename;unlocked;
1364;2;1685509390;auth_none;field_lock_alternatename;unlocked;
1365;2;1685509390;auth_oauth2;field_lock_firstname;unlocked;
1366;2;1685509390;auth_oauth2;field_lock_lastname;unlocked;
1367;2;1685509390;auth_oauth2;field_lock_email;unlocked;
1368;2;1685509390;auth_oauth2;field_lock_city;unlocked;
1369;2;1685509390;auth_oauth2;field_lock_country;unlocked;
1370;2;1685509390;auth_oauth2;field_lock_lang;unlocked;
1371;2;1685509390;auth_oauth2;field_lock_description;unlocked;
1372;2;1685509390;auth_oauth2;field_lock_idnumber;unlocked;
1373;2;1685509390;auth_oauth2;field_lock_institution;unlocked;
1374;2;1685509390;auth_oauth2;field_lock_department;unlocked;
1375;2;1685509390;auth_oauth2;field_lock_phone1;unlocked;
1376;2;1685509390;auth_oauth2;field_lock_phone2;unlocked;
1377;2;1685509390;auth_oauth2;field_lock_address;unlocked;
1378;2;1685509390;auth_oauth2;field_lock_firstnamephonetic;unlocked;
1379;2;1685509390;auth_oauth2;field_lock_lastnamephonetic;unlocked;
1380;2;1685509390;auth_oauth2;field_lock_middlename;unlocked;
1381;2;1685509390;auth_oauth2;field_lock_alternatename;unlocked;
1382;2;1685509390;auth_shibboleth;user_attribute;;
1383;2;1685509390;auth_shibboleth;convert_data;;
1384;2;1685509390;auth_shibboleth;alt_login;off;
1385;2;1685509390;auth_shibboleth;organization_selection;"urn:mace:organization1:providerID, Example Organization 1
        https://another.idp-id.com/shibboleth, Other Example Organization, /Shibboleth.sso/DS/SWITCHaai
        urn:mace:organization2:providerID, Example Organization 2, /Shibboleth.sso/WAYF/SWITCHaai";
1386;2;1685509390;auth_shibboleth;logout_handler;;
1387;2;1685509390;auth_shibboleth;logout_return_url;;
1388;2;1685509390;auth_shibboleth;login_name;"Shibboleth Login";
1389;2;1685509390;auth_shibboleth;auth_logo;;
1390;2;1685509390;auth_shibboleth;auth_instructions;"Use the <a href=""http://localhost/moodle/auth/shibboleth/index.php"">Shibboleth login</a> to get access via Shibboleth, if your institution supports it. Otherwise, use the normal login form shown here.";
1391;2;1685509390;auth_shibboleth;changepasswordurl;;
1392;2;1685509390;auth_shibboleth;field_map_firstname;;
1393;2;1685509390;auth_shibboleth;field_updatelocal_firstname;oncreate;
1394;2;1685509390;auth_shibboleth;field_lock_firstname;unlocked;
1395;2;1685509390;auth_shibboleth;field_map_lastname;;
1396;2;1685509390;auth_shibboleth;field_updatelocal_lastname;oncreate;
1397;2;1685509390;auth_shibboleth;field_lock_lastname;unlocked;
1398;2;1685509390;auth_shibboleth;field_map_email;;
1399;2;1685509390;auth_shibboleth;field_updatelocal_email;oncreate;
1400;2;1685509390;auth_shibboleth;field_lock_email;unlocked;
1401;2;1685509390;auth_shibboleth;field_map_city;;
1402;2;1685509390;auth_shibboleth;field_updatelocal_city;oncreate;
1403;2;1685509390;auth_shibboleth;field_lock_city;unlocked;
1404;2;1685509390;auth_shibboleth;field_map_country;;
1405;2;1685509390;auth_shibboleth;field_updatelocal_country;oncreate;
1406;2;1685509391;auth_shibboleth;field_lock_country;unlocked;
1407;2;1685509391;auth_shibboleth;field_map_lang;;
1408;2;1685509391;auth_shibboleth;field_updatelocal_lang;oncreate;
1409;2;1685509391;auth_shibboleth;field_lock_lang;unlocked;
1410;2;1685509391;auth_shibboleth;field_map_description;;
1411;2;1685509391;auth_shibboleth;field_updatelocal_description;oncreate;
1412;2;1685509391;auth_shibboleth;field_lock_description;unlocked;
1413;2;1685509391;auth_shibboleth;field_map_idnumber;;
1414;2;1685509391;auth_shibboleth;field_updatelocal_idnumber;oncreate;
1415;2;1685509391;auth_shibboleth;field_lock_idnumber;unlocked;
1416;2;1685509391;auth_shibboleth;field_map_institution;;
1417;2;1685509391;auth_shibboleth;field_updatelocal_institution;oncreate;
1418;2;1685509391;auth_shibboleth;field_lock_institution;unlocked;
1419;2;1685509391;auth_shibboleth;field_map_department;;
1420;2;1685509391;auth_shibboleth;field_updatelocal_department;oncreate;
1421;2;1685509391;auth_shibboleth;field_lock_department;unlocked;
1422;2;1685509391;auth_shibboleth;field_map_phone1;;
1423;2;1685509391;auth_shibboleth;field_updatelocal_phone1;oncreate;
1424;2;1685509391;auth_shibboleth;field_lock_phone1;unlocked;
1425;2;1685509391;auth_shibboleth;field_map_phone2;;
1426;2;1685509391;auth_shibboleth;field_updatelocal_phone2;oncreate;
1427;2;1685509391;auth_shibboleth;field_lock_phone2;unlocked;
1428;2;1685509391;auth_shibboleth;field_map_address;;
1429;2;1685509391;auth_shibboleth;field_updatelocal_address;oncreate;
1430;2;1685509391;auth_shibboleth;field_lock_address;unlocked;
1431;2;1685509391;auth_shibboleth;field_map_firstnamephonetic;;
1432;2;1685509391;auth_shibboleth;field_updatelocal_firstnamephonetic;oncreate;
1433;2;1685509391;auth_shibboleth;field_lock_firstnamephonetic;unlocked;
1434;2;1685509391;auth_shibboleth;field_map_lastnamephonetic;;
1435;2;1685509391;auth_shibboleth;field_updatelocal_lastnamephonetic;oncreate;
1436;2;1685509391;auth_shibboleth;field_lock_lastnamephonetic;unlocked;
1437;2;1685509391;auth_shibboleth;field_map_middlename;;
1438;2;1685509391;auth_shibboleth;field_updatelocal_middlename;oncreate;
1439;2;1685509391;auth_shibboleth;field_lock_middlename;unlocked;
1440;2;1685509391;auth_shibboleth;field_map_alternatename;;
1441;2;1685509391;auth_shibboleth;field_updatelocal_alternatename;oncreate;
1442;2;1685509391;auth_shibboleth;field_lock_alternatename;unlocked;
1443;2;1685509391;block_accessreview;whattoshow;showboth;
1444;2;1685509391;block_accessreview;errordisplay;showint;
1445;2;1685509391;block_accessreview;toolpage;errors;
1446;2;1685509391;block_activity_results;config_showbest;3;
1447;2;1685509391;block_activity_results;config_showbest_locked;;
1448;2;1685509391;block_activity_results;config_showworst;0;
1449;2;1685509391;block_activity_results;config_showworst_locked;;
1450;2;1685509392;block_activity_results;config_usegroups;0;
1451;2;1685509392;block_activity_results;config_usegroups_locked;;
1452;2;1685509392;block_activity_results;config_nameformat;1;
1453;2;1685509392;block_activity_results;config_nameformat_locked;;
1454;2;1685509392;block_activity_results;config_gradeformat;1;
1455;2;1685509392;block_activity_results;config_gradeformat_locked;;
1456;2;1685509392;block_activity_results;config_decimalpoints;2;
1457;2;1685509392;block_activity_results;config_decimalpoints_locked;;
1458;2;1685509392;block_myoverview;displaycategories;1;
1459;2;1685509392;block_myoverview;layouts;card,list,summary;
1460;2;1685509392;block_myoverview;displaygroupingallincludinghidden;0;
1461;2;1685509392;block_myoverview;displaygroupingall;1;
1462;2;1685509392;block_myoverview;displaygroupinginprogress;1;
1463;2;1685509392;block_myoverview;displaygroupingpast;1;
1464;2;1685509392;block_myoverview;displaygroupingfuture;1;
1465;2;1685509392;block_myoverview;displaygroupingcustomfield;0;
1466;2;1685509392;block_myoverview;customfiltergrouping;;
1467;2;1685509392;block_myoverview;displaygroupingfavourites;1;
1468;2;1685509392;block_myoverview;displaygroupinghidden;1;
1469;2;1685509392;;block_course_list_adminview;all;
1470;2;1685509392;;block_course_list_hideallcourseslink;0;
1471;2;1685509392;;block_online_users_timetosee;5;
1472;2;1685509392;;block_online_users_onlinestatushiding;1;
1473;2;1685509392;block_recentlyaccessedcourses;displaycategories;1;
1474;2;1685509392;;block_rss_client_num_entries;5;
1475;2;1685509392;;block_rss_client_timeout;30;
1476;2;1685509392;block_section_links;numsections1;22;
1477;2;1685509392;block_section_links;incby1;2;
1478;2;1685509392;block_section_links;numsections2;40;
1479;2;1685509392;block_section_links;incby2;5;
1480;2;1685509392;block_section_links;showsectionname;0;
1481;2;1685509392;block_starredcourses;displaycategories;1;
1482;2;1685509392;;block_html_allowcssclasses;0;
1483;2;1685509392;block_tag_youtube;apikey;;
1484;2;1685509392;format_singleactivity;activitytype;forum;
1485;2;1685509392;format_topics;indentation;1;
1486;2;1685509392;format_weeks;indentation;1;
1487;2;1685509392;fileconverter_googledrive;issuerid;;
1488;2;1685509392;;pathtounoconv;/usr/bin/unoconv;
1489;2;1685509392;enrol_cohort;roleid;5;
1490;2;1685509392;enrol_cohort;unenrolaction;0;
1491;2;1685509392;enrol_meta;nosyncroleids;;
1492;2;1685509392;enrol_meta;syncall;1;
1493;2;1685509392;enrol_meta;unenrolaction;3;
1494;2;1685509392;enrol_meta;coursesort;sortorder;
1495;2;1685509392;enrol_fee;expiredaction;3;
1496;2;1685509392;enrol_fee;status;1;
1497;2;1685509392;enrol_fee;cost;0;
1498;2;1685509392;enrol_fee;currency;USD;
1499;2;1685509392;enrol_fee;roleid;5;
1500;2;1685509393;enrol_fee;enrolperiod;0;
1501;2;1685509393;enrol_database;dbtype;;
1502;2;1685509393;enrol_database;dbhost;localhost;
1503;2;1685509393;enrol_database;dbuser;;
1504;2;1685509393;enrol_database;dbpass;;
1505;2;1685509393;enrol_database;dbname;;
1506;2;1685509393;enrol_database;dbencoding;utf-8;
1507;2;1685509393;enrol_database;dbsetupsql;;
1508;2;1685509393;enrol_database;dbsybasequoting;0;
1509;2;1685509393;enrol_database;debugdb;0;
1510;2;1685509393;enrol_database;localcoursefield;idnumber;
1511;2;1685509393;enrol_database;localuserfield;idnumber;
1512;2;1685509393;enrol_database;localrolefield;shortname;
1513;2;1685509393;enrol_database;localcategoryfield;id;
1514;2;1685509393;enrol_database;remoteenroltable;;
1515;2;1685509393;enrol_database;remotecoursefield;;
1516;2;1685509393;enrol_database;remoteuserfield;;
1517;2;1685509393;enrol_database;remoterolefield;;
1518;2;1685509393;enrol_database;remoteotheruserfield;;
1519;2;1685509393;enrol_database;defaultrole;5;
1520;2;1685509393;enrol_database;ignorehiddencourses;0;
1521;2;1685509393;enrol_database;unenrolaction;0;
1522;2;1685509393;enrol_database;newcoursetable;;
1523;2;1685509393;enrol_database;newcoursefullname;fullname;
1524;2;1685509393;enrol_database;newcourseshortname;shortname;
1525;2;1685509393;enrol_database;newcourseidnumber;idnumber;
1526;2;1685509393;enrol_database;newcoursecategory;;
1527;2;1685509393;enrol_database;defaultcategory;1;
1528;2;1685509393;enrol_database;templatecourse;;
1529;2;1685509393;enrol_flatfile;location;;
1530;2;1685509393;enrol_flatfile;encoding;UTF-8;
1531;2;1685509393;enrol_flatfile;mailstudents;0;
1532;2;1685509393;enrol_flatfile;mailteachers;0;
1533;2;1685509393;enrol_flatfile;mailadmins;0;
1534;2;1685509393;enrol_flatfile;unenrolaction;3;
1535;2;1685509393;enrol_flatfile;expiredaction;3;
1536;2;1685509393;enrol_guest;requirepassword;0;
1537;2;1685509393;enrol_guest;usepasswordpolicy;0;
1538;2;1685509393;enrol_guest;showhint;0;
1539;2;1685509393;enrol_guest;defaultenrol;1;
1540;2;1685509393;enrol_guest;status;1;
1541;2;1685509393;enrol_guest;status_adv;;
1542;2;1685509393;enrol_imsenterprise;imsfilelocation;;
1543;2;1685509393;enrol_imsenterprise;logtolocation;;
1544;2;1685509393;enrol_imsenterprise;mailadmins;0;
1545;2;1685509393;enrol_imsenterprise;createnewusers;0;
1546;2;1685509393;enrol_imsenterprise;imsupdateusers;0;
1547;2;1685509393;enrol_imsenterprise;imsdeleteusers;0;
1548;2;1685509393;enrol_imsenterprise;fixcaseusernames;0;
1549;2;1685509393;enrol_imsenterprise;fixcasepersonalnames;0;
1550;2;1685509394;enrol_imsenterprise;imssourcedidfallback;0;
1551;2;1685509394;enrol_imsenterprise;imsrolemap01;5;
1552;2;1685509394;enrol_imsenterprise;imsrolemap02;3;
1553;2;1685509394;enrol_imsenterprise;imsrolemap03;3;
1554;2;1685509394;enrol_imsenterprise;imsrolemap04;5;
1555;2;1685509394;enrol_imsenterprise;imsrolemap05;0;
1556;2;1685509394;enrol_imsenterprise;imsrolemap06;4;
1557;2;1685509394;enrol_imsenterprise;imsrolemap07;0;
1558;2;1685509394;enrol_imsenterprise;imsrolemap08;4;
1559;2;1685509394;enrol_imsenterprise;truncatecoursecodes;0;
1560;2;1685509394;enrol_imsenterprise;createnewcourses;0;
1561;2;1685509394;enrol_imsenterprise;updatecourses;0;
1562;2;1685509394;enrol_imsenterprise;createnewcategories;0;
1563;2;1685509394;enrol_imsenterprise;nestedcategories;0;
1564;2;1685509394;enrol_imsenterprise;categoryidnumber;0;
1565;2;1685509394;enrol_imsenterprise;categoryseparator;;
1566;2;1685509394;enrol_imsenterprise;imsunenrol;0;
1567;2;1685509394;enrol_imsenterprise;unenrolaction;0;
1568;2;1685509394;enrol_imsenterprise;imscoursemapshortname;coursecode;
1569;2;1685509394;enrol_imsenterprise;imscoursemapfullname;short;
1570;2;1685509394;enrol_imsenterprise;imscoursemapsummary;ignore;
1571;2;1685509394;enrol_imsenterprise;imsrestricttarget;;
1572;2;1685509394;enrol_imsenterprise;imscapitafix;0;
1573;2;1685509394;enrol_manual;expiredaction;1;
1574;2;1685509394;enrol_manual;expirynotifyhour;6;
1575;2;1685509394;enrol_manual;defaultenrol;1;
1576;2;1685509394;enrol_manual;status;0;
1577;2;1685509394;enrol_manual;roleid;5;
1578;2;1685509394;enrol_manual;enrolstart;4;
1579;2;1685509394;enrol_manual;enrolperiod;0;
1580;2;1685509394;enrol_manual;expirynotify;0;
1581;2;1685509394;enrol_manual;expirythreshold;86400;
1582;2;1685509394;enrol_mnet;roleid;5;
1583;2;1685509394;enrol_mnet;roleid_adv;1;
1584;2;1685509394;enrol_paypal;paypalbusiness;;
1585;2;1685509394;enrol_paypal;mailstudents;0;
1586;2;1685509394;enrol_paypal;mailteachers;0;
1587;2;1685509394;enrol_paypal;mailadmins;0;
1588;2;1685509394;enrol_paypal;expiredaction;3;
1589;2;1685509394;enrol_paypal;status;1;
1590;2;1685509394;enrol_paypal;cost;0;
1591;2;1685509394;enrol_paypal;currency;USD;
1592;2;1685509394;enrol_paypal;roleid;5;
1593;2;1685509394;enrol_paypal;enrolperiod;0;
1594;2;1685509394;enrol_lti;emaildisplay;2;
1595;2;1685509394;enrol_lti;city;;
1596;2;1685509394;enrol_lti;country;;
1597;2;1685509394;enrol_lti;timezone;99;
1598;2;1685509394;enrol_lti;lang;en;
1599;2;1685509394;enrol_lti;institution;;
1600;2;1685509394;enrol_self;requirepassword;0;
1601;2;1685509395;enrol_self;usepasswordpolicy;0;
1602;2;1685509395;enrol_self;showhint;0;
1603;2;1685509395;enrol_self;expiredaction;1;
1604;2;1685509395;enrol_self;expirynotifyhour;6;
1605;2;1685509395;enrol_self;defaultenrol;1;
1606;2;1685509395;enrol_self;status;1;
1607;2;1685509395;enrol_self;newenrols;1;
1608;2;1685509395;enrol_self;groupkey;0;
1609;2;1685509395;enrol_self;roleid;5;
1610;2;1685509395;enrol_self;enrolperiod;0;
1611;2;1685509395;enrol_self;expirynotify;0;
1612;2;1685509395;enrol_self;expirythreshold;86400;
1613;2;1685509395;enrol_self;longtimenosee;0;
1614;2;1685509395;enrol_self;maxenrolled;0;
1615;2;1685509395;enrol_self;sendcoursewelcomemessage;1;
1616;2;1685509395;filter_urltolink;formats;1,4,0;
1617;2;1685509395;filter_urltolink;embedimages;1;
1618;2;1685509395;filter_emoticon;formats;1,4,0;
1619;2;1685509395;filter_displayh5p;allowedsources;;
1620;2;1685509395;filter_mathjaxloader;httpsurl;https://cdn.jsdelivr.net/npm/mathjax@2.7.9/MathJax.js;
1621;2;1685509395;filter_mathjaxloader;texfiltercompatibility;0;
1622;2;1685509395;filter_mathjaxloader;mathjaxconfig;"
MathJax.Hub.Config({
    config: [""Accessible.js"", ""Safe.js""],
    errorSettings: { message: [""!""] },
    skipStartupTypeset: true,
    messageStyle: ""none""
});
";
1623;2;1685509395;filter_mathjaxloader;additionaldelimiters;;
1624;2;1685509395;;filter_multilang_force_old;0;
1625;2;1685509395;filter_tex;latexpreamble;"\usepackage[latin1]{inputenc}
\usepackage{amsmath}
\usepackage{amsfonts}
\RequirePackage{amsmath,amssymb,latexsym}
";
1626;2;1685509395;filter_tex;latexbackground;#FFFFFF;
1627;2;1685509395;filter_tex;density;120;
1628;2;1685509395;filter_tex;pathlatex;"c:\texmf\miktex\bin\latex.exe";
1629;2;1685509395;filter_tex;pathdvips;"c:\texmf\miktex\bin\dvips.exe";
1630;2;1685509395;filter_tex;pathconvert;"c:\imagemagick\convert.exe";
1631;2;1685509395;filter_tex;pathdvisvgm;"c:\texmf\miktex\bin\dvisvgm.exe";
1632;2;1685509395;filter_tex;pathmimetex;;
1633;2;1685509395;filter_tex;convertformat;gif;
1634;2;1685509395;logstore_database;dbdriver;;
1635;2;1685509395;logstore_database;dbhost;;
1636;2;1685509395;logstore_database;dbuser;;
1637;2;1685509395;logstore_database;dbpass;;
1638;2;1685509395;logstore_database;dbname;;
1639;2;1685509395;logstore_database;dbtable;;
1640;2;1685509395;logstore_database;dbpersist;0;
1641;2;1685509395;logstore_database;dbsocket;;
1642;2;1685509395;logstore_database;dbport;;
1643;2;1685509395;logstore_database;dbschema;;
1644;2;1685509395;logstore_database;dbcollation;;
1645;2;1685509395;logstore_database;dbhandlesoptions;0;
1646;2;1685509395;logstore_database;buffersize;50;
1647;2;1685509395;logstore_database;jsonformat;1;
1648;2;1685509395;logstore_database;logguests;0;
1649;2;1685509395;logstore_database;includelevels;1,2,0;
1650;2;1685509395;logstore_database;includeactions;c,r,u,d;
1651;2;1685509395;logstore_standard;logguests;1;
1652;2;1685509395;logstore_standard;jsonformat;1;
1653;2;1685509395;logstore_standard;loglifetime;0;
1654;2;1685509396;logstore_standard;buffersize;50;
1655;2;1685509396;mlbackend_python;useserver;0;
1656;2;1685509396;mlbackend_python;host;;
1657;2;1685509396;mlbackend_python;port;0;
1658;2;1685509396;mlbackend_python;secure;0;
1659;2;1685509396;mlbackend_python;username;default;
1660;2;1685509396;mlbackend_python;password;;
1661;2;1685509396;media_videojs;videoextensions;html_video,media_source,.f4v,.flv;
1662;2;1685509396;media_videojs;audioextensions;html_audio;
1663;2;1685509396;media_videojs;youtube;1;
1664;2;1685509396;media_videojs;videocssclass;video-js;
1665;2;1685509396;media_videojs;audiocssclass;video-js;
1666;2;1685509396;media_videojs;limitsize;1;
1667;2;1685509396;paygw_paypal;surcharge;0;
1668;2;1685509396;qtype_multichoice;answerhowmany;1;
1669;2;1685509396;qtype_multichoice;shuffleanswers;1;
1670;2;1685509396;qtype_multichoice;answernumbering;abc;
1671;2;1685509396;qtype_multichoice;showstandardinstruction;0;
1672;2;1685509396;editor_atto;toolbar;"collapse = collapse
style1 = title, bold, italic
list = unorderedlist, orderedlist, indent
links = link
files = emojipicker, image, media, recordrtc, managefiles, h5p
accessibility = accessibilitychecker, accessibilityhelper
style2 = underline, strike, subscript, superscript
align = align
insert = equation, charmap, table, clear
undo = undo
other = html";
1673;2;1685509396;editor_atto;autosavefrequency;60;
1674;2;1685509396;atto_collapse;showgroups;6;
1675;2;1685509396;atto_equation;librarygroup1;"
\cdot
\times
\ast
\div
\diamond
\pm
\mp
\oplus
\ominus
\otimes
\oslash
\odot
\circ
\bullet
\asymp
\equiv
\subseteq
\supseteq
\leq
\geq
\preceq
\succeq
\sim
\simeq
\approx
\subset
\supset
\ll
\gg
\prec
\succ
\infty
\in
\ni
\forall
\exists
\neq
";
1676;2;1685509396;atto_equation;librarygroup2;"
\leftarrow
\rightarrow
\uparrow
\downarrow
\leftrightarrow
\nearrow
\searrow
\swarrow
\nwarrow
\Leftarrow
\Rightarrow
\Uparrow
\Downarrow
\Leftrightarrow
";
1677;2;1685509396;atto_equation;librarygroup3;"
\alpha
\beta
\gamma
\delta
\epsilon
\zeta
\eta
\theta
\iota
\kappa
\lambda
\mu
\nu
\xi
\pi
\rho
\sigma
\tau
\upsilon
\phi
\chi
\psi
\omega
\Gamma
\Delta
\Theta
\Lambda
\Xi
\Pi
\Sigma
\Upsilon
\Phi
\Psi
\Omega
";
1678;2;1685509396;atto_equation;librarygroup4;"
\sum{a,b}
\sqrt[a]{b+c}
\int_{a}^{b}{c}
\iint_{a}^{b}{c}
\iiint_{a}^{b}{c}
\oint{a}
(a)
[a]
\lbrace{a}\rbrace
\left| \begin{matrix} a_1 & a_2 \\ a_3 & a_4 \end{matrix} \right|
\frac{a}{b+c}
\vec{a}
\binom {a} {b}
{a \brack b}
{a \brace b}
";
1679;2;1685509396;atto_recordrtc;allowedtypes;both;
1680;2;1685509396;atto_recordrtc;audiobitrate;128000;
1681;2;1685509396;atto_recordrtc;videobitrate;2500000;
1682;2;1685509396;atto_recordrtc;audiotimelimit;120;
1683;2;1685509396;atto_recordrtc;videotimelimit;120;
1684;2;1685509396;atto_table;allowborders;0;
1685;2;1685509396;atto_table;allowbackgroundcolour;0;
1686;2;1685509396;atto_table;allowwidth;0;
1687;2;1685509396;editor_tiny;branding;1;
1688;2;1685509396;tiny_equation;librarygroup1;"
\cdot
\times
\ast
\div
\diamond
\pm
\mp
\oplus
\ominus
\otimes
\oslash
\odot
\circ
\bullet
\asymp
\equiv
\subseteq
\supseteq
\leq
\geq
\preceq
\succeq
\sim
\simeq
\approx
\subset
\supset
\ll
\gg
\prec
\succ
\infty
\in
\ni
\forall
\exists
\neq
";
1689;2;1685509396;tiny_equation;librarygroup2;"
\leftarrow
\rightarrow
\uparrow
\downarrow
\leftrightarrow
\nearrow
\searrow
\swarrow
\nwarrow
\Leftarrow
\Rightarrow
\Uparrow
\Downarrow
\Leftrightarrow
";
1690;2;1685509396;tiny_equation;librarygroup3;"
\alpha
\beta
\gamma
\delta
\epsilon
\zeta
\eta
\theta
\iota
\kappa
\lambda
\mu
\nu
\xi
\pi
\rho
\sigma
\tau
\upsilon
\phi
\chi
\psi
\omega
\Gamma
\Delta
\Theta
\Lambda
\Xi
\Pi
\Sigma
\Upsilon
\Phi
\Psi
\Omega
";
1691;2;1685509396;tiny_equation;librarygroup4;"
\sum{a,b}
\sqrt[a]{b+c}
\int_{a}^{b}{c}
\iint_{a}^{b}{c}
\iiint_{a}^{b}{c}
\oint{a}
(a)
[a]
\lbrace{a}\rbrace
\left| \begin{matrix} a_1 & a_2 \\ a_3 & a_4 \end{matrix} \right|
\frac{a}{b+c}
\vec{a}
\binom {a} {b}
{a \brack b}
{a \brace b}
";
1692;2;1685509396;tiny_recordrtc;allowedtypes;both;
1693;2;1685509396;tiny_recordrtc;audiobitrate;128000;
1694;2;1685509396;tiny_recordrtc;videobitrate;2500000;
1695;2;1685509396;tiny_recordrtc;audiotimelimit;120;
1696;2;1685509396;tiny_recordrtc;videotimelimit;120;
1697;2;1685509396;;profileroles;5,4,3;
1698;2;1685509396;;coursecontact;3;
1699;2;1685509396;;frontpage;6;
1700;2;1685509396;;frontpageloggedin;6;
1701;2;1685509397;;maxcategorydepth;2;
1702;2;1685509397;;frontpagecourselimit;200;
1703;2;1685509397;;commentsperpage;15;
1704;2;1685509397;;defaultfrontpageroleid;8;
1705;2;1685509397;;messageinbound_enabled;0;
1706;2;1685509397;;messageinbound_mailbox;;
1707;2;1685509397;;messageinbound_domain;;
1708;2;1685509397;;messageinbound_host;;
1709;2;1685509397;;messageinbound_hostssl;ssl;
1710;2;1685509397;;messageinbound_hostuser;;
1711;2;1685509397;;messageinbound_hostpass;;
1712;2;1685509397;tool_mobile;apppolicy;;
1713;2;1685509397;tool_mobile;typeoflogin;1;
1714;2;1685509397;tool_mobile;qrcodetype;1;
1715;2;1685509397;tool_mobile;qrkeyttl;600;
1716;2;1685509397;tool_mobile;qrsameipcheck;1;
1717;2;1685509397;tool_mobile;forcedurlscheme;moodlemobile;
1718;2;1685509397;tool_mobile;minimumversion;;
1719;2;1685509397;tool_mobile;autologinmintimebetweenreq;360;
1720;2;1685509397;;mobilecssurl;;
1721;2;1685509397;tool_mobile;enablesmartappbanners;0;
1722;2;1685509397;tool_mobile;iosappid;633359593;
1723;2;1685509397;tool_mobile;androidappid;com.moodle.moodlemobile;
1724;2;1685509397;tool_mobile;setuplink;https://download.moodle.org/mobile;
1725;2;1685509397;tool_mobile;forcelogout;0;
1726;2;1685509397;tool_mobile;disabledfeatures;;
1727;2;1685509397;tool_mobile;custommenuitems;;
1728;2;1685509397;tool_mobile;filetypeexclusionlist;;
1729;2;1685509397;tool_mobile;customlangstrings;;
1730;2;1685509398;;enablemobilewebservice;0;
1731;2;1685509398;tool_moodlenet;defaultmoodlenetname;"MoodleNet Central";
1732;2;1685509398;tool_moodlenet;defaultmoodlenet;https://moodle.net;
1733;2;1685509516;;timezone;Europe/Berlin;
1734;2;1685509516;;registerauth;;
1735;2;1685509532;;supportemail;renedominik.heidbrink@studium.fernuni-hagen.de;
1736;2;1685509532;;noreplyaddress;renedominik.heidbrink@studium.fernuni-hagen.de;
1737;2;1685510938;;debug;15;0
1738;2;1685510964;;debug;32767;15
1739;2;1685511460;;debugsqltrace;1;0
1740;2;1685511476;;debugsqltrace;100;1
1741;2;1685511762;;debugdisplay;1;0
1742;2;1685511762;;perfdebug;15;7
1743;2;1685511762;;debugstringids;1;0
1744;2;1685511802;;perfdebug;7;15
1745;2;1685511802;;debugstringids;0;1
1746;2;1685511868;;perfdebug;15;7
1747;2;1685511868;;debugstringids;1;0
1748;2;1685511868;;debugvalidators;1;0
1749;2;1685511869;;debugpageinfo;1;0
1750;2;1685511869;;debugtemplateinfo;1;0
1751;2;1685511897;;perfdebug;7;15
1752;2;1685511897;;debugvalidators;0;1
1753;2;1685511897;;debugpageinfo;0;1
1754;2;1685511897;;debugtemplateinfo;0;1
1755;2;1685511916;;debugdisplay;0;1
1756;2;1685511927;;perfdebug;15;7
1757;2;1685511927;;debugstringids;0;1
1758;2;1685511938;;perfdebug;7;15
1759;2;1685511938;;debugvalidators;1;0
1760;2;1685511947;;debugvalidators;0;1
1761;2;1685511947;;debugpageinfo;1;0
1762;2;1685511956;;debugpageinfo;0;1
1763;2;1685511956;;debugtemplateinfo;1;0
1764;2;1685511966;;debugdisplay;1;0
1765;2;1685551764;;debugtemplateinfo;0;1
1766;2;1685587477;;perfdebug;15;7
1767;2;1685587477;;debugvalidators;1;0
1768;2;1685587477;;debugtemplateinfo;1;0
1769;2;1685587667;;debugstringids;1;0
1770;2;1685587667;;debugvalidators;0;1
1771;2;1685593806;;perfdebug;7;15
1772;2;1685593806;;debugstringids;0;1
1773;2;1685593806;;debugtemplateinfo;0;1
1774;2;1685790674;;debugdisplay;0;1
