1;5f8e911d0da441e36f47c5c46f4393269211ca56;508e674d49c30d4fde325fe6c7f6fd3d56b247e1;1;assignfeedback_editpdf;stamps;0;/;smile.png;2;1085;image/png;0;;;;1685509146;1685509146;0;
2;da39a3ee5e6b4b0d3255bfef95601890afd80709;70b7cdade7b4e27d4e83f0cdaad10d6a3c0cccb5;1;assignfeedback_editpdf;stamps;0;/;.;2;0;;0;;;;1685509146;1685509146;0;
3;75c101cb8cb34ea573cd25ac38f8157b1de901b8;68317eab56c67d32aeaee5acf509a0c4aa828b6b;1;assignfeedback_editpdf;stamps;0;/;sad.png;2;966;image/png;0;;;;1685509146;1685509146;0;
4;0c5190a24c3943966541401c883eacaa20ca20cb;695a55ff780e61c9e59428aa425430b0d6bde53b;1;assignfeedback_editpdf;stamps;0;/;tick.png;2;1039;image/png;0;;;;1685509146;1685509146;0;
5;8c96a486d5801e0f4ab8c411f561f1c687e1f865;373e63af262a9b8466ba8632551520be793c37ff;1;assignfeedback_editpdf;stamps;0;/;cross.png;2;861;image/png;0;;;;1685509146;1685509146;0;
6;6f340b440e4d038fb467279868ea64358d79c5dd;4e82caf1e320ddfbddfa653b9ea6331831575c25;5;user;draft;722219041;/;shorturldemux.zip;2;11631;application/zip;0;"O:8:""stdClass"":1:{s:6:""source"";s:17:""shorturldemux.zip"";}";"Admin User";unknown;1685509617;1685509617;0;
7;da39a3ee5e6b4b0d3255bfef95601890afd80709;915c4ebbd5da268a6bcfe9b6a757897ecf1e6294;5;user;draft;722219041;/;.;2;0;;0;;;;1685509617;1685509617;0;
