1;unknown;"Licence not specified";;1;2010033100;0;1
2;allrightsreserved;"All rights reserved";https://en.wikipedia.org/wiki/All_rights_reserved;1;2010033100;0;2
3;public;"Public domain";https://en.wikipedia.org/wiki/Public_domain;1;2010033100;0;3
4;cc;"Creative Commons";https://creativecommons.org/licenses/by/3.0/;1;2010033100;0;4
5;cc-nd;"Creative Commons - NoDerivs";https://creativecommons.org/licenses/by-nd/3.0/;1;2010033100;0;5
6;cc-nc-nd;"Creative Commons - No Commercial NoDerivs";https://creativecommons.org/licenses/by-nc-nd/3.0/;1;2010033100;0;6
7;cc-nc;"Creative Commons - No Commercial";https://creativecommons.org/licenses/by-nc/3.0/;1;2010033100;0;7
8;cc-nc-sa;"Creative Commons - No Commercial ShareAlike";https://creativecommons.org/licenses/by-nc-sa/3.0/;1;2010033100;0;8
9;cc-sa;"Creative Commons - ShareAlike";https://creativecommons.org/licenses/by-sa/3.0/;1;2010033100;0;9
