1;1;tour_navigation_course_index_student_title,tool_usertours;tour_navigation_course_index_student_content,tool_usertours;1;0;"#theme_boost-drawers-courseindex .drawercontent";0;{}
2;2;tour_navigation_course_edit_teacher_title,tool_usertours;tour_navigation_course_edit_teacher_content,tool_usertours;1;0;form.editmode-switch-form;0;{}
3;2;tour_navigation_course_index_teacher_title,tool_usertours;tour_navigation_course_index_teacher_content,tool_usertours;1;0;"#theme_boost-drawers-courseindex .drawercontent";1;"{""placement"":""right""}"
4;2;tour_navigation_course_announcements_teacher_title,tool_usertours;tour_navigation_course_announcements_teacher_content,tool_usertours;1;0;".course-content .course-content-item-content .activity-item[data-activityname=""Announcements""]";2;"{""placement"":""left""}"
5;3;tour_navigation_mycourses_title,tool_usertours;tour_navigation_mycourses_content,tool_usertours;1;0;".header-actions-container .btn-group.course-manage";0;{}
6;4;tour_navigation_dashboard_title,tool_usertours;tour_navigation_dashboard_content,tool_usertours;1;0;".drawer-toggles .drawer-toggler.drawer-right-toggle";0;"{""placement"":""left""}"
