2;rolesactive;1
3;auth;email
4;enrol_plugins_enabled;manual,guest,self,cohort
5;theme;boost
6;filter_multilang_converted;1
7;siteidentifier;87MERKFxY2Gh8dBpcXwjZcAbY9xcxuQ4localhost
8;backup_version;2008111700
9;backup_release;"2.0 dev"
10;mnet_dispatcher_mode;off
11;sessiontimeout;28800
12;stringfilters;
13;filterall;0
14;texteditors;tiny,atto,tinymce,textarea
15;antiviruses;
16;media_plugins_sortorder;videojs,youtube
17;upgrade_extracreditweightsstepignored;1
18;upgrade_calculatedgradeitemsignored;1
19;upgrade_letterboundarycourses;1
20;mnet_localhost_id;1
21;mnet_all_hosts_id;2
22;siteguest;1
23;siteadmins;2
24;themerev;1691931301
25;jsrev;1691931301
26;templaterev;1691931301
27;gdversion;2
28;licenses;unknown,allrightsreserved,public,cc,cc-nd,cc-nc-nd,cc-nc,cc-nc-sa,cc-sa
29;sitedefaultlicense;unknown
30;version;2023042400
31;enableuserfeedback;0
32;userfeedback_nextreminder;1
33;userfeedback_remindafter;90
34;enableoutcomes;0
35;usecomments;1
36;usetags;1
37;enablenotes;1
38;enableportfolios;0
39;enablewebservices;0
40;enablestats;0
41;enablerssfeeds;0
42;enableblogs;1
43;enablecompletion;1
44;completiondefault;1
45;enableavailability;1
46;enableplagiarism;0
47;enablebadges;1
48;enableglobalsearch;0
49;allowstealth;0
50;enableanalytics;1
51;messaging;1
52;enablecustomreports;1
53;allowemojipicker;1
54;userfiltersdefault;realname
55;defaultpreference_maildisplay;2
56;defaultpreference_mailformat;1
57;defaultpreference_maildigest;0
58;defaultpreference_autosubscribe;1
59;defaultpreference_trackforums;0
60;defaultpreference_core_contentbank_visibility;1
61;enroladminnewcourse;1
62;autologinguests;0
63;hiddenuserfields;
64;showuseridentity;email
65;fullnamedisplay;language
66;alternativefullnameformat;language
67;maxusersperpage;100
68;enablegravatar;0
69;gravatardefaulturl;mm
70;agedigitalconsentverification;0
71;agedigitalconsentmap;"*, 16
AT, 14
BE, 13
BG, 14
CY, 14
CZ, 15
DK, 13
EE, 13
ES, 14
FI, 13
FR, 15
GB, 13
GR, 15
IT, 14
LT, 14
LV, 13
MT, 13
NO, 13
PT, 13
SE, 13
US, 13"
72;sitepolicy;
73;sitepolicyguest;
74;downloadcoursecontentallowed;0
75;maxsizeperdownloadcoursefile;52428800
76;enablecourserequests;1
77;defaultrequestcategory;1
78;lockrequestcategory;0
79;courserequestnotify;
80;activitychoosertabmode;3
81;activitychooseractivefooter;hidden
82;enableasyncbackup;0
83;grade_profilereport;user
84;grade_aggregationposition;1
85;grade_includescalesinaggregation;1
86;grade_hiddenasdate;0
87;gradepublishing;0
88;grade_export_exportfeedback;0
89;grade_export_displaytype;1
90;grade_export_decimalpoints;2
91;grade_export_userprofilefields;firstname,lastname,idnumber,institution,department,email
92;grade_export_customprofilefields;
93;recovergradesdefault;0
94;gradeexport;
95;unlimitedgrades;0
96;grade_report_showmin;1
97;gradepointmax;100
98;gradepointdefault;100
99;grade_minmaxtouse;1
100;grade_mygrades_report;overview
101;gradereport_mygradeurl;
102;grade_hideforcedsettings;1
103;grade_aggregation;13
104;grade_aggregation_flag;0
105;grade_aggregations_visible;13
106;grade_aggregateonlygraded;1
107;grade_aggregateonlygraded_flag;2
108;grade_aggregateoutcomes;0
109;grade_aggregateoutcomes_flag;2
110;grade_keephigh;0
111;grade_keephigh_flag;3
112;grade_droplow;0
113;grade_droplow_flag;2
114;grade_overridecat;1
115;grade_displaytype;1
116;grade_decimalpoints;2
117;grade_item_advanced;iteminfo,idnumber,gradepass,plusfactor,multfactor,display,decimals,hiddenuntil,locktime
118;grade_report_showonlyactiveenrol;1
119;grade_report_quickgrading;1
120;grade_report_meanselection;1
121;grade_report_showaverages;1
122;grade_report_showranges;0
123;grade_report_showuserimage;1
124;grade_report_shownumberofgrades;0
125;grade_report_averagesdisplaytype;inherit
126;grade_report_rangesdisplaytype;inherit
127;grade_report_averagesdecimalpoints;inherit
128;grade_report_rangesdecimalpoints;inherit
129;grade_report_historyperpage;50
130;grade_report_overview_showrank;0
131;grade_report_overview_showtotalsifcontainhidden;0
132;grade_report_user_showrank;0
133;grade_report_user_showpercentage;1
134;grade_report_user_showgrade;1
135;grade_report_user_showfeedback;1
136;grade_report_user_showrange;1
137;grade_report_user_showweight;1
138;grade_report_user_showaverage;0
139;grade_report_user_showlettergrade;0
140;grade_report_user_rangedecimals;0
141;grade_report_user_showhiddenitems;1
142;grade_report_user_showtotalsifcontainhidden;0
143;grade_report_user_showcontributiontocoursetotal;1
144;badges_defaultissuername;
145;badges_defaultissuercontact;
146;badges_badgesalt;badges1685508969
147;badges_allowcoursebadges;1
148;badges_allowexternalbackpack;1
149;rememberuserlicensepref;1
151;forcetimezone;99
152;country;0
153;defaultcity;
154;geoip2file;"C:\xampp\moodledata/geoip/GeoLite2-City.mmdb"
155;googlemapkey3;
156;allcountrycodes;
157;autolang;1
158;lang;en
159;autolangusercreation;1
160;langmenu;1
161;langlist;
162;langrev;1691931301
163;langcache;1
164;langstringcache;1
165;locale;
166;latinexcelexport;0
167;enablepdfexportfont;0
168;messagingallusers;0
169;messagingdefaultpressenter;1
170;messagingdeletereadnotificationsdelay;604800
171;messagingdeleteallnotificationsdelay;2620800
172;messagingallowemailoverride;0
173;requiremodintro;0
175;authloginviaemail;0
176;allowaccountssameemail;0
177;authpreventaccountcreation;0
178;loginpageautofocus;0
179;guestloginbutton;1
180;limitconcurrentlogins;0
181;alternateloginurl;
182;forgottenpasswordurl;
183;auth_instructions;
184;allowemailaddresses;
185;denyemailaddresses;
186;verifychangedemail;1
187;recaptchapublickey;
188;recaptchaprivatekey;
189;filteruploadedfiles;0
190;filtermatchoneperpage;0
191;filtermatchonepertext;0
192;filternavigationwithsystemcontext;0
193;media_default_width;640
194;media_default_height;360
195;portfolio_moderate_filesize_threshold;1048576
196;portfolio_high_filesize_threshold;5242880
197;portfolio_moderate_db_threshold;20
198;portfolio_high_db_threshold;50
199;repositorycacheexpire;120
200;repositorygetfiletimeout;30
201;repositorysyncfiletimeout;1
202;repositorysyncimagetimeout;3
203;repositoryallowexternallinks;1
204;legacyfilesinnewcourses;0
205;legacyfilesaddallowed;1
206;searchengine;simpledb
207;searchindexwhendisabled;0
208;searchindextime;600
209;searchallavailablecourses;0
210;searchincludeallcourses;0
211;searchenablecategories;0
212;searchdefaultcategory;core-all
213;searchhideallcategory;0
214;searchmaxtopresults;3
215;searchteacherroles;
216;searchenginequeryonly;
217;searchbannerenable;0
218;searchbanner;
219;allowbeforeblock;0
220;allowedip;
221;blockedip;
222;protectusernames;1
223;forcelogin;0
224;forceloginforprofiles;1
225;forceloginforprofileimage;0
226;opentowebcrawlers;0
227;allowindexing;0
228;maxbytes;0
229;userquota;104857600
230;allowobjectembed;0
231;enabletrusttext;0
232;maxeditingtime;1800
233;extendedusernamechars;0
234;keeptagnamecase;1
235;profilesforenrolledusersonly;1
236;cronclionly;1
237;cronremotepassword;
238;lockoutthreshold;0
239;lockoutwindow;1800
240;lockoutduration;1800
241;passwordpolicy;1
242;minpasswordlength;8
243;minpassworddigits;1
244;minpasswordlower;1
245;minpasswordupper;1
246;minpasswordnonalphanum;1
247;maxconsecutiveidentchars;0
248;passwordpolicycheckonlogin;0
249;passwordreuselimit;0
250;pwresettime;1800
251;passwordchangelogout;0
252;passwordchangetokendeletion;0
253;tokenduration;7257600
254;groupenrolmentkeypolicy;1
255;disableuserimages;0
256;emailchangeconfirmation;1
257;rememberusername;2
258;strictformsrequired;0
259;cookiesecure;1
260;cookiehttponly;0
261;allowframembedding;0
262;curlsecurityblockedhosts;"127.0.0.0/8
192.168.0.0/16
10.0.0.0/8
172.16.0.0/12
0.0.0.0
localhost
169.254.169.254
0000::1"
263;curlsecurityallowedport;"443
80"
264;referrerpolicy;default
265;displayloginfailures;0
266;notifyloginfailures;
267;notifyloginthreshold;10
268;themelist;
269;themedesignermode;0
270;allowuserthemes;0
271;allowcoursethemes;0
272;allowcategorythemes;0
273;allowcohortthemes;0
274;allowthemechangeonurl;0
275;allowuserblockhiding;1
276;langmenuinsecurelayout;0
277;logininfoinsecurelayout;0
278;custommenuitems;
279;customusermenuitems;"profile,moodle|/user/profile.php
grades,grades|/grade/report/mygrades.php
calendar,core_calendar|/calendar/view.php?view=month
privatefiles,moodle|/user/files.php
reports,core_reportbuilder|/reportbuilder/index.php"
280;enabledevicedetection;1
281;devicedetectregex;[]
282;calendartype;gregorian
283;calendar_adminseesall;0
284;calendar_site_timeformat;0
285;calendar_startwday;1
286;calendar_weekend;65
287;calendar_lookahead;21
288;calendar_maxevents;10
289;enablecalendarexport;1
290;calendar_customexport;1
291;calendar_exportlookahead;365
292;calendar_exportlookback;5
293;calendar_exportsalt;q21QkrH5N8mrQaEMyPXEMmSFv45w4Otm0umVbonHJt2mRbTS1Yisd3dk5nx3
294;calendar_showicalsource;1
295;useblogassociations;1
296;bloglevel;4
297;useexternalblogs;1
298;externalblogcrontime;86400
299;maxexternalblogsperuser;1
300;blogusecomments;1
301;blogshowcommentscount;1
302;enabledashboard;1
303;defaulthomepage;1
304;navshowfullcoursenames;0
305;navshowcategories;1
306;navshowmycoursecategories;0
307;navshowallcourses;0
308;navsortmycoursessort;sortorder
309;navsortmycourseshiddenlast;1
310;navcourselimit;10
311;usesitenameforsitepages;0
312;linkadmincategories;1
313;linkcoursesections;1
314;navshowfrontpagemods;1
315;navadduserpostslinks;1
316;formatstringstriptags;1
317;emoticons;"[{""text"":"":-)"",""imagename"":""s\/smiley"",""imagecomponent"":""core"",""altidentifier"":""smiley"",""altcomponent"":""core_pix""},{""text"":"":)"",""imagename"":""s\/smiley"",""imagecomponent"":""core"",""altidentifier"":""smiley"",""altcomponent"":""core_pix""},{""text"":"":-D"",""imagename"":""s\/biggrin"",""imagecomponent"":""core"",""altidentifier"":""biggrin"",""altcomponent"":""core_pix""},{""text"":"";-)"",""imagename"":""s\/wink"",""imagecomponent"":""core"",""altidentifier"":""wink"",""altcomponent"":""core_pix""},{""text"":"":-\/"",""imagename"":""s\/mixed"",""imagecomponent"":""core"",""altidentifier"":""mixed"",""altcomponent"":""core_pix""},{""text"":""V-."",""imagename"":""s\/thoughtful"",""imagecomponent"":""core"",""altidentifier"":""thoughtful"",""altcomponent"":""core_pix""},{""text"":"":-P"",""imagename"":""s\/tongueout"",""imagecomponent"":""core"",""altidentifier"":""tongueout"",""altcomponent"":""core_pix""},{""text"":"":-p"",""imagename"":""s\/tongueout"",""imagecomponent"":""core"",""altidentifier"":""tongueout"",""altcomponent"":""core_pix""},{""text"":""B-)"",""imagename"":""s\/cool"",""imagecomponent"":""core"",""altidentifier"":""cool"",""altcomponent"":""core_pix""},{""text"":""^-)"",""imagename"":""s\/approve"",""imagecomponent"":""core"",""altidentifier"":""approve"",""altcomponent"":""core_pix""},{""text"":""8-)"",""imagename"":""s\/wideeyes"",""imagecomponent"":""core"",""altidentifier"":""wideeyes"",""altcomponent"":""core_pix""},{""text"":"":o)"",""imagename"":""s\/clown"",""imagecomponent"":""core"",""altidentifier"":""clown"",""altcomponent"":""core_pix""},{""text"":"":-("",""imagename"":""s\/sad"",""imagecomponent"":""core"",""altidentifier"":""sad"",""altcomponent"":""core_pix""},{""text"":"":("",""imagename"":""s\/sad"",""imagecomponent"":""core"",""altidentifier"":""sad"",""altcomponent"":""core_pix""},{""text"":""8-."",""imagename"":""s\/shy"",""imagecomponent"":""core"",""altidentifier"":""shy"",""altcomponent"":""core_pix""},{""text"":"":-I"",""imagename"":""s\/blush"",""imagecomponent"":""core"",""altidentifier"":""blush"",""altcomponent"":""core_pix""},{""text"":"":-X"",""imagename"":""s\/kiss"",""imagecomponent"":""core"",""altidentifier"":""kiss"",""altcomponent"":""core_pix""},{""text"":""8-o"",""imagename"":""s\/surprise"",""imagecomponent"":""core"",""altidentifier"":""surprise"",""altcomponent"":""core_pix""},{""text"":""P-|"",""imagename"":""s\/blackeye"",""imagecomponent"":""core"",""altidentifier"":""blackeye"",""altcomponent"":""core_pix""},{""text"":""8-["",""imagename"":""s\/angry"",""imagecomponent"":""core"",""altidentifier"":""angry"",""altcomponent"":""core_pix""},{""text"":""(grr)"",""imagename"":""s\/angry"",""imagecomponent"":""core"",""altidentifier"":""angry"",""altcomponent"":""core_pix""},{""text"":""xx-P"",""imagename"":""s\/dead"",""imagecomponent"":""core"",""altidentifier"":""dead"",""altcomponent"":""core_pix""},{""text"":""|-."",""imagename"":""s\/sleepy"",""imagecomponent"":""core"",""altidentifier"":""sleepy"",""altcomponent"":""core_pix""},{""text"":""}-]"",""imagename"":""s\/evil"",""imagecomponent"":""core"",""altidentifier"":""evil"",""altcomponent"":""core_pix""},{""text"":""(h)"",""imagename"":""s\/heart"",""imagecomponent"":""core"",""altidentifier"":""heart"",""altcomponent"":""core_pix""},{""text"":""(heart)"",""imagename"":""s\/heart"",""imagecomponent"":""core"",""altidentifier"":""heart"",""altcomponent"":""core_pix""},{""text"":""(y)"",""imagename"":""s\/yes"",""imagecomponent"":""core"",""altidentifier"":""yes"",""altcomponent"":""core""},{""text"":""(n)"",""imagename"":""s\/no"",""imagecomponent"":""core"",""altidentifier"":""no"",""altcomponent"":""core""},{""text"":""(martin)"",""imagename"":""s\/martin"",""imagecomponent"":""core"",""altidentifier"":""martin"",""altcomponent"":""core_pix""},{""text"":""( )"",""imagename"":""s\/egg"",""imagecomponent"":""core"",""altidentifier"":""egg"",""altcomponent"":""core_pix""}]"
318;docroot;https://docs.moodle.org
319;doclang;
320;doctonewwindow;0
321;coursecreationguide;https://moodle.academy/coursequickstart
322;coursecontactduplicates;0
323;courselistshortnames;0
324;coursesperpage;20
325;courseswithsummarieslimit;10
326;courseoverviewfileslimit;1
327;courseoverviewfilesext;web_image
328;coursegraceperiodbefore;0
329;coursegraceperiodafter;0
330;yuicomboloading;1
331;cachejs;1
332;additionalhtmlhead;
333;additionalhtmltopofbody;
334;additionalhtmlfooter;
335;cachetemplates;1
336;pathtophp;
337;pathtodu;
338;aspellpath;
339;pathtodot;
340;pathtogs;/usr/bin/gs
341;pathtopdftoppm;
342;pathtopython;
343;supportname;"Admin User"
344;supportpage;
345;supportavailability;1
346;servicespage;
347;dbsessions;0
348;sessiontimeoutwarning;1200
349;sessioncookie;
350;sessioncookiepath;
351;sessioncookiedomain;
352;statsfirstrun;none
353;statsmaxruntime;0
354;statsruntimedays;31
355;statsuserthreshold;0
356;slasharguments;1
357;getremoteaddrconf;3
358;reverseproxyignore;
359;proxyhost;
360;proxyport;0
361;proxytype;HTTP
362;proxyuser;
363;proxypassword;
364;proxybypass;"localhost, 127.0.0.1"
365;proxylogunsafe;0
366;proxyfixunsafe;0
367;maintenance_enabled;0
368;maintenance_message;
369;deleteunconfirmed;168
370;deleteincompleteusers;0
371;disablegradehistory;0
372;gradehistorylifetime;0
373;tempdatafoldercleanup;168
374;xapicleanupperiod;4838400
375;filescleanupperiod;86400
376;extramemorylimit;512M
377;maxtimelimit;0
378;curlcache;120
379;curltimeoutkbitrate;56
380;cron_enabled;1
381;cron_keepalive;180
382;task_scheduled_concurrency_limit;3
383;task_scheduled_max_runtime;1800
384;task_adhoc_concurrency_limit;3
385;task_adhoc_max_runtime;1800
386;task_logmode;1
387;task_logtostdout;1
388;task_logretention;2419200
389;task_logretainruns;20
390;smtphosts;
391;smtpsecure;
392;smtpauthtype;LOGIN
393;smtpuser;
394;smtppass;
395;smtpmaxbulk;1
396;allowedemaildomains;
397;divertallemailsto;
398;divertallemailsexcept;
399;emaildkimselector;
400;sitemailcharset;0
401;allowusermailcharset;0
402;allowattachments;1
403;mailnewline;LF
404;emailfromvia;1
405;emailsubjectprefix;
406;emailheaders;
407;updateautocheck;1
408;updateminmaturity;200
409;updatenotifybuilds;0
410;enablewsdocumentation;0
411;customreportslimit;0
412;customreportsliveediting;1
413;dndallowtextandlinks;0
414;pathtosassc;
415;contextlocking;0
416;contextlockappliestoadmin;1
417;forceclean;0
418;enablecourserelativedates;0
419;enablesharingtomoodlenet;0
420;debug;32767
421;debugdisplay;0
422;perfdebug;7
423;debugstringids;0
424;debugsqltrace;100
425;debugvalidators;0
426;debugpageinfo;0
427;debugtemplateinfo;0
428;profilingenabled;0
429;profilingincluded;
430;profilingexcluded;
431;profilingautofrec;0
432;profilingallowme;0
433;profilingallowall;0
434;profilingslow;0
435;profilinglifetime;1440
436;profilingimportprefix;(I)
437;allowguestmymoodle;1
438;release;"4.2 (Build: 20230424)"
439;localcachedirpurged;1691931301
440;scheduledtaskreset;1691931301
441;paygw_plugins_sortorder;paypal
442;allversionshash;98ec1632ac6e35393dcb25fbafe4ba7da5bee1e8
443;allcomponenthash;a4255aa8591d50c2f67bd94c2bb5c12bcbd38192
445;registrationpending;0
446;branch;402
447;enableaccessibilitytools;1
448;notloggedinroleid;6
449;guestroleid;6
450;defaultuserroleid;7
451;creatornewroleid;3
452;restorernewroleid;3
453;sitepolicyhandler;
454;gradebookroles;5
455;h5plibraryhandler;h5plib_v124
456;airnotifierurl;https://messages.moodle.net
457;airnotifierport;443
458;airnotifiermobileappname;com.moodle.moodlemobile
459;airnotifierappname;commoodlemoodlemobile
460;airnotifieraccesskey;
461;bigbluebuttonbn_default_dpa_accepted;0
462;bigbluebuttonbn_server_url;https://test-moodle.blindsidenetworks.com/bigbluebutton/
463;bigbluebuttonbn_shared_secret;0b21fcaf34673a8c3ec8ed877d76ae34
464;bigbluebuttonbn_checksum_algorithm;SHA1
465;bigbluebuttonbn_poll_interval;5
466;bigbluebuttonbn_welcome_default;
467;bigbluebuttonbn_welcome_editable;1
468;bigbluebuttonbn_recording_default;1
469;bigbluebuttonbn_recording_refresh_period;300
470;bigbluebuttonbn_recording_editable;1
471;bigbluebuttonbn_recording_all_from_start_default;0
472;bigbluebuttonbn_recording_all_from_start_editable;0
473;bigbluebuttonbn_recording_hide_button_default;0
474;bigbluebuttonbn_recording_hide_button_editable;0
475;bigbluebuttonbn_recording_safe_formats;video,presentation
476;bigbluebuttonbn_importrecordings_enabled;0
477;bigbluebuttonbn_importrecordings_from_deleted_enabled;0
478;bigbluebuttonbn_recordings_deleted_default;1
479;bigbluebuttonbn_recordings_deleted_editable;0
480;bigbluebuttonbn_recordings_imported_default;0
481;bigbluebuttonbn_recordings_imported_editable;1
482;bigbluebuttonbn_recordings_preview_default;1
483;bigbluebuttonbn_recordings_preview_editable;0
484;bigbluebuttonbn_recordings_asc_sort;0
485;bigbluebuttonbn_recording_protect_editable;1
486;bigbluebuttonbn_waitformoderator_default;0
487;bigbluebuttonbn_waitformoderator_editable;1
488;bigbluebuttonbn_waitformoderator_ping_interval;10
489;bigbluebuttonbn_waitformoderator_cache_ttl;60
490;bigbluebuttonbn_voicebridge_editable;0
491;bigbluebuttonbn_preuploadpresentation_editable;0
492;bigbluebuttonbn_userlimit_default;0
493;bigbluebuttonbn_userlimit_editable;0
494;bigbluebuttonbn_participant_moderator_default;0
495;bigbluebuttonbn_muteonstart_default;0
496;bigbluebuttonbn_muteonstart_editable;0
497;bigbluebuttonbn_disablecam_default;0
498;bigbluebuttonbn_disablecam_editable;1
499;bigbluebuttonbn_disablemic_default;0
500;bigbluebuttonbn_disablemic_editable;1
501;bigbluebuttonbn_disableprivatechat_default;0
502;bigbluebuttonbn_disableprivatechat_editable;1
503;bigbluebuttonbn_disablepublicchat_default;0
504;bigbluebuttonbn_disablepublicchat_editable;1
505;bigbluebuttonbn_disablenote_default;0
506;bigbluebuttonbn_disablenote_editable;1
507;bigbluebuttonbn_hideuserlist_default;0
508;bigbluebuttonbn_hideuserlist_editable;1
509;bigbluebuttonbn_recordingready_enabled;0
510;bigbluebuttonbn_profile_picture_enabled;0
511;bigbluebuttonbn_meetingevents_enabled;0
512;bigbluebuttonbn_guestaccess_enabled;0
513;chat_method;ajax
514;chat_refresh_userlist;10
515;chat_old_ping;35
516;chat_refresh_room;5
517;chat_normal_updatemode;jsupdate
518;chat_serverhost;localhost
519;chat_serverip;127.0.0.1
520;chat_serverport;9111
521;chat_servermax;100
522;data_enablerssfeeds;0
523;feedback_allowfullanonymous;0
524;forum_displaymode;3
525;forum_shortpost;300
526;forum_longpost;600
527;forum_manydiscussions;100
528;forum_maxbytes;512000
529;forum_maxattachments;9
530;forum_subscription;0
531;forum_trackingtype;1
532;forum_trackreadposts;1
533;forum_allowforcedreadtracking;0
534;forum_oldpostdays;14
535;forum_usermarksread;0
536;forum_cleanreadtime;2
537;digestmailtime;17
538;forum_enablerssfeeds;0
539;forum_enabletimedposts;1
540;glossary_entbypage;10
541;glossary_dupentries;0
542;glossary_allowcomments;0
543;glossary_linkbydefault;1
544;glossary_defaultapproval;1
545;glossary_enablerssfeeds;0
546;glossary_linkentries;0
547;glossary_casesensitive;0
548;glossary_fullmatch;0
549;block_course_list_adminview;all
550;block_course_list_hideallcourseslink;0
551;block_online_users_timetosee;5
552;block_online_users_onlinestatushiding;1
553;block_rss_client_num_entries;5
554;block_rss_client_timeout;30
555;block_html_allowcssclasses;0
556;pathtounoconv;/usr/bin/unoconv
557;filter_multilang_force_old;0
558;profileroles;5,4,3
559;coursecontact;3
560;frontpage;6
561;frontpageloggedin;6
562;maxcategorydepth;2
563;frontpagecourselimit;200
564;commentsperpage;15
565;defaultfrontpageroleid;8
566;messageinbound_enabled;0
567;messageinbound_mailbox;
568;messageinbound_domain;
569;messageinbound_host;
570;messageinbound_hostssl;ssl
571;messageinbound_hostuser;
572;messageinbound_hostpass;
573;mobilecssurl;
574;enablemobilewebservice;0
575;timezone;Europe/Berlin
576;registerauth;
577;supportemail;renedominik.heidbrink@studium.fernuni-hagen.de
578;noreplyaddress;renedominik.heidbrink@studium.fernuni-hagen.de
