1;core_auth_confirm_user;core_auth_external;confirm_user;;moodle;;
2;core_auth_request_password_reset;core_auth_external;request_password_reset;;moodle;;
3;core_auth_is_minor;core_auth_external;is_minor;;moodle;;
4;core_auth_is_age_digital_consent_verification_enabled;core_auth_external;is_age_digital_consent_verification_enabled;;moodle;;
5;core_auth_resend_confirmation_email;core_auth_external;resend_confirmation_email;;moodle;;
6;core_backup_get_async_backup_progress;core_backup_external;get_async_backup_progress;backup/externallib.php;moodle;;
7;core_backup_get_async_backup_links_backup;core_backup_external;get_async_backup_links_backup;backup/externallib.php;moodle;;
8;core_backup_get_async_backup_links_restore;core_backup_external;get_async_backup_links_restore;backup/externallib.php;moodle;;
9;core_backup_get_copy_progress;core_backup_external;get_copy_progress;backup/externallib.php;moodle;;
10;core_backup_submit_copy_form;core_backup_external;submit_copy_form;backup/externallib.php;moodle;;
11;core_badges_get_user_badges;core_badges_external;get_user_badges;;moodle;moodle/badges:viewotherbadges;moodle_mobile_app
12;core_blog_get_entries;"core_blog\external";get_entries;;moodle;;moodle_mobile_app
13;core_blog_view_entries;"core_blog\external";view_entries;;moodle;;moodle_mobile_app
14;core_calendar_get_calendar_monthly_view;core_calendar_external;get_calendar_monthly_view;calendar/externallib.php;moodle;;moodle_mobile_app
15;core_calendar_get_calendar_day_view;core_calendar_external;get_calendar_day_view;calendar/externallib.php;moodle;;moodle_mobile_app
16;core_calendar_get_calendar_upcoming_view;core_calendar_external;get_calendar_upcoming_view;calendar/externallib.php;moodle;;moodle_mobile_app
17;core_calendar_update_event_start_day;core_calendar_external;update_event_start_day;calendar/externallib.php;moodle;"moodle/calendar:manageentries, moodle/calendar:manageownentries, moodle/calendar:managegroupentries";moodle_mobile_app
18;core_calendar_create_calendar_events;core_calendar_external;create_calendar_events;calendar/externallib.php;moodle;"moodle/calendar:manageentries, moodle/calendar:manageownentries, moodle/calendar:managegroupentries";moodle_mobile_app
19;core_calendar_delete_calendar_events;core_calendar_external;delete_calendar_events;calendar/externallib.php;moodle;"moodle/calendar:manageentries, moodle/calendar:manageownentries, moodle/calendar:managegroupentries";moodle_mobile_app
20;core_calendar_get_calendar_events;core_calendar_external;get_calendar_events;calendar/externallib.php;moodle;"moodle/calendar:manageentries, moodle/calendar:manageownentries, moodle/calendar:managegroupentries";moodle_mobile_app
21;core_calendar_get_action_events_by_timesort;core_calendar_external;get_calendar_action_events_by_timesort;calendar/externallib.php;moodle;"moodle/calendar:manageentries, moodle/calendar:manageownentries, moodle/calendar:managegroupentries";moodle_mobile_app
22;core_calendar_get_action_events_by_course;core_calendar_external;get_calendar_action_events_by_course;calendar/externallib.php;moodle;"moodle/calendar:manageentries, moodle/calendar:manageownentries, moodle/calendar:managegroupentries";moodle_mobile_app
23;core_calendar_get_action_events_by_courses;core_calendar_external;get_calendar_action_events_by_courses;calendar/externallib.php;moodle;"moodle/calendar:manageentries, moodle/calendar:manageownentries, moodle/calendar:managegroupentries";moodle_mobile_app
24;core_calendar_get_calendar_event_by_id;core_calendar_external;get_calendar_event_by_id;calendar/externallib.php;moodle;"moodle/calendar:manageentries, moodle/calendar:manageownentries, moodle/calendar:managegroupentries";moodle_mobile_app
25;core_calendar_submit_create_update_form;core_calendar_external;submit_create_update_form;calendar/externallib.php;moodle;"moodle/calendar:manageentries, moodle/calendar:manageownentries, moodle/calendar:managegroupentries";moodle_mobile_app
26;core_calendar_get_calendar_access_information;core_calendar_external;get_calendar_access_information;calendar/externallib.php;moodle;;moodle_mobile_app
27;core_calendar_get_allowed_event_types;core_calendar_external;get_allowed_event_types;calendar/externallib.php;moodle;;moodle_mobile_app
28;core_calendar_get_timestamps;core_calendar_external;get_timestamps;calendar/externallib.php;moodle;;
29;core_calendar_get_calendar_export_token;"core_calendar\external\export\token";execute;;moodle;;moodle_mobile_app
30;core_calendar_delete_subscription;"core_calendar\external\subscription\delete";execute;;moodle;;
31;core_cohort_add_cohort_members;core_cohort_external;add_cohort_members;cohort/externallib.php;moodle;moodle/cohort:assign;
32;core_cohort_create_cohorts;core_cohort_external;create_cohorts;cohort/externallib.php;moodle;moodle/cohort:manage;
33;core_cohort_delete_cohort_members;core_cohort_external;delete_cohort_members;cohort/externallib.php;moodle;moodle/cohort:assign;
34;core_cohort_delete_cohorts;core_cohort_external;delete_cohorts;cohort/externallib.php;moodle;moodle/cohort:manage;
35;core_cohort_get_cohort_members;core_cohort_external;get_cohort_members;cohort/externallib.php;moodle;moodle/cohort:view;
36;core_cohort_search_cohorts;core_cohort_external;search_cohorts;cohort/externallib.php;moodle;moodle/cohort:view;
37;core_cohort_get_cohorts;core_cohort_external;get_cohorts;cohort/externallib.php;moodle;moodle/cohort:view;
38;core_cohort_update_cohorts;core_cohort_external;update_cohorts;cohort/externallib.php;moodle;moodle/cohort:manage;
39;core_comment_get_comments;core_comment_external;get_comments;;moodle;moodle/comment:view;moodle_mobile_app
40;core_comment_add_comments;core_comment_external;add_comments;;moodle;;moodle_mobile_app
41;core_comment_delete_comments;core_comment_external;delete_comments;;moodle;;moodle_mobile_app
42;core_completion_get_activities_completion_status;core_completion_external;get_activities_completion_status;;moodle;;moodle_mobile_app
43;core_completion_get_course_completion_status;core_completion_external;get_course_completion_status;;moodle;report/completion:view;moodle_mobile_app
44;core_completion_mark_course_self_completed;core_completion_external;mark_course_self_completed;;moodle;;moodle_mobile_app
45;core_completion_update_activity_completion_status_manually;core_completion_external;update_activity_completion_status_manually;;moodle;;moodle_mobile_app
46;core_completion_override_activity_completion_status;core_completion_external;override_activity_completion_status;;moodle;moodle/course:overridecompletion;
47;core_course_create_categories;core_course_external;create_categories;course/externallib.php;moodle;moodle/category:manage;
48;core_course_create_courses;core_course_external;create_courses;course/externallib.php;moodle;"moodle/course:create, moodle/course:visibility";
49;core_course_delete_categories;core_course_external;delete_categories;course/externallib.php;moodle;moodle/category:manage;
50;core_course_delete_courses;core_course_external;delete_courses;course/externallib.php;moodle;moodle/course:delete;
51;core_course_delete_modules;core_course_external;delete_modules;course/externallib.php;moodle;moodle/course:manageactivities;
52;core_course_duplicate_course;core_course_external;duplicate_course;course/externallib.php;moodle;"moodle/backup:backupcourse, moodle/restore:restorecourse, moodle/course:create";
53;core_course_get_categories;core_course_external;get_categories;course/externallib.php;moodle;moodle/category:viewhiddencategories;moodle_mobile_app
54;core_course_get_contents;core_course_external;get_course_contents;course/externallib.php;moodle;"moodle/course:update, moodle/course:viewhiddencourses";moodle_mobile_app
55;core_course_get_course_module;core_course_external;get_course_module;course/externallib.php;moodle;;moodle_mobile_app
56;core_course_get_course_module_by_instance;core_course_external;get_course_module_by_instance;course/externallib.php;moodle;;moodle_mobile_app
57;core_course_get_module;core_course_external;get_module;course/externallib.php;moodle;;
58;core_courseformat_file_handlers;"core_courseformat\external\file_handlers";execute;;moodle;;
59;core_courseformat_get_state;"core_courseformat\external\get_state";execute;;moodle;;
60;core_courseformat_update_course;"core_courseformat\external\update_course";execute;;moodle;"moodle/course:sectionvisibility, moodle/course:activityvisibility";
61;core_course_edit_module;core_course_external;edit_module;course/externallib.php;moodle;;
62;core_course_edit_section;core_course_external;edit_section;course/externallib.php;moodle;;
63;core_course_get_courses;core_course_external;get_courses;course/externallib.php;moodle;"moodle/course:view, moodle/course:update, moodle/course:viewhiddencourses";moodle_mobile_app
64;core_course_import_course;core_course_external;import_course;course/externallib.php;moodle;"moodle/backup:backuptargetimport, moodle/restore:restoretargetimport";
65;core_course_search_courses;core_course_external;search_courses;course/externallib.php;moodle;;moodle_mobile_app
66;core_course_update_categories;core_course_external;update_categories;course/externallib.php;moodle;moodle/category:manage;
67;core_course_update_courses;core_course_external;update_courses;course/externallib.php;moodle;"moodle/course:update, moodle/course:changecategory, moodle/course:changefullname, moodle/course:changeshortname, moodle/course:changeidnumber, moodle/course:changesummary, moodle/course:visibility";
68;core_course_view_course;core_course_external;view_course;course/externallib.php;moodle;;moodle_mobile_app
69;core_course_get_user_navigation_options;core_course_external;get_user_navigation_options;course/externallib.php;moodle;;moodle_mobile_app
70;core_course_get_user_administration_options;core_course_external;get_user_administration_options;course/externallib.php;moodle;;moodle_mobile_app
71;core_course_get_courses_by_field;core_course_external;get_courses_by_field;course/externallib.php;moodle;;moodle_mobile_app
72;core_course_check_updates;core_course_external;check_updates;course/externallib.php;moodle;;moodle_mobile_app
73;core_course_get_updates_since;core_course_external;get_updates_since;course/externallib.php;moodle;;moodle_mobile_app
74;core_course_get_enrolled_courses_by_timeline_classification;core_course_external;get_enrolled_courses_by_timeline_classification;course/externallib.php;moodle;;moodle_mobile_app
75;core_course_get_enrolled_courses_with_action_events_by_timeline_classification;"\core_course\external\get_enrolled_courses_with_action_events_by_timeline_classification";execute;;moodle;;moodle_mobile_app
76;core_course_get_recent_courses;core_course_external;get_recent_courses;course/externallib.php;moodle;;moodle_mobile_app
77;core_course_set_favourite_courses;core_course_external;set_favourite_courses;course/externallib.php;moodle;;moodle_mobile_app
78;core_course_get_enrolled_users_by_cmid;core_course_external;get_enrolled_users_by_cmid;course/externallib.php;moodle;;
79;core_course_add_content_item_to_user_favourites;core_course_external;add_content_item_to_user_favourites;course/externallib.php;moodle;;
80;core_course_remove_content_item_from_user_favourites;core_course_external;remove_content_item_from_user_favourites;course/externallib.php;moodle;;
81;core_course_get_course_content_items;core_course_external;get_course_content_items;course/externallib.php;moodle;;
82;core_course_get_activity_chooser_footer;core_course_external;get_activity_chooser_footer;course/externallib.php;moodle;;
83;core_course_toggle_activity_recommendation;core_course_external;toggle_activity_recommendation;course/externallib.php;moodle;;
84;core_enrol_get_course_enrolment_methods;core_enrol_external;get_course_enrolment_methods;enrol/externallib.php;moodle;;moodle_mobile_app
85;core_enrol_get_enrolled_users;core_enrol_external;get_enrolled_users;enrol/externallib.php;moodle;"moodle/user:viewdetails, moodle/user:viewhiddendetails, moodle/course:useremail, moodle/user:update, moodle/site:accessallgroups";moodle_mobile_app
86;core_enrol_get_enrolled_users_with_capability;core_enrol_external;get_enrolled_users_with_capability;enrol/externallib.php;moodle;;
87;core_enrol_get_potential_users;core_enrol_external;get_potential_users;enrol/externallib.php;moodle;moodle/course:enrolreview;
88;core_enrol_search_users;core_enrol_external;search_users;enrol/externallib.php;moodle;moodle/course:viewparticipants;moodle_mobile_app
89;core_enrol_get_users_courses;core_enrol_external;get_users_courses;enrol/externallib.php;moodle;moodle/course:viewparticipants;moodle_mobile_app
90;core_enrol_submit_user_enrolment_form;core_enrol_external;submit_user_enrolment_form;enrol/externallib.php;moodle;;
91;core_enrol_unenrol_user_enrolment;core_enrol_external;unenrol_user_enrolment;enrol/externallib.php;moodle;;
92;core_fetch_notifications;core_external;fetch_notifications;lib/external/externallib.php;moodle;;
93;core_session_touch;"core\session\external";touch_session;;moodle;;
94;core_session_time_remaining;"core\session\external";time_remaining;;moodle;;
95;core_files_get_files;core_files_external;get_files;files/externallib.php;moodle;;moodle_mobile_app
96;core_files_upload;core_files_external;upload;files/externallib.php;moodle;;
97;core_files_delete_draft_files;"core_files\external\delete\draft";execute;;moodle;;moodle_mobile_app
98;core_files_get_unused_draft_itemid;"core_files\external\get\unused_draft";execute;;moodle;;moodle_mobile_app
99;core_form_get_filetypes_browser_data;"core_form\external";get_filetypes_browser_data;;moodle;;
100;core_form_dynamic_form;"core_form\external\dynamic_form";execute;;moodle;;
101;core_get_component_strings;core_external;get_component_strings;lib/external/externallib.php;moodle;;moodle_mobile_app
102;core_get_fragment;core_external;get_fragment;lib/external/externallib.php;moodle;;
103;core_get_string;core_external;get_string;lib/external/externallib.php;moodle;;
104;core_get_strings;core_external;get_strings;lib/external/externallib.php;moodle;;
105;core_get_user_dates;core_external;get_user_dates;lib/external/externallib.php;moodle;;
106;core_grades_update_grades;core_grades_external;update_grades;;moodle;;
107;core_grades_grader_gradingpanel_point_fetch;"core_grades\grades\grader\gradingpanel\point\external\fetch";execute;;moodle;;moodle_mobile_app
108;core_grades_grader_gradingpanel_point_store;"core_grades\grades\grader\gradingpanel\point\external\store";execute;;moodle;;moodle_mobile_app
109;core_grades_grader_gradingpanel_scale_fetch;"core_grades\grades\grader\gradingpanel\scale\external\fetch";execute;;moodle;;moodle_mobile_app
110;core_grades_grader_gradingpanel_scale_store;"core_grades\grades\grader\gradingpanel\scale\external\store";execute;;moodle;;moodle_mobile_app
111;core_grades_create_gradecategory;core_grades_external;create_gradecategory;;moodle;moodle/grade:manage;
112;core_grades_create_gradecategories;"core_grades\external\create_gradecategories";execute;;moodle;moodle/grade:manage;
113;core_grades_get_enrolled_users_for_search_widget;"core_grades\external\get_enrolled_users_for_search_widget";execute;;moodle;;moodle_mobile_app
114;core_grades_get_enrolled_users_for_selector;"core_grades\external\get_enrolled_users_for_selector";execute;;moodle;;moodle_mobile_app
115;core_grades_get_groups_for_search_widget;"core_grades\external\get_groups_for_selector";execute;;moodle;;moodle_mobile_app
116;core_grades_get_groups_for_selector;"core_grades\external\get_groups_for_selector";execute;;moodle;;moodle_mobile_app
117;core_grades_get_feedback;"core_grades\external\get_feedback";execute;;moodle;;
118;core_grades_get_gradeitems;"core_grades\external\get_gradeitems";execute;;moodle;;moodle_mobile_app
119;core_grading_get_definitions;core_grading_external;get_definitions;;moodle;;
120;core_grading_get_gradingform_instances;core_grading_external;get_gradingform_instances;;moodle;;
121;core_grading_save_definitions;core_grading_external;save_definitions;;moodle;;
122;core_group_add_group_members;core_group_external;add_group_members;group/externallib.php;moodle;moodle/course:managegroups;
123;core_group_assign_grouping;core_group_external;assign_grouping;group/externallib.php;moodle;;
124;core_group_create_groupings;core_group_external;create_groupings;group/externallib.php;moodle;;
125;core_group_create_groups;core_group_external;create_groups;group/externallib.php;moodle;moodle/course:managegroups;
126;core_group_delete_group_members;core_group_external;delete_group_members;group/externallib.php;moodle;moodle/course:managegroups;
127;core_group_delete_groupings;core_group_external;delete_groupings;group/externallib.php;moodle;;
128;core_group_delete_groups;core_group_external;delete_groups;group/externallib.php;moodle;moodle/course:managegroups;
129;core_group_get_activity_allowed_groups;core_group_external;get_activity_allowed_groups;group/externallib.php;moodle;;moodle_mobile_app
130;core_group_get_activity_groupmode;core_group_external;get_activity_groupmode;group/externallib.php;moodle;;moodle_mobile_app
131;core_group_get_course_groupings;core_group_external;get_course_groupings;group/externallib.php;moodle;;moodle_mobile_app
132;core_group_get_course_groups;core_group_external;get_course_groups;group/externallib.php;moodle;moodle/course:managegroups;moodle_mobile_app
133;core_group_get_course_user_groups;core_group_external;get_course_user_groups;group/externallib.php;moodle;moodle/course:managegroups;moodle_mobile_app
134;core_group_get_group_members;core_group_external;get_group_members;group/externallib.php;moodle;moodle/course:managegroups;
135;core_group_get_groupings;core_group_external;get_groupings;group/externallib.php;moodle;;
136;core_group_get_groups;core_group_external;get_groups;group/externallib.php;moodle;moodle/course:managegroups;
137;core_group_unassign_grouping;core_group_external;unassign_grouping;group/externallib.php;moodle;;
138;core_group_update_groupings;core_group_external;update_groupings;group/externallib.php;moodle;;
139;core_group_update_groups;core_group_external;update_groups;group/externallib.php;moodle;moodle/course:managegroups;
140;core_message_mute_conversations;core_message_external;mute_conversations;message/externallib.php;moodle;;moodle_mobile_app
141;core_message_unmute_conversations;core_message_external;unmute_conversations;message/externallib.php;moodle;;moodle_mobile_app
142;core_message_block_user;core_message_external;block_user;message/externallib.php;moodle;;moodle_mobile_app
143;core_message_get_contact_requests;core_message_external;get_contact_requests;message/externallib.php;moodle;;moodle_mobile_app
144;core_message_create_contact_request;core_message_external;create_contact_request;message/externallib.php;moodle;;moodle_mobile_app
145;core_message_confirm_contact_request;core_message_external;confirm_contact_request;message/externallib.php;moodle;;moodle_mobile_app
146;core_message_decline_contact_request;core_message_external;decline_contact_request;message/externallib.php;moodle;;moodle_mobile_app
147;core_message_get_received_contact_requests_count;core_message_external;get_received_contact_requests_count;message/externallib.php;moodle;;moodle_mobile_app
148;core_message_delete_contacts;core_message_external;delete_contacts;message/externallib.php;moodle;;moodle_mobile_app
149;core_message_delete_conversations_by_id;core_message_external;delete_conversations_by_id;message/externallib.php;moodle;moodle/site:deleteownmessage;moodle_mobile_app
150;core_message_delete_message;core_message_external;delete_message;message/externallib.php;moodle;moodle/site:deleteownmessage;moodle_mobile_app
151;core_message_get_blocked_users;core_message_external;get_blocked_users;message/externallib.php;moodle;;moodle_mobile_app
152;core_message_data_for_messagearea_search_messages;core_message_external;data_for_messagearea_search_messages;message/externallib.php;moodle;;moodle_mobile_app
153;core_message_message_search_users;core_message_external;message_search_users;message/externallib.php;moodle;;moodle_mobile_app
154;core_message_get_user_contacts;core_message_external;get_user_contacts;message/externallib.php;moodle;;moodle_mobile_app
155;core_message_get_conversations;core_message_external;get_conversations;message/externallib.php;moodle;;moodle_mobile_app
156;core_message_get_conversation;core_message_external;get_conversation;message/externallib.php;moodle;;moodle_mobile_app
157;core_message_get_conversation_between_users;core_message_external;get_conversation_between_users;message/externallib.php;moodle;;moodle_mobile_app
158;core_message_get_self_conversation;core_message_external;get_self_conversation;message/externallib.php;moodle;;moodle_mobile_app
159;core_message_get_messages;core_message_external;get_messages;message/externallib.php;moodle;;moodle_mobile_app
160;core_message_get_conversation_counts;core_message_external;get_conversation_counts;message/externallib.php;moodle;;moodle_mobile_app
161;core_message_get_unread_conversation_counts;core_message_external;get_unread_conversation_counts;message/externallib.php;moodle;;moodle_mobile_app
162;core_message_get_conversation_members;core_message_external;get_conversation_members;message/externallib.php;moodle;;moodle_mobile_app
163;core_message_get_member_info;core_message_external;get_member_info;message/externallib.php;moodle;;moodle_mobile_app
164;core_message_get_unread_conversations_count;core_message_external;get_unread_conversations_count;message/externallib.php;moodle;;moodle_mobile_app
165;core_message_mark_all_notifications_as_read;core_message_external;mark_all_notifications_as_read;message/externallib.php;moodle;;moodle_mobile_app
166;core_message_mark_all_conversation_messages_as_read;core_message_external;mark_all_conversation_messages_as_read;message/externallib.php;moodle;;moodle_mobile_app
167;core_message_mark_message_read;core_message_external;mark_message_read;message/externallib.php;moodle;;moodle_mobile_app
168;core_message_mark_notification_read;core_message_external;mark_notification_read;message/externallib.php;moodle;;moodle_mobile_app
169;core_message_message_processor_config_form;core_message_external;message_processor_config_form;message/externallib.php;moodle;;moodle_mobile_app
170;core_message_get_message_processor;core_message_external;get_message_processor;message/externallib.php;moodle;;
171;core_message_search_contacts;core_message_external;search_contacts;message/externallib.php;moodle;;moodle_mobile_app
172;core_message_send_instant_messages;core_message_external;send_instant_messages;message/externallib.php;moodle;moodle/site:sendmessage;moodle_mobile_app
173;core_message_send_messages_to_conversation;core_message_external;send_messages_to_conversation;message/externallib.php;moodle;moodle/site:sendmessage;moodle_mobile_app
174;core_message_get_conversation_messages;core_message_external;get_conversation_messages;message/externallib.php;moodle;;moodle_mobile_app
175;core_message_unblock_user;core_message_external;unblock_user;message/externallib.php;moodle;;moodle_mobile_app
176;core_message_get_user_notification_preferences;core_message_external;get_user_notification_preferences;message/externallib.php;moodle;moodle/user:editownmessageprofile;moodle_mobile_app
177;core_message_get_user_message_preferences;core_message_external;get_user_message_preferences;message/externallib.php;moodle;moodle/user:editownmessageprofile;moodle_mobile_app
178;core_message_set_favourite_conversations;core_message_external;set_favourite_conversations;message/externallib.php;moodle;;moodle_mobile_app
179;core_message_unset_favourite_conversations;core_message_external;unset_favourite_conversations;message/externallib.php;moodle;;moodle_mobile_app
180;core_message_delete_message_for_all_users;core_message_external;delete_message_for_all_users;message/externallib.php;moodle;moodle/site:deleteanymessage;moodle_mobile_app
181;core_message_get_unread_notification_count;"\core_message\external\get_unread_notification_count";execute;;moodle;;moodle_mobile_app
182;core_notes_create_notes;core_notes_external;create_notes;notes/externallib.php;moodle;moodle/notes:manage;moodle_mobile_app
183;core_notes_delete_notes;core_notes_external;delete_notes;notes/externallib.php;moodle;moodle/notes:manage;moodle_mobile_app
184;core_notes_get_course_notes;core_notes_external;get_course_notes;notes/externallib.php;moodle;moodle/notes:view;moodle_mobile_app
185;core_notes_get_notes;core_notes_external;get_notes;notes/externallib.php;moodle;moodle/notes:view;
186;core_notes_update_notes;core_notes_external;update_notes;notes/externallib.php;moodle;moodle/notes:manage;
187;core_notes_view_notes;core_notes_external;view_notes;notes/externallib.php;moodle;moodle/notes:view;moodle_mobile_app
188;core_output_load_template;"core\output\external";load_template;;moodle;;
189;core_output_load_template_with_dependencies;"core\output\external";load_template_with_dependencies;;moodle;;
190;core_output_load_fontawesome_icon_map;"core\output\external";load_fontawesome_icon_map;;moodle;;
191;core_output_load_fontawesome_icon_system_map;"core\external\output\icon_system\load_fontawesome_map";execute;;moodle;;
192;core_question_update_flag;core_question_external;update_flag;;moodle;moodle/question:flag;moodle_mobile_app
193;core_question_submit_tags_form;core_question_external;submit_tags_form;;moodle;;
194;core_question_get_random_question_summaries;core_question_external;get_random_question_summaries;;moodle;;
195;core_rating_get_item_ratings;core_rating_external;get_item_ratings;;moodle;moodle/rating:view;moodle_mobile_app
196;core_rating_add_rating;core_rating_external;add_rating;;moodle;moodle/rating:rate;moodle_mobile_app
197;core_role_assign_roles;core_role_external;assign_roles;enrol/externallib.php;moodle;moodle/role:assign;
198;core_role_unassign_roles;core_role_external;unassign_roles;enrol/externallib.php;moodle;moodle/role:assign;
199;core_search_get_relevant_users;"\core_search\external";get_relevant_users;;moodle;;
200;core_tag_get_tagindex;core_tag_external;get_tagindex;;moodle;;moodle_mobile_app
201;core_tag_get_tags;core_tag_external;get_tags;;moodle;;
202;core_tag_update_tags;core_tag_external;update_tags;;moodle;;
203;core_tag_get_tagindex_per_area;core_tag_external;get_tagindex_per_area;;moodle;;moodle_mobile_app
204;core_tag_get_tag_areas;core_tag_external;get_tag_areas;;moodle;;moodle_mobile_app
205;core_tag_get_tag_collections;core_tag_external;get_tag_collections;;moodle;;moodle_mobile_app
206;core_tag_get_tag_cloud;core_tag_external;get_tag_cloud;;moodle;;moodle_mobile_app
207;core_update_inplace_editable;core_external;update_inplace_editable;lib/external/externallib.php;moodle;;
208;core_user_add_user_device;core_user_external;add_user_device;user/externallib.php;moodle;;moodle_mobile_app
209;core_user_update_user_device_public_key;"\core_user\external\update_user_device_public_key";execute;;moodle;;moodle_mobile_app
210;core_user_add_user_private_files;core_user_external;add_user_private_files;user/externallib.php;moodle;moodle/user:manageownfiles;moodle_mobile_app
211;core_user_create_users;core_user_external;create_users;user/externallib.php;moodle;moodle/user:create;
212;core_user_delete_users;core_user_external;delete_users;user/externallib.php;moodle;moodle/user:delete;
213;core_user_get_course_user_profiles;core_user_external;get_course_user_profiles;user/externallib.php;moodle;"moodle/user:viewdetails, moodle/user:viewhiddendetails, moodle/course:useremail, moodle/user:update, moodle/site:accessallgroups";moodle_mobile_app
214;core_user_get_users;core_user_external;get_users;user/externallib.php;moodle;"moodle/user:viewdetails, moodle/user:viewhiddendetails, moodle/course:useremail, moodle/user:update";
215;core_user_get_users_by_field;core_user_external;get_users_by_field;user/externallib.php;moodle;"moodle/user:viewdetails, moodle/user:viewhiddendetails, moodle/course:useremail, moodle/user:update";moodle_mobile_app
216;core_user_search_identity;"\core_user\external\search_identity";execute;;moodle;moodle/user:viewalldetails;
217;core_user_remove_user_device;core_user_external;remove_user_device;user/externallib.php;moodle;;moodle_mobile_app
218;core_user_update_users;core_user_external;update_users;user/externallib.php;moodle;moodle/user:update;
219;core_user_update_user_preferences;core_user_external;update_user_preferences;user/externallib.php;moodle;"moodle/user:editownmessageprofile, moodle/user:editmessageprofile";moodle_mobile_app
220;core_user_view_user_list;core_user_external;view_user_list;user/externallib.php;moodle;moodle/course:viewparticipants;moodle_mobile_app
221;core_user_view_user_profile;core_user_external;view_user_profile;user/externallib.php;moodle;moodle/user:viewdetails;moodle_mobile_app
222;core_user_get_user_preferences;core_user_external;get_user_preferences;user/externallib.php;moodle;;moodle_mobile_app
223;core_user_update_picture;core_user_external;update_picture;user/externallib.php;moodle;"moodle/user:editownprofile, moodle/user:editprofile";moodle_mobile_app
224;core_user_set_user_preferences;core_user_external;set_user_preferences;user/externallib.php;moodle;moodle/site:config;moodle_mobile_app
225;core_user_agree_site_policy;core_user_external;agree_site_policy;user/externallib.php;moodle;;moodle_mobile_app
226;core_user_get_private_files_info;core_user_external;get_private_files_info;user/externallib.php;moodle;moodle/user:manageownfiles;moodle_mobile_app
227;core_competency_create_competency_framework;"core_competency\external";create_competency_framework;;moodle;moodle/competency:competencymanage;
228;core_competency_read_competency_framework;"core_competency\external";read_competency_framework;;moodle;moodle/competency:competencyview;
229;core_competency_duplicate_competency_framework;"core_competency\external";duplicate_competency_framework;;moodle;moodle/competency:competencymanage;
230;core_competency_delete_competency_framework;"core_competency\external";delete_competency_framework;;moodle;moodle/competency:competencymanage;
231;core_competency_update_competency_framework;"core_competency\external";update_competency_framework;;moodle;moodle/competency:competencymanage;
232;core_competency_list_competency_frameworks;"core_competency\external";list_competency_frameworks;;moodle;moodle/competency:competencyview;
233;core_competency_count_competency_frameworks;"core_competency\external";count_competency_frameworks;;moodle;moodle/competency:competencyview;
234;core_competency_competency_framework_viewed;"core_competency\external";competency_framework_viewed;;moodle;moodle/competency:competencyview;
235;core_competency_create_competency;"core_competency\external";create_competency;;moodle;moodle/competency:competencymanage;
236;core_competency_read_competency;"core_competency\external";read_competency;;moodle;moodle/competency:competencyview;
237;core_competency_competency_viewed;"core_competency\external";competency_viewed;;moodle;moodle/competency:competencyview;moodle_mobile_app
238;core_competency_delete_competency;"core_competency\external";delete_competency;;moodle;moodle/competency:competencymanage;
239;core_competency_update_competency;"core_competency\external";update_competency;;moodle;moodle/competency:competencymanage;
240;core_competency_list_competencies;"core_competency\external";list_competencies;;moodle;moodle/competency:competencyview;
241;core_competency_list_competencies_in_template;"core_competency\external";list_competencies_in_template;;moodle;moodle/competency:competencyview;
242;core_competency_count_competencies;"core_competency\external";count_competencies;;moodle;moodle/competency:competencyview;
243;core_competency_count_competencies_in_template;"core_competency\external";count_competencies_in_template;;moodle;moodle/competency:competencyview;
244;core_competency_search_competencies;"core_competency\external";search_competencies;;moodle;moodle/competency:competencyview;
245;core_competency_set_parent_competency;"core_competency\external";set_parent_competency;;moodle;moodle/competency:competencymanage;
246;core_competency_move_up_competency;"core_competency\external";move_up_competency;;moodle;moodle/competency:competencymanage;
247;core_competency_move_down_competency;"core_competency\external";move_down_competency;;moodle;moodle/competency:competencymanage;
248;core_competency_list_course_module_competencies;"core_competency\external";list_course_module_competencies;;moodle;moodle/competency:coursecompetencyview;
249;core_competency_count_course_module_competencies;"core_competency\external";count_course_module_competencies;;moodle;moodle/competency:coursecompetencyview;
250;core_competency_list_course_competencies;"core_competency\external";list_course_competencies;;moodle;moodle/competency:coursecompetencyview;moodle_mobile_app
251;core_competency_count_competencies_in_course;"core_competency\external";count_competencies_in_course;;moodle;moodle/competency:coursecompetencyview;
252;core_competency_count_courses_using_competency;"core_competency\external";count_courses_using_competency;;moodle;moodle/competency:coursecompetencyview;
253;core_competency_add_competency_to_course;"core_competency\external";add_competency_to_course;;moodle;moodle/competency:coursecompetencymanage;
254;core_competency_add_competency_to_template;"core_competency\external";add_competency_to_template;;moodle;moodle/competency:templatemanage;
255;core_competency_remove_competency_from_course;"core_competency\external";remove_competency_from_course;;moodle;moodle/competency:coursecompetencymanage;
256;core_competency_set_course_competency_ruleoutcome;"core_competency\external";set_course_competency_ruleoutcome;;moodle;moodle/competency:coursecompetencymanage;
257;core_competency_remove_competency_from_template;"core_competency\external";remove_competency_from_template;;moodle;moodle/competency:templatemanage;
258;core_competency_reorder_course_competency;"core_competency\external";reorder_course_competency;;moodle;moodle/competency:coursecompetencymanage;
259;core_competency_reorder_template_competency;"core_competency\external";reorder_template_competency;;moodle;moodle/competency:templatemanage;
260;core_competency_create_template;"core_competency\external";create_template;;moodle;moodle/competency:templatemanage;
261;core_competency_duplicate_template;"core_competency\external";duplicate_template;;moodle;moodle/competency:templatemanage;
262;core_competency_read_template;"core_competency\external";read_template;;moodle;moodle/competency:templateview;
263;core_competency_delete_template;"core_competency\external";delete_template;;moodle;moodle/competency:templatemanage;
264;core_competency_update_template;"core_competency\external";update_template;;moodle;moodle/competency:templatemanage;
265;core_competency_list_templates;"core_competency\external";list_templates;;moodle;moodle/competency:templateview;
266;core_competency_list_templates_using_competency;"core_competency\external";list_templates_using_competency;;moodle;moodle/competency:templateview;
267;core_competency_count_templates;"core_competency\external";count_templates;;moodle;moodle/competency:templateview;
268;core_competency_count_templates_using_competency;"core_competency\external";count_templates_using_competency;;moodle;moodle/competency:templateview;
269;core_competency_create_plan;"core_competency\external";create_plan;;moodle;moodle/competency:planmanage;
270;core_competency_update_plan;"core_competency\external";update_plan;;moodle;moodle/competency:planmanage;
271;core_competency_complete_plan;"core_competency\external";complete_plan;;moodle;moodle/competency:planmanage;
272;core_competency_reopen_plan;"core_competency\external";reopen_plan;;moodle;moodle/competency:planmanage;
273;core_competency_read_plan;"core_competency\external";read_plan;;moodle;moodle/competency:planviewown;
274;core_competency_delete_plan;"core_competency\external";delete_plan;;moodle;moodle/competency:planmanage;
275;core_competency_list_user_plans;"core_competency\external";list_user_plans;;moodle;moodle/competency:planviewown;
276;core_competency_list_plan_competencies;"core_competency\external";list_plan_competencies;;moodle;moodle/competency:planviewown;
277;core_competency_add_competency_to_plan;"core_competency\external";add_competency_to_plan;;moodle;moodle/competency:planmanage;
278;core_competency_remove_competency_from_plan;"core_competency\external";remove_competency_from_plan;;moodle;moodle/competency:planmanage;
279;core_competency_reorder_plan_competency;"core_competency\external";reorder_plan_competency;;moodle;moodle/competency:planmanage;
280;core_competency_plan_request_review;"core_competency\external";plan_request_review;;moodle;moodle/competency:planmanagedraft;
281;core_competency_plan_start_review;"core_competency\external";plan_start_review;;moodle;moodle/competency:planmanage;
282;core_competency_plan_stop_review;"core_competency\external";plan_stop_review;;moodle;moodle/competency:planmanage;
283;core_competency_plan_cancel_review_request;"core_competency\external";plan_cancel_review_request;;moodle;moodle/competency:planmanagedraft;
284;core_competency_approve_plan;"core_competency\external";approve_plan;;moodle;moodle/competency:planmanage;
285;core_competency_unapprove_plan;"core_competency\external";unapprove_plan;;moodle;moodle/competency:planmanage;
286;core_competency_template_has_related_data;"core_competency\external";template_has_related_data;;moodle;moodle/competency:templateview;
287;core_competency_get_scale_values;"core_competency\external";get_scale_values;;moodle;moodle/competency:competencymanage;moodle_mobile_app
288;core_competency_add_related_competency;"core_competency\external";add_related_competency;;moodle;moodle/competency:competencymanage;
289;core_competency_remove_related_competency;"core_competency\external";remove_related_competency;;moodle;moodle/competency:competencymanage;
290;core_competency_read_user_evidence;"core_competency\external";read_user_evidence;;moodle;moodle/competency:userevidenceview;
291;core_competency_delete_user_evidence;"core_competency\external";delete_user_evidence;;moodle;moodle/competency:userevidencemanageown;
292;core_competency_create_user_evidence_competency;"core_competency\external";create_user_evidence_competency;;moodle;"moodle/competency:userevidencemanageown, moodle/competency:competencyview";
293;core_competency_delete_user_evidence_competency;"core_competency\external";delete_user_evidence_competency;;moodle;moodle/competency:userevidencemanageown;
294;core_competency_user_competency_cancel_review_request;"core_competency\external";user_competency_cancel_review_request;;moodle;moodle/competency:userevidencemanageown;
295;core_competency_user_competency_request_review;"core_competency\external";user_competency_request_review;;moodle;moodle/competency:userevidencemanageown;
296;core_competency_user_competency_start_review;"core_competency\external";user_competency_start_review;;moodle;moodle/competency:competencygrade;
297;core_competency_user_competency_stop_review;"core_competency\external";user_competency_stop_review;;moodle;moodle/competency:competencygrade;
298;core_competency_user_competency_viewed;"core_competency\external";user_competency_viewed;;moodle;moodle/competency:usercompetencyview;moodle_mobile_app
299;core_competency_user_competency_viewed_in_plan;"core_competency\external";user_competency_viewed_in_plan;;moodle;moodle/competency:usercompetencyview;moodle_mobile_app
300;core_competency_user_competency_viewed_in_course;"core_competency\external";user_competency_viewed_in_course;;moodle;moodle/competency:usercompetencyview;moodle_mobile_app
301;core_competency_user_competency_plan_viewed;"core_competency\external";user_competency_plan_viewed;;moodle;moodle/competency:usercompetencyview;moodle_mobile_app
302;core_competency_grade_competency;"core_competency\external";grade_competency;;moodle;moodle/competency:competencygrade;
303;core_competency_grade_competency_in_plan;"core_competency\external";grade_competency_in_plan;;moodle;moodle/competency:competencygrade;
304;core_competency_grade_competency_in_course;"core_competency\external";grade_competency_in_course;;moodle;moodle/competency:competencygrade;moodle_mobile_app
305;core_competency_unlink_plan_from_template;"core_competency\external";unlink_plan_from_template;;moodle;moodle/competency:planmanage;
306;core_competency_template_viewed;"core_competency\external";template_viewed;;moodle;moodle/competency:templateview;
307;core_competency_request_review_of_user_evidence_linked_competencies;"core_competency\external";request_review_of_user_evidence_linked_competencies;;moodle;moodle/competency:userevidencemanageown;
308;core_competency_update_course_competency_settings;"core_competency\external";update_course_competency_settings;;moodle;moodle/competency:coursecompetencyconfigure;
309;core_competency_delete_evidence;"core_competency\external";delete_evidence;;moodle;moodle/competency:evidencedelete;moodle_mobile_app
310;core_webservice_get_site_info;core_webservice_external;get_site_info;webservice/externallib.php;moodle;;moodle_mobile_app
311;core_block_get_course_blocks;core_block_external;get_course_blocks;;moodle;;moodle_mobile_app
312;core_block_get_dashboard_blocks;core_block_external;get_dashboard_blocks;;moodle;;moodle_mobile_app
313;core_block_fetch_addable_blocks;"core_block\external\fetch_addable_blocks";execute;;moodle;moodle/site:manageblocks;moodle_mobile_app
314;core_filters_get_available_in_context;"core_filters\external";get_available_in_context;;moodle;;moodle_mobile_app
315;core_customfield_delete_field;core_customfield_external;delete_field;customfield/externallib.php;moodle;;
316;core_customfield_reload_template;core_customfield_external;reload_template;customfield/externallib.php;moodle;;
317;core_customfield_create_category;core_customfield_external;create_category;customfield/externallib.php;moodle;;
318;core_customfield_delete_category;core_customfield_external;delete_category;customfield/externallib.php;moodle;;
319;core_customfield_move_field;core_customfield_external;move_field;customfield/externallib.php;moodle;;
320;core_customfield_move_category;core_customfield_external;move_category;customfield/externallib.php;moodle;;
321;core_h5p_get_trusted_h5p_file;"core_h5p\external";get_trusted_h5p_file;;moodle;;moodle_mobile_app
322;core_table_get_dynamic_table_content;"core_table\external\dynamic\get";execute;;moodle;;moodle_mobile_app
323;core_xapi_statement_post;"core_xapi\external\post_statement";execute;;moodle;;moodle_mobile_app
324;core_xapi_post_state;"core_xapi\external\post_state";execute;;moodle;;moodle_mobile_app
325;core_xapi_get_state;"core_xapi\external\get_state";execute;;moodle;;moodle_mobile_app
326;core_xapi_get_states;"core_xapi\external\get_states";execute;;moodle;;moodle_mobile_app
327;core_xapi_delete_state;"core_xapi\external\delete_state";execute;;moodle;;moodle_mobile_app
328;core_contentbank_delete_content;"core_contentbank\external\delete_content";execute;;moodle;moodle/contentbank:deleteanycontent;
329;core_contentbank_rename_content;"core_contentbank\external\rename_content";execute;;moodle;moodle/contentbank:manageowncontent;
330;core_contentbank_set_content_visibility;"core_contentbank\external\set_content_visibility";execute;;moodle;moodle/contentbank:manageowncontent;
331;core_create_userfeedback_action_record;"core\external\record_userfeedback_action";execute;;moodle;;
332;core_payment_get_available_gateways;"core_payment\external\get_available_gateways";execute;;moodle;;
333;core_reportbuilder_filters_reset;"core_reportbuilder\external\filters\reset";execute;;moodle;;
334;core_reportbuilder_set_filters;"core_reportbuilder\external\filters\set";execute;;moodle;;
335;core_dynamic_tabs_get_content;"core\external\dynamic_tabs_get_content";execute;;moodle;;
336;core_change_editmode;"core\external\editmode";change_editmode;;moodle;;
337;core_reportbuilder_reports_delete;"core_reportbuilder\external\reports\delete";execute;;moodle;;
338;core_reportbuilder_reports_get;"core_reportbuilder\external\reports\get";execute;;moodle;;
339;core_reportbuilder_list_reports;"core_reportbuilder\external\reports\listing";execute;;moodle;;moodle_mobile_app
340;core_reportbuilder_retrieve_report;"core_reportbuilder\external\reports\retrieve";execute;;moodle;;moodle_mobile_app
341;core_reportbuilder_view_report;"core_reportbuilder\external\reports\view";execute;;moodle;;moodle_mobile_app
342;core_reportbuilder_columns_add;"core_reportbuilder\external\columns\add";execute;;moodle;;
343;core_reportbuilder_columns_delete;"core_reportbuilder\external\columns\delete";execute;;moodle;;
344;core_reportbuilder_columns_reorder;"core_reportbuilder\external\columns\reorder";execute;;moodle;;
345;core_reportbuilder_columns_sort_get;"core_reportbuilder\external\columns\sort\get";execute;;moodle;;
346;core_reportbuilder_columns_sort_reorder;"core_reportbuilder\external\columns\sort\reorder";execute;;moodle;;
347;core_reportbuilder_columns_sort_toggle;"core_reportbuilder\external\columns\sort\toggle";execute;;moodle;;
348;core_reportbuilder_conditions_add;"core_reportbuilder\external\conditions\add";execute;;moodle;;
349;core_reportbuilder_conditions_delete;"core_reportbuilder\external\conditions\delete";execute;;moodle;;
350;core_reportbuilder_conditions_reorder;"core_reportbuilder\external\conditions\reorder";execute;;moodle;;
351;core_reportbuilder_conditions_reset;"core_reportbuilder\external\conditions\reset";execute;;moodle;;
352;core_reportbuilder_filters_add;"core_reportbuilder\external\filters\add";execute;;moodle;;
353;core_reportbuilder_filters_delete;"core_reportbuilder\external\filters\delete";execute;;moodle;;
354;core_reportbuilder_filters_reorder;"core_reportbuilder\external\filters\reorder";execute;;moodle;;
355;core_reportbuilder_audiences_delete;"core_reportbuilder\external\audiences\delete";execute;;moodle;;
356;core_reportbuilder_schedules_delete;"core_reportbuilder\external\schedules\delete";execute;;moodle;;
357;core_reportbuilder_schedules_send;"core_reportbuilder\external\schedules\send";execute;;moodle;;
358;core_reportbuilder_schedules_toggle;"core_reportbuilder\external\schedules\toggle";execute;;moodle;;
359;core_admin_set_plugin_state;"core_admin\external\set_plugin_state";execute;;moodle;;
360;core_admin_set_plugin_order;"core_admin\external\set_plugin_order";execute;;moodle;;
361;core_admin_set_block_protection;"core_admin\external\set_block_protection";execute;;moodle;;
362;core_moodlenet_send_activity;"core\external\moodlenet_send_activity";execute;;moodle;;
363;core_moodlenet_get_share_info_activity;"core\external\moodlenet_get_share_info_activity";execute;;moodle;;
364;core_moodlenet_auth_check;"core\external\moodlenet_auth_check";execute;;moodle;;
365;mod_assign_copy_previous_attempt;mod_assign_external;copy_previous_attempt;mod/assign/externallib.php;mod_assign;"mod/assign:view, mod/assign:submit";
366;mod_assign_get_grades;mod_assign_external;get_grades;mod/assign/externallib.php;mod_assign;;moodle_mobile_app
367;mod_assign_get_assignments;mod_assign_external;get_assignments;mod/assign/externallib.php;mod_assign;;moodle_mobile_app
368;mod_assign_get_submissions;mod_assign_external;get_submissions;mod/assign/externallib.php;mod_assign;;moodle_mobile_app
369;mod_assign_get_user_flags;mod_assign_external;get_user_flags;mod/assign/externallib.php;mod_assign;;moodle_mobile_app
370;mod_assign_set_user_flags;mod_assign_external;set_user_flags;mod/assign/externallib.php;mod_assign;mod/assign:grade;moodle_mobile_app
371;mod_assign_get_user_mappings;mod_assign_external;get_user_mappings;mod/assign/externallib.php;mod_assign;;moodle_mobile_app
372;mod_assign_revert_submissions_to_draft;mod_assign_external;revert_submissions_to_draft;mod/assign/externallib.php;mod_assign;;moodle_mobile_app
373;mod_assign_lock_submissions;mod_assign_external;lock_submissions;mod/assign/externallib.php;mod_assign;;moodle_mobile_app
374;mod_assign_unlock_submissions;mod_assign_external;unlock_submissions;mod/assign/externallib.php;mod_assign;;moodle_mobile_app
375;mod_assign_save_submission;mod_assign_external;save_submission;mod/assign/externallib.php;mod_assign;;moodle_mobile_app
376;mod_assign_submit_for_grading;mod_assign_external;submit_for_grading;mod/assign/externallib.php;mod_assign;;moodle_mobile_app
377;mod_assign_save_grade;mod_assign_external;save_grade;mod/assign/externallib.php;mod_assign;;moodle_mobile_app
378;mod_assign_save_grades;mod_assign_external;save_grades;mod/assign/externallib.php;mod_assign;;moodle_mobile_app
379;mod_assign_save_user_extensions;mod_assign_external;save_user_extensions;mod/assign/externallib.php;mod_assign;;moodle_mobile_app
380;mod_assign_reveal_identities;mod_assign_external;reveal_identities;mod/assign/externallib.php;mod_assign;;moodle_mobile_app
381;mod_assign_view_grading_table;mod_assign_external;view_grading_table;mod/assign/externallib.php;mod_assign;"mod/assign:view, mod/assign:viewgrades";moodle_mobile_app
382;mod_assign_view_submission_status;mod_assign_external;view_submission_status;mod/assign/externallib.php;mod_assign;mod/assign:view;moodle_mobile_app
383;mod_assign_get_submission_status;mod_assign_external;get_submission_status;mod/assign/externallib.php;mod_assign;mod/assign:view;moodle_mobile_app
384;mod_assign_list_participants;mod_assign_external;list_participants;mod/assign/externallib.php;mod_assign;"mod/assign:view, mod/assign:viewgrades";moodle_mobile_app
385;mod_assign_submit_grading_form;mod_assign_external;submit_grading_form;mod/assign/externallib.php;mod_assign;mod/assign:grade;moodle_mobile_app
386;mod_assign_get_participant;mod_assign_external;get_participant;mod/assign/externallib.php;mod_assign;"mod/assign:view, mod/assign:viewgrades";moodle_mobile_app
387;mod_assign_view_assign;mod_assign_external;view_assign;mod/assign/externallib.php;mod_assign;mod/assign:view;moodle_mobile_app
388;mod_assign_start_submission;"mod_assign\external\start_submission";execute;;mod_assign;mod/assign:view;moodle_mobile_app
389;mod_bigbluebuttonbn_can_join;"mod_bigbluebuttonbn\external\can_join";execute;;mod_bigbluebuttonbn;mod/bigbluebuttonbn:view;moodle_mobile_app
390;mod_bigbluebuttonbn_get_recordings;"mod_bigbluebuttonbn\external\get_recordings";execute;;mod_bigbluebuttonbn;mod/bigbluebuttonbn:view;moodle_mobile_app
391;mod_bigbluebuttonbn_get_recordings_to_import;"mod_bigbluebuttonbn\external\get_recordings_to_import";execute;;mod_bigbluebuttonbn;mod/bigbluebuttonbn:importrecordings;moodle_mobile_app
392;mod_bigbluebuttonbn_update_recording;"mod_bigbluebuttonbn\external\update_recording";execute;;mod_bigbluebuttonbn;mod/bigbluebuttonbn:managerecordings;moodle_mobile_app
393;mod_bigbluebuttonbn_end_meeting;"mod_bigbluebuttonbn\external\end_meeting";execute;;mod_bigbluebuttonbn;mod/bigbluebuttonbn:join;moodle_mobile_app
394;mod_bigbluebuttonbn_completion_validate;"mod_bigbluebuttonbn\external\completion_validate";execute;;mod_bigbluebuttonbn;mod/bigbluebuttonbn:view;moodle_mobile_app
395;mod_bigbluebuttonbn_meeting_info;"mod_bigbluebuttonbn\external\meeting_info";execute;;mod_bigbluebuttonbn;mod/bigbluebuttonbn:view;moodle_mobile_app
396;mod_bigbluebuttonbn_get_bigbluebuttonbns_by_courses;"mod_bigbluebuttonbn\external\get_bigbluebuttonbns_by_courses";execute;;mod_bigbluebuttonbn;mod/bigbluebuttonbn:view;moodle_mobile_app
397;mod_bigbluebuttonbn_view_bigbluebuttonbn;"mod_bigbluebuttonbn\external\view_bigbluebuttonbn";execute;;mod_bigbluebuttonbn;mod/bigbluebuttonbn:view;moodle_mobile_app
398;mod_bigbluebuttonbn_get_join_url;"mod_bigbluebuttonbn\external\get_join_url";execute;;mod_bigbluebuttonbn;mod/bigbluebuttonbn:join;moodle_mobile_app
399;mod_book_view_book;mod_book_external;view_book;;mod_book;mod/book:read;moodle_mobile_app
400;mod_book_get_books_by_courses;mod_book_external;get_books_by_courses;;mod_book;;moodle_mobile_app
401;mod_chat_login_user;mod_chat_external;login_user;;mod_chat;mod/chat:chat;moodle_mobile_app
402;mod_chat_get_chat_users;mod_chat_external;get_chat_users;;mod_chat;mod/chat:chat;moodle_mobile_app
403;mod_chat_send_chat_message;mod_chat_external;send_chat_message;;mod_chat;mod/chat:chat;moodle_mobile_app
404;mod_chat_get_chat_latest_messages;mod_chat_external;get_chat_latest_messages;;mod_chat;mod/chat:chat;moodle_mobile_app
405;mod_chat_view_chat;mod_chat_external;view_chat;;mod_chat;mod/chat:chat;moodle_mobile_app
406;mod_chat_get_chats_by_courses;mod_chat_external;get_chats_by_courses;;mod_chat;;moodle_mobile_app
407;mod_chat_get_sessions;mod_chat_external;get_sessions;;mod_chat;;moodle_mobile_app
408;mod_chat_get_session_messages;mod_chat_external;get_session_messages;;mod_chat;;moodle_mobile_app
409;mod_choice_get_choice_results;mod_choice_external;get_choice_results;;mod_choice;;moodle_mobile_app
410;mod_choice_get_choice_options;mod_choice_external;get_choice_options;;mod_choice;mod/choice:choose;moodle_mobile_app
411;mod_choice_submit_choice_response;mod_choice_external;submit_choice_response;;mod_choice;mod/choice:choose;moodle_mobile_app
412;mod_choice_view_choice;mod_choice_external;view_choice;;mod_choice;;moodle_mobile_app
413;mod_choice_get_choices_by_courses;mod_choice_external;get_choices_by_courses;;mod_choice;;moodle_mobile_app
414;mod_choice_delete_choice_responses;mod_choice_external;delete_choice_responses;;mod_choice;mod/choice:choose;moodle_mobile_app
415;mod_data_get_databases_by_courses;mod_data_external;get_databases_by_courses;;mod_data;mod/data:viewentry;moodle_mobile_app
416;mod_data_view_database;mod_data_external;view_database;;mod_data;mod/data:viewentry;moodle_mobile_app
417;mod_data_get_data_access_information;mod_data_external;get_data_access_information;;mod_data;mod/data:viewentry;moodle_mobile_app
418;mod_data_get_entries;mod_data_external;get_entries;;mod_data;mod/data:viewentry;moodle_mobile_app
419;mod_data_get_entry;mod_data_external;get_entry;;mod_data;mod/data:viewentry;moodle_mobile_app
420;mod_data_get_fields;mod_data_external;get_fields;;mod_data;mod/data:viewentry;moodle_mobile_app
421;mod_data_search_entries;mod_data_external;search_entries;;mod_data;mod/data:viewentry;moodle_mobile_app
422;mod_data_approve_entry;mod_data_external;approve_entry;;mod_data;mod/data:approve;moodle_mobile_app
423;mod_data_delete_entry;mod_data_external;delete_entry;;mod_data;mod/data:manageentries;moodle_mobile_app
424;mod_data_add_entry;mod_data_external;add_entry;;mod_data;mod/data:writeentry;moodle_mobile_app
425;mod_data_update_entry;mod_data_external;update_entry;;mod_data;mod/data:writeentry;moodle_mobile_app
426;mod_data_delete_saved_preset;"mod_data\external\delete_saved_preset";execute;;mod_data;mod/data:manageuserpresets;
427;mod_data_get_mapping_information;"mod_data\external\get_mapping_information";execute;;mod_data;mod/data:managetemplates;
428;mod_feedback_get_feedbacks_by_courses;mod_feedback_external;get_feedbacks_by_courses;;mod_feedback;mod/feedback:view;moodle_mobile_app
429;mod_feedback_get_feedback_access_information;mod_feedback_external;get_feedback_access_information;;mod_feedback;mod/feedback:view;moodle_mobile_app
430;mod_feedback_view_feedback;mod_feedback_external;view_feedback;;mod_feedback;mod/feedback:view;moodle_mobile_app
431;mod_feedback_get_current_completed_tmp;mod_feedback_external;get_current_completed_tmp;;mod_feedback;mod/feedback:view;moodle_mobile_app
432;mod_feedback_get_items;mod_feedback_external;get_items;;mod_feedback;mod/feedback:view;moodle_mobile_app
433;mod_feedback_launch_feedback;mod_feedback_external;launch_feedback;;mod_feedback;mod/feedback:complete;moodle_mobile_app
434;mod_feedback_get_page_items;mod_feedback_external;get_page_items;;mod_feedback;mod/feedback:complete;moodle_mobile_app
435;mod_feedback_process_page;mod_feedback_external;process_page;;mod_feedback;mod/feedback:complete;moodle_mobile_app
436;mod_feedback_get_analysis;mod_feedback_external;get_analysis;;mod_feedback;mod/feedback:viewanalysepage;moodle_mobile_app
437;mod_feedback_get_unfinished_responses;mod_feedback_external;get_unfinished_responses;;mod_feedback;mod/feedback:view;moodle_mobile_app
438;mod_feedback_get_finished_responses;mod_feedback_external;get_finished_responses;;mod_feedback;mod/feedback:view;moodle_mobile_app
439;mod_feedback_get_non_respondents;mod_feedback_external;get_non_respondents;;mod_feedback;mod/feedback:viewreports;moodle_mobile_app
440;mod_feedback_get_responses_analysis;mod_feedback_external;get_responses_analysis;;mod_feedback;mod/feedback:viewreports;moodle_mobile_app
441;mod_feedback_get_last_completed;mod_feedback_external;get_last_completed;;mod_feedback;mod/feedback:view;moodle_mobile_app
442;mod_folder_view_folder;mod_folder_external;view_folder;;mod_folder;mod/folder:view;moodle_mobile_app
443;mod_folder_get_folders_by_courses;mod_folder_external;get_folders_by_courses;;mod_folder;mod/folder:view;moodle_mobile_app
444;mod_forum_get_forums_by_courses;mod_forum_external;get_forums_by_courses;mod/forum/externallib.php;mod_forum;mod/forum:viewdiscussion;moodle_mobile_app
445;mod_forum_get_discussion_posts;mod_forum_external;get_discussion_posts;mod/forum/externallib.php;mod_forum;"mod/forum:viewdiscussion, mod/forum:viewqandawithoutposting";moodle_mobile_app
446;mod_forum_get_forum_discussions_paginated;mod_forum_external;get_forum_discussions_paginated;mod/forum/externallib.php;mod_forum;"mod/forum:viewdiscussion, mod/forum:viewqandawithoutposting";moodle_mobile_app
447;mod_forum_get_forum_discussions;mod_forum_external;get_forum_discussions;mod/forum/externallib.php;mod_forum;"mod/forum:viewdiscussion, mod/forum:viewqandawithoutposting";moodle_mobile_app
448;mod_forum_view_forum;mod_forum_external;view_forum;mod/forum/externallib.php;mod_forum;mod/forum:viewdiscussion;moodle_mobile_app
449;mod_forum_view_forum_discussion;mod_forum_external;view_forum_discussion;mod/forum/externallib.php;mod_forum;mod/forum:viewdiscussion;moodle_mobile_app
450;mod_forum_add_discussion_post;mod_forum_external;add_discussion_post;mod/forum/externallib.php;mod_forum;mod/forum:replypost;moodle_mobile_app
451;mod_forum_add_discussion;mod_forum_external;add_discussion;mod/forum/externallib.php;mod_forum;mod/forum:startdiscussion;moodle_mobile_app
452;mod_forum_can_add_discussion;mod_forum_external;can_add_discussion;mod/forum/externallib.php;mod_forum;;moodle_mobile_app
453;mod_forum_get_forum_access_information;mod_forum_external;get_forum_access_information;;mod_forum;;moodle_mobile_app
454;mod_forum_set_subscription_state;mod_forum_external;set_subscription_state;mod/forum/externallib.php;mod_forum;;moodle_mobile_app
455;mod_forum_set_lock_state;mod_forum_external;set_lock_state;mod/forum/externallib.php;mod_forum;moodle/course:manageactivities;moodle_mobile_app
456;mod_forum_toggle_favourite_state;mod_forum_external;toggle_favourite_state;mod/forum/externallib.php;mod_forum;;moodle_mobile_app
457;mod_forum_set_pin_state;mod_forum_external;set_pin_state;mod/forum/externallib.php;mod_forum;;moodle_mobile_app
458;mod_forum_delete_post;mod_forum_external;delete_post;mod/forum/externallib.php;mod_forum;;moodle_mobile_app
459;mod_forum_get_discussion_posts_by_userid;mod_forum_external;get_discussion_posts_by_userid;mod/forum/externallib.php;mod_forum;"mod/forum:viewdiscussion, mod/forum:viewqandawithoutposting";
460;mod_forum_get_discussion_post;mod_forum_external;get_discussion_post;mod/forum/externallib.php;mod_forum;;moodle_mobile_app
461;mod_forum_prepare_draft_area_for_post;mod_forum_external;prepare_draft_area_for_post;mod/forum/externallib.php;mod_forum;;moodle_mobile_app
462;mod_forum_update_discussion_post;mod_forum_external;update_discussion_post;mod/forum/externallib.php;mod_forum;;moodle_mobile_app
463;mod_glossary_get_glossaries_by_courses;mod_glossary_external;get_glossaries_by_courses;;mod_glossary;mod/glossary:view;moodle_mobile_app
464;mod_glossary_view_glossary;mod_glossary_external;view_glossary;;mod_glossary;mod/glossary:view;moodle_mobile_app
465;mod_glossary_view_entry;mod_glossary_external;view_entry;;mod_glossary;mod/glossary:view;moodle_mobile_app
466;mod_glossary_get_entries_by_letter;mod_glossary_external;get_entries_by_letter;;mod_glossary;mod/glossary:view;moodle_mobile_app
467;mod_glossary_get_entries_by_date;mod_glossary_external;get_entries_by_date;;mod_glossary;mod/glossary:view;moodle_mobile_app
468;mod_glossary_get_categories;mod_glossary_external;get_categories;;mod_glossary;mod/glossary:view;moodle_mobile_app
469;mod_glossary_get_entries_by_category;mod_glossary_external;get_entries_by_category;;mod_glossary;mod/glossary:view;moodle_mobile_app
470;mod_glossary_get_authors;mod_glossary_external;get_authors;;mod_glossary;mod/glossary:view;moodle_mobile_app
471;mod_glossary_get_entries_by_author;mod_glossary_external;get_entries_by_author;;mod_glossary;mod/glossary:view;moodle_mobile_app
472;mod_glossary_get_entries_by_author_id;mod_glossary_external;get_entries_by_author_id;;mod_glossary;mod/glossary:view;moodle_mobile_app
473;mod_glossary_get_entries_by_search;mod_glossary_external;get_entries_by_search;;mod_glossary;mod/glossary:view;moodle_mobile_app
474;mod_glossary_get_entries_by_term;mod_glossary_external;get_entries_by_term;;mod_glossary;mod/glossary:view;moodle_mobile_app
475;mod_glossary_get_entries_to_approve;mod_glossary_external;get_entries_to_approve;;mod_glossary;mod/glossary:approve;moodle_mobile_app
476;mod_glossary_get_entry_by_id;mod_glossary_external;get_entry_by_id;;mod_glossary;mod/glossary:view;moodle_mobile_app
477;mod_glossary_add_entry;mod_glossary_external;add_entry;;mod_glossary;mod/glossary:write;moodle_mobile_app
478;mod_glossary_delete_entry;"mod_glossary\external\delete_entry";execute;;mod_glossary;;moodle_mobile_app
479;mod_glossary_update_entry;"mod_glossary\external\update_entry";execute;;mod_glossary;;moodle_mobile_app
480;mod_glossary_prepare_entry_for_edition;"mod_glossary\external\prepare_entry";execute;;mod_glossary;;moodle_mobile_app
481;mod_h5pactivity_get_h5pactivity_access_information;"mod_h5pactivity\external\get_h5pactivity_access_information";execute;;mod_h5pactivity;mod/h5pactivity:view;moodle_mobile_app
482;mod_h5pactivity_view_h5pactivity;"mod_h5pactivity\external\view_h5pactivity";execute;;mod_h5pactivity;mod/h5pactivity:view;moodle_mobile_app
483;mod_h5pactivity_get_attempts;"mod_h5pactivity\external\get_attempts";execute;;mod_h5pactivity;mod/h5pactivity:view;moodle_mobile_app
484;mod_h5pactivity_get_results;"mod_h5pactivity\external\get_results";execute;;mod_h5pactivity;mod/h5pactivity:view;moodle_mobile_app
485;mod_h5pactivity_get_h5pactivities_by_courses;"mod_h5pactivity\external\get_h5pactivities_by_courses";execute;;mod_h5pactivity;mod/h5pactivity:view;moodle_mobile_app
486;mod_h5pactivity_log_report_viewed;"mod_h5pactivity\external\log_report_viewed";execute;;mod_h5pactivity;;moodle_mobile_app
487;mod_h5pactivity_get_user_attempts;"mod_h5pactivity\external\get_user_attempts";execute;;mod_h5pactivity;mod/h5pactivity:reviewattempts;moodle_mobile_app
488;mod_imscp_view_imscp;mod_imscp_external;view_imscp;;mod_imscp;mod/imscp:view;moodle_mobile_app
489;mod_imscp_get_imscps_by_courses;mod_imscp_external;get_imscps_by_courses;;mod_imscp;mod/imscp:view;moodle_mobile_app
490;mod_label_get_labels_by_courses;mod_label_external;get_labels_by_courses;;mod_label;mod/label:view;moodle_mobile_app
491;mod_lesson_get_lessons_by_courses;mod_lesson_external;get_lessons_by_courses;;mod_lesson;mod/lesson:view;moodle_mobile_app
492;mod_lesson_get_lesson_access_information;mod_lesson_external;get_lesson_access_information;;mod_lesson;mod/lesson:view;moodle_mobile_app
493;mod_lesson_view_lesson;mod_lesson_external;view_lesson;;mod_lesson;mod/lesson:view;moodle_mobile_app
494;mod_lesson_get_questions_attempts;mod_lesson_external;get_questions_attempts;;mod_lesson;mod/lesson:view;moodle_mobile_app
495;mod_lesson_get_user_grade;mod_lesson_external;get_user_grade;;mod_lesson;mod/lesson:view;moodle_mobile_app
496;mod_lesson_get_user_attempt_grade;mod_lesson_external;get_user_attempt_grade;;mod_lesson;mod/lesson:view;moodle_mobile_app
497;mod_lesson_get_content_pages_viewed;mod_lesson_external;get_content_pages_viewed;;mod_lesson;mod/lesson:view;moodle_mobile_app
498;mod_lesson_get_user_timers;mod_lesson_external;get_user_timers;;mod_lesson;mod/lesson:view;moodle_mobile_app
499;mod_lesson_get_pages;mod_lesson_external;get_pages;;mod_lesson;mod/lesson:view;moodle_mobile_app
500;mod_lesson_launch_attempt;mod_lesson_external;launch_attempt;;mod_lesson;mod/lesson:view;moodle_mobile_app
501;mod_lesson_get_page_data;mod_lesson_external;get_page_data;;mod_lesson;mod/lesson:view;moodle_mobile_app
502;mod_lesson_process_page;mod_lesson_external;process_page;;mod_lesson;mod/lesson:view;moodle_mobile_app
503;mod_lesson_finish_attempt;mod_lesson_external;finish_attempt;;mod_lesson;mod/lesson:view;moodle_mobile_app
504;mod_lesson_get_attempts_overview;mod_lesson_external;get_attempts_overview;;mod_lesson;mod/lesson:viewreports;moodle_mobile_app
505;mod_lesson_get_user_attempt;mod_lesson_external;get_user_attempt;;mod_lesson;mod/lesson:viewreports;moodle_mobile_app
506;mod_lesson_get_pages_possible_jumps;mod_lesson_external;get_pages_possible_jumps;;mod_lesson;mod/lesson:view;moodle_mobile_app
507;mod_lesson_get_lesson;mod_lesson_external;get_lesson;;mod_lesson;mod/lesson:view;moodle_mobile_app
508;mod_lti_get_tool_launch_data;mod_lti_external;get_tool_launch_data;;mod_lti;mod/lti:view;moodle_mobile_app
509;mod_lti_get_ltis_by_courses;mod_lti_external;get_ltis_by_courses;;mod_lti;mod/lti:view;moodle_mobile_app
510;mod_lti_view_lti;mod_lti_external;view_lti;;mod_lti;mod/lti:view;moodle_mobile_app
511;mod_lti_get_tool_proxies;mod_lti_external;get_tool_proxies;;mod_lti;moodle/site:config;
512;mod_lti_create_tool_proxy;mod_lti_external;create_tool_proxy;;mod_lti;moodle/site:config;
513;mod_lti_delete_tool_proxy;mod_lti_external;delete_tool_proxy;;mod_lti;moodle/site:config;
514;mod_lti_get_tool_proxy_registration_request;mod_lti_external;get_tool_proxy_registration_request;;mod_lti;moodle/site:config;
515;mod_lti_get_tool_types;mod_lti_external;get_tool_types;;mod_lti;moodle/site:config;
516;mod_lti_get_tool_types_and_proxies;"mod_lti\external\get_tool_types_and_proxies";execute;;mod_lti;moodle/site:config;
517;mod_lti_get_tool_types_and_proxies_count;"mod_lti\external\get_tool_types_and_proxies_count";execute;;mod_lti;moodle/site:config;
518;mod_lti_create_tool_type;mod_lti_external;create_tool_type;;mod_lti;moodle/site:config;
519;mod_lti_update_tool_type;mod_lti_external;update_tool_type;;mod_lti;moodle/site:config;
520;mod_lti_delete_tool_type;mod_lti_external;delete_tool_type;;mod_lti;moodle/site:config;
521;mod_lti_is_cartridge;mod_lti_external;is_cartridge;;mod_lti;moodle/site:config;
522;mod_page_view_page;mod_page_external;view_page;;mod_page;mod/page:view;moodle_mobile_app
523;mod_page_get_pages_by_courses;mod_page_external;get_pages_by_courses;;mod_page;mod/page:view;moodle_mobile_app
524;mod_quiz_get_quizzes_by_courses;mod_quiz_external;get_quizzes_by_courses;;mod_quiz;mod/quiz:view;moodle_mobile_app
525;mod_quiz_view_quiz;mod_quiz_external;view_quiz;;mod_quiz;mod/quiz:view;moodle_mobile_app
526;mod_quiz_get_user_attempts;mod_quiz_external;get_user_attempts;;mod_quiz;mod/quiz:view;moodle_mobile_app
527;mod_quiz_get_user_best_grade;mod_quiz_external;get_user_best_grade;;mod_quiz;mod/quiz:view;moodle_mobile_app
528;mod_quiz_get_combined_review_options;mod_quiz_external;get_combined_review_options;;mod_quiz;mod/quiz:view;moodle_mobile_app
529;mod_quiz_start_attempt;mod_quiz_external;start_attempt;;mod_quiz;mod/quiz:attempt;moodle_mobile_app
530;mod_quiz_get_attempt_data;mod_quiz_external;get_attempt_data;;mod_quiz;mod/quiz:attempt;moodle_mobile_app
531;mod_quiz_get_attempt_summary;mod_quiz_external;get_attempt_summary;;mod_quiz;mod/quiz:attempt;moodle_mobile_app
532;mod_quiz_save_attempt;mod_quiz_external;save_attempt;;mod_quiz;mod/quiz:attempt;moodle_mobile_app
533;mod_quiz_process_attempt;mod_quiz_external;process_attempt;;mod_quiz;mod/quiz:attempt;moodle_mobile_app
534;mod_quiz_get_attempt_review;mod_quiz_external;get_attempt_review;;mod_quiz;mod/quiz:reviewmyattempts;moodle_mobile_app
535;mod_quiz_view_attempt;mod_quiz_external;view_attempt;;mod_quiz;mod/quiz:attempt;moodle_mobile_app
536;mod_quiz_view_attempt_summary;mod_quiz_external;view_attempt_summary;;mod_quiz;mod/quiz:attempt;moodle_mobile_app
537;mod_quiz_view_attempt_review;mod_quiz_external;view_attempt_review;;mod_quiz;mod/quiz:reviewmyattempts;moodle_mobile_app
538;mod_quiz_get_quiz_feedback_for_grade;mod_quiz_external;get_quiz_feedback_for_grade;;mod_quiz;mod/quiz:view;moodle_mobile_app
539;mod_quiz_get_quiz_access_information;mod_quiz_external;get_quiz_access_information;;mod_quiz;mod/quiz:view;moodle_mobile_app
540;mod_quiz_get_attempt_access_information;mod_quiz_external;get_attempt_access_information;;mod_quiz;mod/quiz:view;moodle_mobile_app
541;mod_quiz_get_quiz_required_qtypes;mod_quiz_external;get_quiz_required_qtypes;;mod_quiz;mod/quiz:view;moodle_mobile_app
542;mod_quiz_set_question_version;"mod_quiz\external\submit_question_version";execute;;mod_quiz;mod/quiz:view;
543;mod_quiz_reopen_attempt;"mod_quiz\external\reopen_attempt";execute;;mod_quiz;mod/quiz:reopenattempts;
544;mod_quiz_get_reopen_attempt_confirmation;"mod_quiz\external\get_reopen_attempt_confirmation";execute;;mod_quiz;mod/quiz:reopenattempts;
545;mod_resource_view_resource;mod_resource_external;view_resource;;mod_resource;mod/resource:view;moodle_mobile_app
546;mod_resource_get_resources_by_courses;mod_resource_external;get_resources_by_courses;;mod_resource;mod/resource:view;moodle_mobile_app
547;mod_scorm_view_scorm;mod_scorm_external;view_scorm;;mod_scorm;;moodle_mobile_app
548;mod_scorm_get_scorm_attempt_count;mod_scorm_external;get_scorm_attempt_count;;mod_scorm;;moodle_mobile_app
549;mod_scorm_get_scorm_scoes;mod_scorm_external;get_scorm_scoes;;mod_scorm;;moodle_mobile_app
550;mod_scorm_get_scorm_user_data;mod_scorm_external;get_scorm_user_data;;mod_scorm;;moodle_mobile_app
551;mod_scorm_insert_scorm_tracks;mod_scorm_external;insert_scorm_tracks;;mod_scorm;mod/scorm:savetrack;moodle_mobile_app
552;mod_scorm_get_scorm_sco_tracks;mod_scorm_external;get_scorm_sco_tracks;;mod_scorm;;moodle_mobile_app
553;mod_scorm_get_scorms_by_courses;mod_scorm_external;get_scorms_by_courses;;mod_scorm;;moodle_mobile_app
554;mod_scorm_launch_sco;mod_scorm_external;launch_sco;;mod_scorm;;moodle_mobile_app
555;mod_scorm_get_scorm_access_information;mod_scorm_external;get_scorm_access_information;;mod_scorm;;moodle_mobile_app
556;mod_survey_get_surveys_by_courses;mod_survey_external;get_surveys_by_courses;;mod_survey;;moodle_mobile_app
557;mod_survey_view_survey;mod_survey_external;view_survey;;mod_survey;mod/survey:participate;moodle_mobile_app
558;mod_survey_get_questions;mod_survey_external;get_questions;;mod_survey;mod/survey:participate;moodle_mobile_app
559;mod_survey_submit_answers;mod_survey_external;submit_answers;;mod_survey;mod/survey:participate;moodle_mobile_app
560;mod_url_view_url;mod_url_external;view_url;;mod_url;mod/url:view;moodle_mobile_app
561;mod_url_get_urls_by_courses;mod_url_external;get_urls_by_courses;;mod_url;mod/url:view;moodle_mobile_app
562;mod_wiki_get_wikis_by_courses;mod_wiki_external;get_wikis_by_courses;;mod_wiki;mod/wiki:viewpage;moodle_mobile_app
563;mod_wiki_view_wiki;mod_wiki_external;view_wiki;;mod_wiki;mod/wiki:viewpage;moodle_mobile_app
564;mod_wiki_view_page;mod_wiki_external;view_page;;mod_wiki;mod/wiki:viewpage;moodle_mobile_app
565;mod_wiki_get_subwikis;mod_wiki_external;get_subwikis;;mod_wiki;mod/wiki:viewpage;moodle_mobile_app
566;mod_wiki_get_subwiki_pages;mod_wiki_external;get_subwiki_pages;;mod_wiki;mod/wiki:viewpage;moodle_mobile_app
567;mod_wiki_get_subwiki_files;mod_wiki_external;get_subwiki_files;;mod_wiki;mod/wiki:viewpage;moodle_mobile_app
568;mod_wiki_get_page_contents;mod_wiki_external;get_page_contents;;mod_wiki;mod/wiki:viewpage;moodle_mobile_app
569;mod_wiki_get_page_for_editing;mod_wiki_external;get_page_for_editing;;mod_wiki;mod/wiki:editpage;moodle_mobile_app
570;mod_wiki_new_page;mod_wiki_external;new_page;;mod_wiki;mod/wiki:editpage;moodle_mobile_app
571;mod_wiki_edit_page;mod_wiki_external;edit_page;;mod_wiki;mod/wiki:editpage;moodle_mobile_app
572;mod_workshop_get_workshops_by_courses;mod_workshop_external;get_workshops_by_courses;;mod_workshop;mod/workshop:view;moodle_mobile_app
573;mod_workshop_get_workshop_access_information;mod_workshop_external;get_workshop_access_information;;mod_workshop;mod/workshop:view;moodle_mobile_app
574;mod_workshop_get_user_plan;mod_workshop_external;get_user_plan;;mod_workshop;mod/workshop:view;moodle_mobile_app
575;mod_workshop_view_workshop;mod_workshop_external;view_workshop;;mod_workshop;mod/workshop:view;moodle_mobile_app
576;mod_workshop_add_submission;mod_workshop_external;add_submission;;mod_workshop;mod/workshop:submit;moodle_mobile_app
577;mod_workshop_update_submission;mod_workshop_external;update_submission;;mod_workshop;mod/workshop:submit;moodle_mobile_app
578;mod_workshop_delete_submission;mod_workshop_external;delete_submission;;mod_workshop;mod/workshop:submit;moodle_mobile_app
579;mod_workshop_get_submissions;mod_workshop_external;get_submissions;;mod_workshop;;moodle_mobile_app
580;mod_workshop_get_submission;mod_workshop_external;get_submission;;mod_workshop;;moodle_mobile_app
581;mod_workshop_get_submission_assessments;mod_workshop_external;get_submission_assessments;;mod_workshop;;moodle_mobile_app
582;mod_workshop_get_assessment;mod_workshop_external;get_assessment;;mod_workshop;;moodle_mobile_app
583;mod_workshop_get_assessment_form_definition;mod_workshop_external;get_assessment_form_definition;;mod_workshop;;moodle_mobile_app
584;mod_workshop_get_reviewer_assessments;mod_workshop_external;get_reviewer_assessments;;mod_workshop;;moodle_mobile_app
585;mod_workshop_update_assessment;mod_workshop_external;update_assessment;;mod_workshop;;moodle_mobile_app
586;mod_workshop_get_grades;mod_workshop_external;get_grades;;mod_workshop;;moodle_mobile_app
587;mod_workshop_evaluate_assessment;mod_workshop_external;evaluate_assessment;;mod_workshop;;moodle_mobile_app
588;mod_workshop_get_grades_report;mod_workshop_external;get_grades_report;;mod_workshop;;moodle_mobile_app
589;mod_workshop_view_submission;mod_workshop_external;view_submission;;mod_workshop;mod/workshop:view;moodle_mobile_app
590;mod_workshop_evaluate_submission;mod_workshop_external;evaluate_submission;;mod_workshop;;moodle_mobile_app
591;auth_email_get_signup_settings;auth_email_external;get_signup_settings;;auth_email;;
592;auth_email_signup_user;auth_email_external;signup_user;;auth_email;;
593;enrol_guest_get_instance_info;enrol_guest_external;get_instance_info;;enrol_guest;;moodle_mobile_app
594;enrol_manual_enrol_users;enrol_manual_external;enrol_users;enrol/manual/externallib.php;enrol_manual;enrol/manual:enrol;
595;enrol_manual_unenrol_users;enrol_manual_external;unenrol_users;enrol/manual/externallib.php;enrol_manual;enrol/manual:unenrol;
596;enrol_meta_add_instances;"enrol_meta\external\add_instances";execute;;enrol_meta;enrol/meta:config;
597;enrol_meta_delete_instances;"enrol_meta\external\delete_instances";execute;;enrol_meta;enrol/meta:config;
598;enrol_self_get_instance_info;enrol_self_external;get_instance_info;enrol/self/externallib.php;enrol_self;;moodle_mobile_app
599;enrol_self_enrol_user;enrol_self_external;enrol_user;enrol/self/externallib.php;enrol_self;;moodle_mobile_app
600;message_airnotifier_is_system_configured;message_airnotifier_external;is_system_configured;message/output/airnotifier/externallib.php;message_airnotifier;;moodle_mobile_app
601;message_airnotifier_are_notification_preferences_configured;message_airnotifier_external;are_notification_preferences_configured;message/output/airnotifier/externallib.php;message_airnotifier;;moodle_mobile_app
602;message_airnotifier_get_user_devices;message_airnotifier_external;get_user_devices;message/output/airnotifier/externallib.php;message_airnotifier;;moodle_mobile_app
603;message_airnotifier_enable_device;message_airnotifier_external;enable_device;message/output/airnotifier/externallib.php;message_airnotifier;message/airnotifier:managedevice;moodle_mobile_app
604;message_popup_get_popup_notifications;message_popup_external;get_popup_notifications;message/output/popup/externallib.php;message_popup;;moodle_mobile_app
605;message_popup_get_unread_popup_notification_count;message_popup_external;get_unread_popup_notification_count;message/output/popup/externallib.php;message_popup;;moodle_mobile_app
606;block_accessreview_get_module_data;"block_accessreview\external\get_module_data";execute;;block_accessreview;block/accessreview:view;
607;block_accessreview_get_section_data;"block_accessreview\external\get_section_data";execute;;block_accessreview;block/accessreview:view;
608;block_recentlyaccesseditems_get_recent_items;"block_recentlyaccesseditems\external";get_recent_items;;block_recentlyaccesseditems;;moodle_mobile_app
609;block_starredcourses_get_starred_courses;block_starredcourses_external;get_starred_courses;block/starredcourses/classes/external.php;block_starredcourses;;moodle_mobile_app
610;media_videojs_get_language;"media_videojs\external\get_language";execute;;media_videojs;;
611;report_competency_data_for_report;"report_competency\external";data_for_report;;report_competency;moodle/competency:coursecompetencyview;
612;report_insights_set_notuseful_prediction;"report_insights\external";set_notuseful_prediction;;report_insights;;moodle_mobile_app
613;report_insights_set_fixed_prediction;"report_insights\external";set_fixed_prediction;;report_insights;;moodle_mobile_app
614;report_insights_action_executed;"report_insights\external";action_executed;;report_insights;;moodle_mobile_app
615;gradereport_grader_get_users_in_report;"gradereport_grader\external\get_users_in_report";execute;;gradereport_grader;gradereport/grader:view;moodle_mobile_app
616;gradereport_overview_get_course_grades;gradereport_overview_external;get_course_grades;;gradereport_overview;;moodle_mobile_app
617;gradereport_overview_view_grade_report;gradereport_overview_external;view_grade_report;;gradereport_overview;gradereport/overview:view;moodle_mobile_app
618;gradereport_singleview_get_grade_items_for_search_widget;"gradereport_singleview\external\singleview";get_grade_items_for_search_widget;;gradereport_singleview;gradereport/singleview:view;moodle_mobile_app
619;gradereport_user_get_grades_table;"gradereport_user\external\user";get_grades_table;;gradereport_user;gradereport/user:view;moodle_mobile_app
620;gradereport_user_view_grade_report;"gradereport_user\external\user";view_grade_report;;gradereport_user;gradereport/user:view;moodle_mobile_app
621;gradereport_user_get_grade_items;"gradereport_user\external\user";get_grade_items;;gradereport_user;gradereport/user:view;moodle_mobile_app
622;gradereport_user_get_access_information;"gradereport_user\external\get_access_information";execute;;gradereport_user;;moodle_mobile_app
623;gradingform_guide_grader_gradingpanel_fetch;"gradingform_guide\grades\grader\gradingpanel\external\fetch";execute;;gradingform_guide;;
624;gradingform_guide_grader_gradingpanel_store;"gradingform_guide\grades\grader\gradingpanel\external\store";execute;;gradingform_guide;;
625;gradingform_rubric_grader_gradingpanel_fetch;"gradingform_rubric\grades\grader\gradingpanel\external\fetch";execute;;gradingform_rubric;;
626;gradingform_rubric_grader_gradingpanel_store;"gradingform_rubric\grades\grader\gradingpanel\external\store";execute;;gradingform_rubric;;
627;qbank_columnsortorder_set_columnbank_order;"qbank_columnsortorder\external\set_columnbank_order";execute;;qbank_columnsortorder;;
628;qbank_editquestion_set_status;"qbank_editquestion\external\update_question_version_status";execute;;qbank_editquestion;;
629;qbank_tagquestion_submit_tags_form;"qbank_tagquestion\external\submit_tags";execute;;qbank_tagquestion;;
630;tool_analytics_potential_contexts;"tool_analytics\external";potential_contexts;;tool_analytics;;moodle_mobile_app
631;tool_behat_get_entity_generator;"tool_behat\external\get_entity_generator";execute;;tool_behat;moodle/site:config;
632;tool_dataprivacy_cancel_data_request;"tool_dataprivacy\external";cancel_data_request;;tool_dataprivacy;;
633;tool_dataprivacy_contact_dpo;"tool_dataprivacy\external";contact_dpo;;tool_dataprivacy;;
634;tool_dataprivacy_mark_complete;"tool_dataprivacy\external";mark_complete;;tool_dataprivacy;tool/dataprivacy:managedatarequests;
635;tool_dataprivacy_get_data_request;"tool_dataprivacy\external";get_data_request;;tool_dataprivacy;tool/dataprivacy:managedatarequests;
636;tool_dataprivacy_approve_data_request;"tool_dataprivacy\external";approve_data_request;;tool_dataprivacy;tool/dataprivacy:managedatarequests;
637;tool_dataprivacy_bulk_approve_data_requests;"tool_dataprivacy\external";bulk_approve_data_requests;;tool_dataprivacy;tool/dataprivacy:managedatarequests;
638;tool_dataprivacy_deny_data_request;"tool_dataprivacy\external";deny_data_request;;tool_dataprivacy;tool/dataprivacy:managedatarequests;
639;tool_dataprivacy_bulk_deny_data_requests;"tool_dataprivacy\external";bulk_deny_data_requests;;tool_dataprivacy;tool/dataprivacy:managedatarequests;
640;tool_dataprivacy_get_users;"tool_dataprivacy\external";get_users;;tool_dataprivacy;tool/dataprivacy:managedatarequests;
641;tool_dataprivacy_create_purpose_form;"tool_dataprivacy\external";create_purpose_form;;tool_dataprivacy;;
642;tool_dataprivacy_create_category_form;"tool_dataprivacy\external";create_category_form;;tool_dataprivacy;;
643;tool_dataprivacy_delete_purpose;"tool_dataprivacy\external";delete_purpose;;tool_dataprivacy;;
644;tool_dataprivacy_delete_category;"tool_dataprivacy\external";delete_category;;tool_dataprivacy;;
645;tool_dataprivacy_set_contextlevel_form;"tool_dataprivacy\external";set_contextlevel_form;;tool_dataprivacy;;
646;tool_dataprivacy_set_context_form;"tool_dataprivacy\external";set_context_form;;tool_dataprivacy;;
647;tool_dataprivacy_tree_extra_branches;"tool_dataprivacy\external";tree_extra_branches;;tool_dataprivacy;;
648;tool_dataprivacy_confirm_contexts_for_deletion;"tool_dataprivacy\external";confirm_contexts_for_deletion;;tool_dataprivacy;;
649;tool_dataprivacy_set_context_defaults;"tool_dataprivacy\external";set_context_defaults;;tool_dataprivacy;tool/dataprivacy:managedataregistry;
650;tool_dataprivacy_get_category_options;"tool_dataprivacy\external";get_category_options;;tool_dataprivacy;tool/dataprivacy:managedataregistry;
651;tool_dataprivacy_get_purpose_options;"tool_dataprivacy\external";get_purpose_options;;tool_dataprivacy;tool/dataprivacy:managedataregistry;
652;tool_dataprivacy_get_activity_options;"tool_dataprivacy\external";get_activity_options;;tool_dataprivacy;tool/dataprivacy:managedataregistry;
653;tool_lp_data_for_competency_frameworks_manage_page;"tool_lp\external";data_for_competency_frameworks_manage_page;;tool_lp;moodle/competency:competencyview;
654;tool_lp_data_for_competency_summary;"tool_lp\external";data_for_competency_summary;;tool_lp;moodle/competency:competencyview;
655;tool_lp_data_for_competencies_manage_page;"tool_lp\external";data_for_competencies_manage_page;;tool_lp;moodle/competency:competencyview;
656;tool_lp_list_courses_using_competency;"tool_lp\external";list_courses_using_competency;;tool_lp;moodle/competency:coursecompetencyview;
657;tool_lp_data_for_course_competencies_page;"tool_lp\external";data_for_course_competencies_page;;tool_lp;moodle/competency:coursecompetencyview;moodle_mobile_app
658;tool_lp_data_for_template_competencies_page;"tool_lp\external";data_for_template_competencies_page;;tool_lp;moodle/competency:templateview;
659;tool_lp_data_for_templates_manage_page;"tool_lp\external";data_for_templates_manage_page;;tool_lp;moodle/competency:templateview;
660;tool_lp_data_for_plans_page;"tool_lp\external";data_for_plans_page;;tool_lp;moodle/competency:planviewown;moodle_mobile_app
661;tool_lp_data_for_plan_page;"tool_lp\external";data_for_plan_page;;tool_lp;moodle/competency:planview;moodle_mobile_app
662;tool_lp_data_for_related_competencies_section;"tool_lp\external";data_for_related_competencies_section;;tool_lp;moodle/competency:competencyview;
663;tool_lp_search_users;"tool_lp\external";search_users;;tool_lp;;
664;tool_lp_search_cohorts;core_cohort_external;search_cohorts;cohort/externallib.php;tool_lp;moodle/cohort:view;
665;tool_lp_data_for_user_evidence_list_page;"tool_lp\external";data_for_user_evidence_list_page;;tool_lp;moodle/competency:userevidenceview;moodle_mobile_app
666;tool_lp_data_for_user_evidence_page;"tool_lp\external";data_for_user_evidence_page;;tool_lp;moodle/competency:userevidenceview;moodle_mobile_app
667;tool_lp_data_for_user_competency_summary;"tool_lp\external";data_for_user_competency_summary;;tool_lp;moodle/competency:planview;moodle_mobile_app
668;tool_lp_data_for_user_competency_summary_in_plan;"tool_lp\external";data_for_user_competency_summary_in_plan;;tool_lp;moodle/competency:planview;moodle_mobile_app
669;tool_lp_data_for_user_competency_summary_in_course;"tool_lp\external";data_for_user_competency_summary_in_course;;tool_lp;moodle/competency:coursecompetencyview;moodle_mobile_app
670;tool_mobile_get_plugins_supporting_mobile;"tool_mobile\external";get_plugins_supporting_mobile;;tool_mobile;;moodle_mobile_app
671;tool_mobile_get_public_config;"tool_mobile\external";get_public_config;;tool_mobile;;moodle_mobile_app
672;tool_mobile_get_config;"tool_mobile\external";get_config;;tool_mobile;;moodle_mobile_app
673;tool_mobile_get_autologin_key;"tool_mobile\external";get_autologin_key;;tool_mobile;;moodle_mobile_app
674;tool_mobile_get_content;"tool_mobile\external";get_content;;tool_mobile;;moodle_mobile_app
675;tool_mobile_call_external_functions;"tool_mobile\external";call_external_functions;;tool_mobile;;moodle_mobile_app
676;tool_mobile_validate_subscription_key;"tool_mobile\external";validate_subscription_key;;tool_mobile;;moodle_mobile_app
677;tool_mobile_get_tokens_for_qr_login;"tool_mobile\external";get_tokens_for_qr_login;;tool_mobile;;moodle_mobile_app
678;tool_moodlenet_verify_webfinger;"tool_moodlenet\external";verify_webfinger;;tool_moodlenet;;moodle_mobile_app
679;tool_moodlenet_search_courses;"tool_moodlenet\external";search_courses;;tool_moodlenet;;moodle_mobile_app
680;tool_policy_get_policy_version;"tool_policy\external";get_policy_version;;tool_policy;;
681;tool_policy_submit_accept_on_behalf;"tool_policy\external";submit_accept_on_behalf;;tool_policy;;
682;tool_templatelibrary_list_templates;"tool_templatelibrary\external";list_templates;;tool_templatelibrary;;
683;tool_templatelibrary_load_canonical_template;"tool_templatelibrary\external";load_canonical_template;;tool_templatelibrary;;
684;tool_usertours_fetch_and_start_tour;"tool_usertours\external\tour";fetch_and_start_tour;;tool_usertours;;
685;tool_usertours_step_shown;"tool_usertours\external\tour";step_shown;;tool_usertours;;
686;tool_usertours_complete_tour;"tool_usertours\external\tour";complete_tour;;tool_usertours;;
687;tool_usertours_reset_tour;"tool_usertours\external\tour";reset_tour;;tool_usertours;;
688;tool_xmldb_invoke_move_action;tool_xmldb_external;invoke_move_action;;tool_xmldb;;
689;paygw_paypal_get_config_for_js;"paygw_paypal\external\get_config_for_js";execute;;paygw_paypal;;
690;paygw_paypal_create_transaction_complete;"paygw_paypal\external\transaction_complete";execute;;paygw_paypal;;
691;quizaccess_seb_validate_quiz_keys;"quizaccess_seb\external\validate_quiz_keys";execute;;quizaccess_seb;;
692;tiny_autosave_resume_session;"tiny_autosave\external\resume_autosave_session";execute;;tiny_autosave;;
693;tiny_autosave_reset_session;"tiny_autosave\external\reset_autosave_session";execute;;tiny_autosave;;
694;tiny_autosave_update_session;"tiny_autosave\external\update_autosave_session_content";execute;;tiny_autosave;;
695;tiny_equation_filter;"tiny_equation\external\filter";execute;;tiny_equation;;
