1;admin_bookmarks;1;0;0;admin-*;;side-pre;2;;1685509090;1685509090
2;recentlyaccesseditems;1;0;0;my-index;2;side-post;0;;1685509090;1685509090
3;timeline;1;0;0;my-index;2;content;0;;1685509090;1685509090
4;calendar_month;1;0;0;my-index;2;content;1;;1685509090;1685509090
5;myoverview;1;0;0;my-index;3;content;0;;1685509090;1685509090
18;recentlyaccesseditems;5;0;0;my-index;8;side-post;0;;1685591690;1685591690
19;timeline;5;0;0;my-index;8;content;0;;1685591690;1685591690
20;calendar_month;5;0;0;my-index;8;content;1;;1685591690;1685591690
