1;0;0;;"\core_course\analytics\target\course_dropout";"[""\\core\\analytics\\indicator\\any_access_after_end"",""\\core\\analytics\\indicator\\any_access_before_start"",""\\core\\analytics\\indicator\\any_write_action_in_course"",""\\core\\analytics\\indicator\\read_actions"",""\\core_course\\analytics\\indicator\\completion_enabled"",""\\core_course\\analytics\\indicator\\potential_cognitive_depth"",""\\core_course\\analytics\\indicator\\potential_social_breadth"",""\\mod_assign\\analytics\\indicator\\cognitive_depth"",""\\mod_assign\\analytics\\indicator\\social_breadth"",""\\mod_book\\analytics\\indicator\\cognitive_depth"",""\\mod_book\\analytics\\indicator\\social_breadth"",""\\mod_chat\\analytics\\indicator\\cognitive_depth"",""\\mod_chat\\analytics\\indicator\\social_breadth"",""\\mod_choice\\analytics\\indicator\\cognitive_depth"",""\\mod_choice\\analytics\\indicator\\social_breadth"",""\\mod_data\\analytics\\indicator\\cognitive_depth"",""\\mod_data\\analytics\\indicator\\social_breadth"",""\\mod_feedback\\analytics\\indicator\\cognitive_depth"",""\\mod_feedback\\analytics\\indicator\\social_breadth"",""\\mod_folder\\analytics\\indicator\\cognitive_depth"",""\\mod_folder\\analytics\\indicator\\social_breadth"",""\\mod_forum\\analytics\\indicator\\cognitive_depth"",""\\mod_forum\\analytics\\indicator\\social_breadth"",""\\mod_glossary\\analytics\\indicator\\cognitive_depth"",""\\mod_glossary\\analytics\\indicator\\social_breadth"",""\\mod_imscp\\analytics\\indicator\\cognitive_depth"",""\\mod_imscp\\analytics\\indicator\\social_breadth"",""\\mod_label\\analytics\\indicator\\cognitive_depth"",""\\mod_label\\analytics\\indicator\\social_breadth"",""\\mod_lesson\\analytics\\indicator\\cognitive_depth"",""\\mod_lesson\\analytics\\indicator\\social_breadth"",""\\mod_lti\\analytics\\indicator\\cognitive_depth"",""\\mod_lti\\analytics\\indicator\\social_breadth"",""\\mod_page\\analytics\\indicator\\cognitive_depth"",""\\mod_page\\analytics\\indicator\\social_breadth"",""\\mod_quiz\\analytics\\indicator\\cognitive_depth"",""\\mod_quiz\\analytics\\indicator\\social_breadth"",""\\mod_resource\\analytics\\indicator\\cognitive_depth"",""\\mod_resource\\analytics\\indicator\\social_breadth"",""\\mod_scorm\\analytics\\indicator\\cognitive_depth"",""\\mod_scorm\\analytics\\indicator\\social_breadth"",""\\mod_survey\\analytics\\indicator\\cognitive_depth"",""\\mod_survey\\analytics\\indicator\\social_breadth"",""\\mod_url\\analytics\\indicator\\cognitive_depth"",""\\mod_url\\analytics\\indicator\\social_breadth"",""\\mod_wiki\\analytics\\indicator\\cognitive_depth"",""\\mod_wiki\\analytics\\indicator\\social_breadth"",""\\mod_workshop\\analytics\\indicator\\cognitive_depth"",""\\mod_workshop\\analytics\\indicator\\social_breadth""]";;;1685508993;;1685508993;1685508993;0
2;1;1;;"\core_course\analytics\target\no_teaching";"[""\\core_course\\analytics\\indicator\\no_teacher"",""\\core_course\\analytics\\indicator\\no_student""]";"\core\analytics\time_splitting\single_range";;1685508993;;1685508993;1685508993;0
3;1;1;;"\core_user\analytics\target\upcoming_activities_due";"[""\\core_course\\analytics\\indicator\\activities_due""]";"\core\analytics\time_splitting\upcoming_week";;1685508993;;1685508993;1685508993;0
4;1;1;;"\core_course\analytics\target\no_access_since_course_start";"[""\\core\\analytics\\indicator\\any_course_access""]";"\core\analytics\time_splitting\one_month_after_start";;1685508993;;1685508993;1685508993;0
5;1;1;;"\core_course\analytics\target\no_recent_accesses";"[""\\core\\analytics\\indicator\\any_course_access""]";"\core\analytics\time_splitting\past_month";;1685508993;;1685508993;1685508993;0
