69;1801-schichtenmodell;5;/mod/quiz/view.php?id=0
70;1801-instruktionszyklus;5;/mod/quiz/view.php?id=259
71;1801-binaerdarstellung;5;/mod/quiz/view.php?id=260
72;1801-addressbusbreite;5;/mod/quiz/view.php?id=261
73;1801-caching;5;/mod/quiz/view.php?id=262
74;1801-plattenzugriff;5;/mod/quiz/view.php?id=263
75;1801-speicherformen-zugriffszeit;5;/mod/quiz/view.php?id=264
76;1801-unterbrechungen-abfragebetrieb;5;/mod/quiz/view.php?id=265
77;1801-sperrung-unterbrechungseingang;5;/mod/quiz/view.php?id=266
78;1801-priorisierte-unterbrechungen;5;/mod/quiz/view.php?id=354
79;1801-dma;5;/mod/quiz/view.php?id=267
80;1801-return-from-interrupt;5;/mod/quiz/view.php?id=268
81;1801-moduswechsel;5;/mod/quiz/view.php?id=269
82;1801-unterbrechungsvektor;5;/mod/quiz/view.php?id=270
83;1801-maskieren-privilegiert;5;/mod/quiz/view.php?id=271
84;1801-scheduling;5;/mod/quiz/view.php?id=272
85;1801-sjf-wartezeit;5;/mod/quiz/view.php?id=273
86;1801-sjf-probleme;5;/mod/quiz/view.php?id=274
87;1801-timer;5;/mod/quiz/view.php?id=275
88;1801-zeitscheiben;5;/mod/quiz/view.php?id=276
89;1801-adressumrechung;5;/mod/quiz/view.php?id=277
90;1801-systempuffer;5;/mod/quiz/view.php?id=278
91;1801-segmentierung;5;/mod/quiz/view.php?id=279
92;1801-pfadlaenge;5;/mod/quiz/view.php?id=280
93;1801-seitenzahl;5;/mod/quiz/view.php?id=290
94;1801-seitentabelle-prozesskontext;5;/mod/quiz/view.php?id=291
95;1801-seitengroesse;5;/mod/quiz/view.php?id=293
96;1801-cache-seitentabelle;5;/mod/quiz/view.php?id=292
97;1801-logischer-adressraum;5;/mod/quiz/view.php?id=294
98;1801-paging-info;5;/mod/quiz/view.php?id=295
99;1801-anwendungen-threads;5;/mod/quiz/view.php?id=296
100;1801-threads-implementierung;5;/mod/quiz/view.php?id=297
101;1801-cpu-threads;5;/mod/quiz/view.php?id=298
102;1801-kritischer-abschnitt;5;/mod/quiz/view.php?id=299
103;1801-semaphore;5;/mod/quiz/view.php?id=300
104;1801-up-down;5;/mod/quiz/view.php?id=301
105;1801-blockade;5;/mod/quiz/view.php?id=302
106;1801-blockgroesse;5;/mod/quiz/view.php?id=303
107;1801-zugriffsrechte-gruppe;5;/mod/quiz/view.php?id=304
108;1801-chmod;5;/mod/quiz/view.php?id=305
109;1801-edit-recht;5;/mod/quiz/view.php?id=306
110;1801-fat-platzbedarf;5;/mod/quiz/view.php?id=307
111;1801-inode-blockzahl;5;/mod/quiz/view.php?id=308
112;1801-paketvermitteltes-netz;5;/mod/quiz/view.php?id=319
113;1801-ende-zu-ende-verzoegerung;5;/mod/quiz/view.php?id=320
114;1801-client-server;5;/mod/quiz/view.php?id=321
115;1801-url;5;/mod/quiz/view.php?id=322
116;1801-domain-name;5;/mod/quiz/view.php?id=323
117;1801-anonymitaet;5;/mod/quiz/view.php?id=324
118;1801-imap-versus-pop3;5;/mod/quiz/view.php?id=325
119;1801-ip-lookup;5;/mod/quiz/view.php?id=326
120;1801-router-aufgaben;5;/mod/quiz/view.php?id=327
121;1801-udp;5;/mod/quiz/view.php?id=328
122;1801-checksum;5;/mod/quiz/view.php?id=329
123;1801-zuverlaessige-datenuebertragung;5;/mod/quiz/view.php?id=330
124;1801-modifikation-alternating-bit;5;/mod/quiz/view.php?id=331
125;1801-3-wege-handshake;5;/mod/quiz/view.php?id=332
126;1801-sequenznummern;5;/mod/quiz/view.php?id=333
127;1801-latecomer;5;/mod/quiz/view.php?id=334
128;1801-fast-retransmit;5;/mod/quiz/view.php?id=335
129;1801-nachrichtenverluste-udp;5;/mod/quiz/view.php?id=336
130;1801-best-effort;5;/mod/quiz/view.php?id=334
131;1801-billigster-pfad-1;5;/mod/quiz/view.php?id=345
132;1801-billigster-pfad-2;5;/mod/quiz/view.php?id=346
133;1801-distanztabelle;5;/mod/quiz/view.php?id=347
134;1801-klasse-a-hosts;5;/mod/quiz/view.php?id=348
135;1801-teilnetzwerke;5;/mod/quiz/view.php?id=349
136;1801-count2infinity;5;/mod/quiz/view.php?id=350
137;1801-schichtenmodell;5;/mod/quiz/view.php?id=0
138;1801-instruktionszyklus;5;/mod/quiz/view.php?id=259
139;1801-binaerdarstellung;5;/mod/quiz/view.php?id=260
140;1801-addressbusbreite;5;/mod/quiz/view.php?id=261
141;1801-caching;5;/mod/quiz/view.php?id=262
142;1801-plattenzugriff;5;/mod/quiz/view.php?id=263
143;1801-speicherformen-zugriffszeit;5;/mod/quiz/view.php?id=264
144;1801-unterbrechungen-abfragebetrieb;5;/mod/quiz/view.php?id=265
145;1801-sperrung-unterbrechungseingang;5;/mod/quiz/view.php?id=266
146;1801-priorisierte-unterbrechungen;5;/mod/quiz/view.php?id=354
147;1801-dma;5;/mod/quiz/view.php?id=267
148;1801-return-from-interrupt;5;/mod/quiz/view.php?id=268
149;1801-moduswechsel;5;/mod/quiz/view.php?id=269
150;1801-unterbrechungsvektor;5;/mod/quiz/view.php?id=270
151;1801-maskieren-privilegiert;5;/mod/quiz/view.php?id=271
152;1801-scheduling;5;/mod/quiz/view.php?id=272
153;1801-sjf-wartezeit;5;/mod/quiz/view.php?id=273
154;1801-sjf-probleme;5;/mod/quiz/view.php?id=274
155;1801-timer;5;/mod/quiz/view.php?id=275
156;1801-zeitscheiben;5;/mod/quiz/view.php?id=276
157;1801-adressumrechung;5;/mod/quiz/view.php?id=277
158;1801-systempuffer;5;/mod/quiz/view.php?id=278
159;1801-segmentierung;5;/mod/quiz/view.php?id=279
160;1801-pfadlaenge;5;/mod/quiz/view.php?id=280
161;1801-seitenzahl;5;/mod/quiz/view.php?id=290
162;1801-seitentabelle-prozesskontext;5;/mod/quiz/view.php?id=291
163;1801-seitengroesse;5;/mod/quiz/view.php?id=293
164;1801-cache-seitentabelle;5;/mod/quiz/view.php?id=292
165;1801-logischer-adressraum;5;/mod/quiz/view.php?id=294
166;1801-paging-info;5;/mod/quiz/view.php?id=295
167;1801-anwendungen-threads;5;/mod/quiz/view.php?id=296
168;1801-threads-implementierung;5;/mod/quiz/view.php?id=297
169;1801-cpu-threads;5;/mod/quiz/view.php?id=298
170;1801-kritischer-abschnitt;5;/mod/quiz/view.php?id=299
171;1801-semaphore;5;/mod/quiz/view.php?id=300
172;1801-up-down;5;/mod/quiz/view.php?id=301
173;1801-blockade;5;/mod/quiz/view.php?id=302
174;1801-blockgroesse;5;/mod/quiz/view.php?id=303
175;1801-zugriffsrechte-gruppe;5;/mod/quiz/view.php?id=304
176;1801-chmod;5;/mod/quiz/view.php?id=305
177;1801-edit-recht;5;/mod/quiz/view.php?id=306
178;1801-fat-platzbedarf;5;/mod/quiz/view.php?id=307
179;1801-inode-blockzahl;5;/mod/quiz/view.php?id=308
180;1801-paketvermitteltes-netz;5;/mod/quiz/view.php?id=319
181;1801-ende-zu-ende-verzoegerung;5;/mod/quiz/view.php?id=320
182;1801-client-server;5;/mod/quiz/view.php?id=321
183;1801-url;5;/mod/quiz/view.php?id=322
184;1801-domain-name;5;/mod/quiz/view.php?id=323
185;1801-anonymitaet;5;/mod/quiz/view.php?id=324
186;1801-imap-versus-pop3;5;/mod/quiz/view.php?id=325
187;1801-ip-lookup;5;/mod/quiz/view.php?id=326
188;1801-router-aufgaben;5;/mod/quiz/view.php?id=327
189;1801-udp;5;/mod/quiz/view.php?id=328
190;1801-checksum;5;/mod/quiz/view.php?id=329
191;1801-zuverlaessige-datenuebertragung;5;/mod/quiz/view.php?id=330
192;1801-modifikation-alternating-bit;5;/mod/quiz/view.php?id=331
193;1801-3-wege-handshake;5;/mod/quiz/view.php?id=332
194;1801-sequenznummern;5;/mod/quiz/view.php?id=333
195;1801-latecomer;5;/mod/quiz/view.php?id=334
196;1801-fast-retransmit;5;/mod/quiz/view.php?id=335
197;1801-nachrichtenverluste-udp;5;/mod/quiz/view.php?id=336
198;1801-best-effort;5;/mod/quiz/view.php?id=334
199;1801-billigster-pfad-1;5;/mod/quiz/view.php?id=345
200;1801-billigster-pfad-2;5;/mod/quiz/view.php?id=346
201;1801-distanztabelle;5;/mod/quiz/view.php?id=347
202;1801-klasse-a-hosts;5;/mod/quiz/view.php?id=348
203;1801-teilnetzwerke;5;/mod/quiz/view.php?id=349
204;1801-count2infinity;5;/mod/quiz/view.php?id=350
205;1801-schichtenmodell;24;/mod/quiz/view.php?id=xxx
206;1801-instruktionszyklus;24;/mod/quiz/view.php?id=1090
207;1801-binaerdarstellung;24;/mod/quiz/view.php?id=1091
208;1801-addressbusbreite;24;/mod/quiz/view.php?id=1092
209;1801-caching;24;/mod/quiz/view.php?id=1093
210;1801-plattenzugriff;24;/mod/quiz/view.php?id=1094
211;1801-speicherformen-zugriffszeit;24;/mod/quiz/view.php?id=1095
212;1801-unterbrechungen-abfragebetrieb;24;/mod/quiz/view.php?id=1096
213;1801-sperrung-unterbrechungseingang;24;/mod/quiz/view.php?id=1097
214;1801-dma;24;/mod/quiz/view.php?id=1098
215;1801-return-from-interrupt;24;/mod/quiz/view.php?id=1099
216;1801-moduswechsel;24;/mod/quiz/view.php?id=1100
217;1801-unterbrechungsvektor;24;/mod/quiz/view.php?id=1101
218;1801-maskieren-privilegiert;24;/mod/quiz/view.php?id=1102
219;1801-scheduling;24;/mod/quiz/view.php?id=1103
220;1801-sjf-wartezeit;24;/mod/quiz/view.php?id=1104
221;1801-sjf-probleme;24;/mod/quiz/view.php?id=1105
222;1801-timer;24;/mod/quiz/view.php?id=1106
223;1801-zeitscheiben;24;/mod/quiz/view.php?id=1107
224;1801-adressumrechung;24;/mod/quiz/view.php?id=1108
225;1801-systempuffer;24;/mod/quiz/view.php?id=1109
226;1801-segmentierung;24;/mod/quiz/view.php?id=1110
227;1801-pfadlaenge;24;/mod/quiz/view.php?id=1111
228;1801-seitenzahl;24;/mod/quiz/view.php?id=1125
229;1801-seitentabelle-prozesskontext;24;/mod/quiz/view.php?id=1126
230;1801-cache-seitentabelle;24;/mod/quiz/view.php?id=1127
231;1801-seitengroesse;24;/mod/quiz/view.php?id=1128
232;1801-logischer-adressraum;24;/mod/quiz/view.php?id=1129
233;1801-paging-info;24;/mod/quiz/view.php?id=1130
234;1801-anwendungen-threads;24;/mod/quiz/view.php?id=1131
235;1801-threads-implementierung;24;/mod/quiz/view.php?id=1132
236;1801-cpu-threads;24;/mod/quiz/view.php?id=1133
237;1801-kritischer-abschnitt;24;/mod/quiz/view.php?id=1134
238;1801-semaphore;24;/mod/quiz/view.php?id=1135
239;1801-up-down;24;/mod/quiz/view.php?id=1136
240;1801-blockade;24;/mod/quiz/view.php?id=1137
241;1801-blockgroesse;24;/mod/quiz/view.php?id=1138
242;1801-zugriffsrechte-gruppe;24;/mod/quiz/view.php?id=1139
243;1801-chmod;24;/mod/quiz/view.php?id=1140
244;1801-edit-recht;24;/mod/quiz/view.php?id=1141
245;1801-fat-platzbedarf;24;/mod/quiz/view.php?id=1142
246;1801-inode-blockzahl;24;/mod/quiz/view.php?id=1143
247;1801-paketvermitteltes-netz;24;/mod/quiz/view.php?id=1157
248;1801-ende-zu-ende-verzoegerung;24;/mod/quiz/view.php?id=1158
249;1801-client-server;24;/mod/quiz/view.php?id=1159
250;1801-url;24;/mod/quiz/view.php?id=1160
251;1801-domain-name;24;/mod/quiz/view.php?id=1161
252;1801-anonymitaet;24;/mod/quiz/view.php?id=1162
253;1801-imap-versus-pop3;24;/mod/quiz/view.php?id=1163
254;1801-ip-lookup;24;/mod/quiz/view.php?id=1164
255;1801-router-aufgaben;24;/mod/quiz/view.php?id=1165
256;1801-udp;24;/mod/quiz/view.php?id=1166
257;1801-checksum;24;/mod/quiz/view.php?id=1167
258;1801-zuverlaessige-datenuebertragung;24;/mod/quiz/view.php?id=1168
259;1801-modifikation-alternating-bit;24;/mod/quiz/view.php?id=1169
260;1801-3-wege-handshake;24;/mod/quiz/view.php?id=1170
261;1801-sequenznummern;24;/mod/quiz/view.php?id=1171
262;1801-latecomer;24;/mod/quiz/view.php?id=1172
263;1801-fast-retransmit;24;/mod/quiz/view.php?id=1173
264;1801-nachrichtenverluste-udp;24;/mod/quiz/view.php?id=1174
265;1801-best-effort;24;/mod/quiz/view.php?id=1186
266;1801-billigster-pfad-1;24;/mod/quiz/view.php?id=1187
267;1801-billigster-pfad-2;24;/mod/quiz/view.php?id=1188
268;1801-distanztabelle;24;/mod/quiz/view.php?id=1189
269;1801-klasse-a-hosts;24;/mod/quiz/view.php?id=1190
270;1801-teilnetzwerke;24;/mod/quiz/view.php?id=1191
271;1801-count2infinity;24;/mod/quiz/view.php?id=1192
272;1801-schichtenmodell;24;/mod/quiz/view.php?id=xxx
273;1801-instruktionszyklus;24;/mod/quiz/view.php?id=1090
274;1801-binaerdarstellung;24;/mod/safran/view.php/1347/task/1
275;1801-addressbusbreite;24;/mod/safran/view.php/1347/task/2
276;1801-caching;24;/mod/safran/view.php/1347/task/3
277;1801-plattenzugriff;24;/mod/safran/view.php/1347/task/4
278;1801-speicherformen-zugriffszeit;24;/mod/quiz/view.php?id=1095
279;1801-unterbrechungen-abfragebetrieb;24;/mod/safran/view.php/1347/task/5
280;1801-sperrung-unterbrechungseingang;24;/mod/quiz/view.php?id=1097
281;1801-dma;24;/mod/quiz/view.php?id=1098
282;1801-return-from-interrupt;24;/mod/quiz/view.php?id=1099
283;1801-moduswechsel;24;/mod/quiz/view.php?id=1100
284;1801-unterbrechungsvektor;24;/mod/safran/view.php/1347/task/6
285;1801-maskieren-privilegiert;24;/mod/quiz/view.php?id=1102
286;1801-scheduling;24;/mod/quiz/view.php?id=1103
287;1801-sjf-wartezeit;24;/mod/safran/view.php/1347/task/7
288;1801-sjf-probleme;24;/mod/safran/view.php/1347/task/8
289;1801-timer;24;/mod/safran/view.php/1347/task/9
290;1801-zeitscheiben;24;/mod/quiz/view.php?id=1107
291;1801-adressumrechung;24;/mod/safran/view.php/1347/task/10
292;1801-systempuffer;24;/mod/quiz/view.php?id=1109
293;1801-segmentierung;24;/mod/quiz/view.php?id=1110
294;1801-pfadlaenge;24;/mod/quiz/view.php?id=1111
295;1801-seitenzahl;24;/mod/safran/view.php/1350/task/11
296;1801-seitentabelle-prozesskontext;24;/mod/quiz/view.php?id=1126
297;1801-cache-seitentabelle;24;/mod/safran/view.php/1350/task/12
298;1801-seitengroesse;24;/mod/quiz/view.php?id=1128
299;1801-logischer-adressraum;24;/mod/quiz/view.php?id=1129
300;1801-paging-info;24;/mod/safran/view.php/1350/task/13
3736;;;zwei
3739;test1;;test2
3740;sdfsdf;;sfsdfds
3741;test1;;test2
3742;tes;;test2
3743;test1;;test2
3744;test1;;test2
3745;test1;;test2
3763;1801-moduswechsel;2;/mod/quiz/view.php?id=160
3764;1801-unterbrechungsvektor;2;/mod/quiz/view.php?id=161
3765;1801-maskieren-privilegiert;2;/mod/quiz/view.php?id=162
3766;1801-scheduling;2;/mod/quiz/view.php?id=198
3767;1801-sjf-wartezeit;2;/mod/quiz/view.php?id=164
3768;1801-sjf-probleme;2;/mod/quiz/view.php?id=165
3769;1801-timer;2;/mod/quiz/view.php?id=166
3770;1801-zeitscheiben;2;/mod/quiz/view.php?id=167
3771;1801-adressumrechung;2;/mod/quiz/view.php?id=168
3772;1801-systempuffer;2;/mod/quiz/view.php?id=169
3773;1801-segmentierung;2;/mod/quiz/view.php?id=170
3774;1801-pfadlaenge;2;/mod/quiz/view.php?id=171
3775;1801-seitenzahl;2;/mod/quiz/view.php?id=174
3776;1801-seitentabelle-prozesskontext;2;/mod/quiz/view.php?id=175
3777;1801-seitengroesse;2;/mod/quiz/view.php?id=177
3778;1801-cache-seitentabelle;2;/mod/quiz/view.php?id=176
3779;1801-logischer-adressraum;2;/mod/quiz/view.php?id=181
3780;1801-paging-info;2;/mod/quiz/view.php?id=182
3781;1801-anwendungen-threads;2;/mod/quiz/view.php?id=183
3782;1801-threads-implementierung;2;/mod/quiz/view.php?id=184
3783;1801-cpu-threads;2;/mod/quiz/view.php?id=185
3784;1801-kritischer-abschnitt;2;/mod/quiz/view.php?id=186
3785;1801-semaphore;2;/mod/quiz/view.php?id=187
3786;1801-up-down;2;/mod/quiz/view.php?id=188
3787;1801-blockade;2;/mod/quiz/view.php?id=189
3788;1801-blockgroesse;2;/mod/quiz/view.php?id=190
3789;1801-zugriffsrechte-gruppe;2;/mod/quiz/view.php?id=191
3790;1801-chmod;2;/mod/quiz/view.php?id=192
3791;1801-edit-recht;2;/mod/quiz/view.php?id=193
3792;1801-fat-platzbedarf;2;/mod/quiz/view.php?id=194
3793;1801-inode-blockzahl;2;/mod/quiz/view.php?id=195
3794;1801-paketvermitteltes-netz;2;/mod/quiz/view.php?id=213
3795;1801-ende-zu-ende-verzoegerung;2;/mod/quiz/view.php?id=214
3797;666;2;/mod/quiz/view.php?id=216
3800;Baby;2;/mod/quiz/view.php?id=219
4169;;;
4170;Hallo;2;Sonnenschein
4171;;;
4172;;;
4173;;;
4175;;;
4176;;;
4177;;;
4179;;;
4180;;;
4181;;;
4182;;;
4183;;;
4185;;;
4187;;;
4188;;;
4189;;;
4190;;;
4191;;;
4192;;;
4193;;;
4194;;;
4195;;;
4196;;;
4197;;;
4198;;;
4199;;;
4200;;;
4201;;;
4202;;;
4203;;;
4205;;;
4207;;;
4209;;;
4210;Hallo;2;"mein Kind"
4211;;;
4212;;;
4213;;;
4215;;;
4216;;;
4217;;;
4218;;;
4219;;;
4220;;;
4221;;;
4222;;;
4223;;;
4224;;;
4225;;;
4226;;;
4227;;;
4228;;;
4229;;;
4230;;;
4231;;;
4232;;;
4233;;;
4234;;;
4235;;;
4236;;;
4237;;;
4238;;;
4239;;;
4240;;;
4241;;;
4242;;;
4243;;;
4244;;;
4245;;;
4246;;;
4247;;;
4249;;;
4250;;;
4251;;;
4252;;;
4253;;;
4254;;;
4255;;;
4256;;;
4257;;;
4259;;;
4261;;;
4262;;;
4263;;;
4264;;;
4265;;;
4266;;;
4267;;;
4268;;;
4269;;;
4270;;;
4271;;;
4272;;;
4273;;;
4274;;;
4275;;;
4276;;;
4277;;;
4278;;;
4279;;;
4280;;;
4281;;;
4282;;;
4283;;;
4284;;;
4285;;;
4286;;;
4287;;;
4288;;;
4289;;;
4290;;;
4291;;;
4292;;;
4293;;;
4294;;;
4295;;;
4296;;;
4297;;;
4298;;;
4299;;;
4300;;;
4301;;;
4302;;;
4303;;;
4304;;;
4305;;;
4306;;;
4307;;;
4309;;;
4310;;;
4311;;;
4312;;;
4313;;;
4314;;;
4315;;;
4316;;;
4317;;;
4318;;;
4319;;;
4320;;;
4321;;;
4322;;;
4323;;;
4324;;;
4325;;;
4326;;;
4327;;;
4328;;;
4329;;;
4330;;;
4331;;;
4332;;;
4333;;;
4334;;;
4335;;;
4336;;;
4337;;;
4338;;;
4339;;;
4340;;;
4341;;;
4342;;;
4343;;;
4344;;;
4345;;;
4346;;;
4347;;;
4348;;;
4349;;;
4350;;;
4351;;;
4352;;;
4353;;;
4354;;;
4355;;;
4356;;;
4357;;;
4358;;;
4359;;;
4360;;;
4361;;;
4362;;;
4363;;;
4364;;;
4365;;;
4366;;;
4367;;;
4368;;;
4369;;;
4370;;;
4371;;;
4372;;;
4373;;;
4374;;;
4375;;;
4376;;;
4377;;;
4378;;;
4379;;;
4380;;;
4381;;;
4382;;;
4383;;;
4384;;;
4385;;;
4386;;;
4387;;;
4388;;;
4389;;;
4390;;;
4391;;;
4392;;;
4393;;;
4394;;;
4395;;;
4396;;;
4397;;;
4398;;;
4399;;;
4400;;;
4401;;;
4402;;;
4403;;;
4404;;;
4405;;;
4406;;;
4407;;;
4408;;;
4409;;;
4410;;;
4411;;;
4412;;;
4413;;;
4414;;;
4415;;;
4416;;;
4417;;;
4418;;;
4419;;;
4420;;;
4421;;;
4422;;;
4423;;;
4424;;;
4425;;;
4426;;;
4427;;;
4428;;;
4429;;;
4430;;;
4431;;;
4432;;;
4433;;;
4434;;;
4435;;;
4436;;;
4437;;;
4438;;;
4439;;;
4440;;;
4441;;;
4442;;;
4443;;;
4444;;;
4445;;;
4446;;;
4447;;;
4448;;;
4449;;;
4450;;;
4451;;;
4452;;;
4453;;;
4454;;;
4455;;;
4456;;;
4457;;;
4458;;;
4459;;;
4460;;;
4461;;;
4462;;;
4463;;;
4464;;;
4465;;;
4466;;;
4467;;;
4468;;;
4469;;;
4470;;;
4471;;;
4472;;;
4473;;;
4474;;;
4475;;;
4476;;;
4477;;;
4478;;;
4479;;;
4480;;;
4481;;;
4482;;;
4483;;;
4484;;;
4485;;;
4486;;;
4487;;;
4488;;;
4489;;;
4490;;;
4491;;;
4492;;;
4493;;;
4494;;;
4495;;;
4496;;;
4497;;;
4498;;;
4499;;;
4500;;;
4501;;;
4502;;;
4503;;;
4504;Baby;;
4505;;;
4506;;;
4507;;;
4508;Baby;;
4509;;;
4510;;;
4511;;;
4512;;;
4513;;;
4514;;;
4515;;;
4516;;;
4517;;;
4518;;;
4519;;;
4520;;;
4521;;;
4522;;;
4523;;;
4525;;;
4526;;;
4527;;;
4528;;;
4529;;;
4530;;;
4531;;;
4532;;;
4533;;;
4534;;;
4535;;;
4536;;;
4538;;;
4539;;;
4540;;;
4541;;;
4543;;;
4544;;;
4545;;;
4546;;;
4547;;;
4548;;;
4549;;;
4550;;;
4551;;;
4553;;;
4554;;;
4555;;;
4557;;;
4558;;;
4560;;;
4561;;;
4562;;;
4564;;;
4565;;;
4566;;;
4567;;;
4568;;;
4569;;;
4571;;;
4573;;;
4574;;;
4575;;;
4576;;;
4577;;;
4578;;;
4579;;;
4581;;;
4582;;;
4583;;;
4584;;;
4585;;;
4586;;;
4587;;;
4588;;;
4589;;;
4590;;;
4591;;;
4592;;;
4593;;;
4594;;;
4595;;;
4596;;;
4597;;;
4598;;;
4599;;;
4600;;;
4601;;;
4602;;;
4603;;;
4604;;;
4605;;;
4606;;;
4607;;;
4608;;;
4609;;;
4610;;;
4611;;;
4612;;;
4613;;;
4614;;;
4615;;;
4616;;;
4617;;;
4618;;;
4619;;;
4620;;;
4621;;;
4622;;;
4623;;;
4624;;;
4625;;;
4626;;;
4627;;;
4628;;;
4629;;;
4630;;;
4631;;;
4632;;;
4633;;;
4634;;;
4635;;;
4636;;;
4637;;;
4638;;;
4639;;;
4640;;;
4641;;;
4642;;;
4643;;;
4644;;;
4645;;;
4646;;;
4647;;;
4648;;;
4649;;;
4650;;;
4651;;;
4652;;;
4653;;;
4654;;;
4655;;;
4656;;;
4657;;;
4658;;;
4659;;;
4660;;;
4661;;;
4662;;;
4663;;;
4664;;;
4665;;;
4666;;;
4667;;;
4668;;;
4669;;;
4670;;;
4671;;;
4672;;;
4673;;;
4674;;;
4675;;;
4676;;;
4677;;;
4678;;;
4679;;;
4680;;;
4681;;;
4682;;;
4683;;;
4684;;;
4685;;;
4686;;;
4687;;;
4688;;;
4689;;;
4690;;;
4691;;;
4692;;;
4693;;;
4694;;;
4695;;;
4696;;;
4697;;;
4698;;;
4699;;;
4700;;;
4701;;;
4702;;;
4703;;;
4704;;;
4705;;;
4706;;;
4707;;;
4708;;;
4709;;;
4710;;;
4711;;;
4712;;;
4713;;;
4714;;;
4715;;;
4716;;;
4717;;;
4718;;;
4719;;;
4720;;;
4721;;;
4722;;;
4723;;;
4724;;;
4725;;;
4726;;;
4727;;;
4729;;;
4730;;;
4731;;;
4732;;;
4733;;;
4734;;;
4735;;;
4736;;;
4737;;;
4739;;;
4740;;;
4741;;;
4742;;;
4743;;;
4744;;;
4745;;;
4747;;;
4748;;;
4749;;;
4751;;;
4752;;;
4753;;;
4755;;;
4757;;;
4759;;;
4760;;;
4761;;;
4762;;;
4763;;;
4764;;;
4765;;;
4766;;;
4767;;;
4768;;;
4769;;;
4770;;;
4771;;;
4772;;;
4773;;;
4774;;;
4775;;;
4776;;;
4777;;;
4778;;;
4779;;;
4780;;;
4781;;;
4782;;;
4783;;;
4784;;;
4785;;;
4786;;;
4787;;;
4788;;;
4789;;;
4790;;;
4791;;;
4792;;;
4793;;;
4794;;;
4795;;;
4796;;;
4797;;;
4798;;;
4799;;;
4800;;;
4801;;;
4802;;;
4803;;;
4804;;;
4805;;;
4806;;;
4807;;;
4808;;;
4809;;;
4810;;;
4811;;;
4812;;;
4813;;;
4814;;;
4815;;;
4816;;;
4817;;;
4818;;;
4819;;;
4820;;;
4821;;;
4822;;;
4823;;;
4824;;;
4825;;;
4826;;;
4827;;;
4828;;;
4829;;;
4830;;;
4831;;;
4832;;;
4833;;;
4834;;;
4835;;;
4836;;;
4837;;;
4838;;;
4839;;;
4840;;;
4841;;;
4842;;;
4843;;;
4844;;;
4845;;;
4846;;;
4847;;;
4848;;;
4849;;;
4850;;;
4851;;;
4852;;;
4853;;;
4854;;;
4855;;;
4856;;;
4857;;;
4858;;;
4859;;;
4860;;;
4861;;;
4862;;;
4863;;;
4864;;;
4865;;;
4866;;;
4867;;;
4868;;;
4869;;;
4870;;;
4871;;;
4872;;;
4873;;;
4874;;;
4875;;;
4876;;;
4877;;;
4878;;;
4879;;;
4880;;;
4881;;;
4882;;;
4883;;;
4884;;;
4885;;;
4886;;;
4887;;;
4888;;;
4889;;;
4891;;;
4892;;;
4893;;;
4894;;;
4895;;;
4896;;;
4897;;;
4898;;;
4899;;;
4900;;;
4901;;;
4902;;;
4903;;;
4904;;;
4905;;;
4906;;;
4907;;;
4908;;;
4909;;;
4910;;;
4911;;;
4912;;;
4913;;;
4914;;;
4915;;;
4916;;;
4917;;;
4918;;;
4919;;;
4920;;;
4921;;;
4922;;;
4923;;;
4924;;;
4926;;;
4927;;;
4928;;;
4929;;;
4930;;;
4932;;;
4934;;;
4935;;;
4936;;;
4937;;;
4938;;;
4939;;;
4940;;;
4941;;;
4942;;;
4943;;;
4944;;;
4945;;;
4946;;;
4947;;;
4948;;;
4949;;;
4950;;;
4951;;;
4952;;;
4953;;;
4954;;;
4955;;;
4957;;;
4958;;;
4959;;;
4960;;;
4961;;;
4962;Baby;2;Baby
4963;;;
4964;;;
4965;;;
4966;;;
4967;;;
4968;;;
4969;;;
4971;;;
4972;;;
4973;;;
4974;;;
4975;;;
4976;;;
4977;;;
4978;;;
4979;;;
4980;;;
4981;;;
4982;;;
4983;;;
4984;;;
4985;;;
4986;;;
4987;;;
4988;;;
4989;;;
4990;;;
4991;;;
4992;;;
4993;;;
4994;;;
4995;;;
4996;;;
4997;;;
4998;;;
4999;;;
5000;;;
5001;;;
5002;;;
5003;;;
5004;;;
5005;;;
5006;;;
5007;;;
5008;;;
5009;;;
5010;;;
5012;;;
5013;;;
5014;;;
5015;;;
5016;;;
5017;;;
5018;;;
5019;;;
5020;;;
5021;;;
5022;;;
5023;;;
5024;;;
5025;;;
5026;;;
5027;;;
5028;;;
5029;;;
5031;;;
5032;;;
5033;;;
5034;;;
5035;;;
5036;;;
5037;;;
5038;;;
5039;;;
5040;;;
5041;;;
5042;;;
5043;;;
5044;;;
5045;;;
5046;;;
5047;;;
5048;;;
5049;;;
5050;;;
5051;;;
5052;;;
5053;;;
5054;;;
5055;;;
5056;;;
5057;;;
5058;;;
5059;;;
5060;;;
5061;hallo;2;
5062;;;
5063;;;
5064;;;
5065;;;
5066;;;
5067;;;
5068;;;
5069;;;
5070;;;
5071;;;
5072;hallo;2;zwei
5073;;;
5074;;;
5075;;;
5076;;;
5077;;;
5078;;;
5079;;;
5080;;;
5081;;;
5082;;;
5083;;;
5085;;;
5086;dfsdf;2;
5089;dfsdf;2;fünf
5091;gggg;2;fünf
5098;ssssssssss;2;
5099;sfsdf;2;zwei
