1;question;multichoice_sortorder;1
2;question;truefalse_sortorder;2
3;question;match_sortorder;3
4;question;shortanswer_sortorder;4
5;question;numerical_sortorder;5
6;question;essay_sortorder;6
7;core_competency;enabled;1
8;moodlecourse;visible;1
9;moodlecourse;downloadcontentsitedefault;0
10;moodlecourse;participantsperpage;20
11;moodlecourse;format;topics
12;moodlecourse;maxsections;52
13;moodlecourse;numsections;4
14;moodlecourse;hiddensections;1
15;moodlecourse;coursedisplay;0
16;moodlecourse;courseenddateenabled;1
17;moodlecourse;courseduration;31536000
18;moodlecourse;lang;
19;moodlecourse;newsitems;5
20;moodlecourse;showgrades;1
21;moodlecourse;showreports;0
22;moodlecourse;showactivitydates;1
23;moodlecourse;maxbytes;0
24;moodlecourse;enablecompletion;1
25;moodlecourse;showcompletionconditions;1
26;moodlecourse;groupmode;0
27;moodlecourse;groupmodeforce;0
28;backup;loglifetime;30
29;backup;backup_general_users;1
30;backup;backup_general_users_locked;
31;backup;backup_general_anonymize;0
32;backup;backup_general_anonymize_locked;
33;backup;backup_general_role_assignments;1
34;backup;backup_general_role_assignments_locked;
35;backup;backup_general_activities;1
36;backup;backup_general_activities_locked;
37;backup;backup_general_blocks;1
38;backup;backup_general_blocks_locked;
39;backup;backup_general_files;1
40;backup;backup_general_files_locked;
41;backup;backup_general_filters;1
42;backup;backup_general_filters_locked;
43;backup;backup_general_comments;1
44;backup;backup_general_comments_locked;
45;backup;backup_general_badges;1
46;backup;backup_general_badges_locked;
47;backup;backup_general_calendarevents;1
48;backup;backup_general_calendarevents_locked;
49;backup;backup_general_userscompletion;1
50;backup;backup_general_userscompletion_locked;
51;backup;backup_general_logs;0
52;backup;backup_general_logs_locked;
53;backup;backup_general_histories;0
54;backup;backup_general_histories_locked;
55;backup;backup_general_questionbank;1
56;backup;backup_general_questionbank_locked;
57;backup;backup_general_groups;1
58;backup;backup_general_groups_locked;
59;backup;backup_general_competencies;1
60;backup;backup_general_competencies_locked;
61;backup;backup_general_contentbankcontent;1
62;backup;backup_general_contentbankcontent_locked;
63;backup;backup_general_xapistate;1
64;backup;backup_general_xapistate_locked;
65;backup;backup_general_legacyfiles;1
66;backup;backup_general_legacyfiles_locked;
67;backup;import_general_maxresults;10
68;backup;import_general_duplicate_admin_allowed;0
69;backup;backup_import_permissions;0
70;backup;backup_import_permissions_locked;
71;backup;backup_import_activities;1
72;backup;backup_import_activities_locked;
73;backup;backup_import_blocks;1
74;backup;backup_import_blocks_locked;
75;backup;backup_import_filters;1
76;backup;backup_import_filters_locked;
77;backup;backup_import_calendarevents;1
78;backup;backup_import_calendarevents_locked;
79;backup;backup_import_questionbank;1
80;backup;backup_import_questionbank_locked;
81;backup;backup_import_groups;1
82;backup;backup_import_groups_locked;
83;backup;backup_import_competencies;1
84;backup;backup_import_competencies_locked;
85;backup;backup_import_contentbankcontent;1
86;backup;backup_import_contentbankcontent_locked;
87;backup;backup_import_legacyfiles;1
88;backup;backup_import_legacyfiles_locked;
89;backup;backup_auto_active;0
90;backup;backup_auto_weekdays;0000000
91;backup;backup_auto_hour;0
92;backup;backup_auto_minute;0
93;backup;backup_auto_storage;0
94;backup;backup_auto_destination;
95;backup;backup_auto_max_kept;1
96;backup;backup_auto_delete_days;0
97;backup;backup_auto_min_kept;0
98;backup;backup_shortname;0
99;backup;backup_auto_skip_hidden;1
100;backup;backup_auto_skip_modif_days;30
101;backup;backup_auto_skip_modif_prev;0
102;backup;backup_auto_users;1
103;backup;backup_auto_role_assignments;1
104;backup;backup_auto_activities;1
105;backup;backup_auto_blocks;1
106;backup;backup_auto_files;1
107;backup;backup_auto_filters;1
108;backup;backup_auto_comments;1
109;backup;backup_auto_badges;1
110;backup;backup_auto_calendarevents;1
111;backup;backup_auto_userscompletion;1
112;backup;backup_auto_logs;0
113;backup;backup_auto_histories;0
114;backup;backup_auto_questionbank;1
115;backup;backup_auto_groups;1
116;backup;backup_auto_competencies;1
117;backup;backup_auto_contentbankcontent;1
118;backup;backup_auto_xapistate;1
119;backup;backup_auto_legacyfiles;1
120;restore;restore_general_users;1
121;restore;restore_general_users_locked;
122;restore;restore_general_enrolments;1
123;restore;restore_general_enrolments_locked;
124;restore;restore_general_role_assignments;1
125;restore;restore_general_role_assignments_locked;
126;restore;restore_general_permissions;1
127;restore;restore_general_permissions_locked;
128;restore;restore_general_activities;1
129;restore;restore_general_activities_locked;
130;restore;restore_general_blocks;1
131;restore;restore_general_blocks_locked;
132;restore;restore_general_filters;1
133;restore;restore_general_filters_locked;
134;restore;restore_general_comments;1
135;restore;restore_general_comments_locked;
136;restore;restore_general_badges;1
137;restore;restore_general_badges_locked;
138;restore;restore_general_calendarevents;1
139;restore;restore_general_calendarevents_locked;
140;restore;restore_general_userscompletion;1
141;restore;restore_general_userscompletion_locked;
142;restore;restore_general_logs;1
143;restore;restore_general_logs_locked;
144;restore;restore_general_histories;1
145;restore;restore_general_histories_locked;
146;restore;restore_general_groups;1
147;restore;restore_general_groups_locked;
148;restore;restore_general_competencies;1
149;restore;restore_general_competencies_locked;
150;restore;restore_general_contentbankcontent;1
151;restore;restore_general_contentbankcontent_locked;
152;restore;restore_general_xapistate;1
153;restore;restore_general_xapistate_locked;
154;restore;restore_general_legacyfiles;1
155;restore;restore_general_legacyfiles_locked;
156;restore;restore_merge_overwrite_conf;0
157;restore;restore_merge_overwrite_conf_locked;
158;restore;restore_merge_course_fullname;1
159;restore;restore_merge_course_fullname_locked;
160;restore;restore_merge_course_shortname;1
161;restore;restore_merge_course_shortname_locked;
162;restore;restore_merge_course_startdate;1
163;restore;restore_merge_course_startdate_locked;
164;restore;restore_replace_overwrite_conf;0
165;restore;restore_replace_overwrite_conf_locked;
166;restore;restore_replace_course_fullname;1
167;restore;restore_replace_course_fullname_locked;
168;restore;restore_replace_course_shortname;1
169;restore;restore_replace_course_shortname_locked;
170;restore;restore_replace_course_startdate;1
171;restore;restore_replace_course_startdate_locked;
172;restore;restore_replace_keep_roles_and_enrolments;0
173;restore;restore_replace_keep_roles_and_enrolments_locked;
174;restore;restore_replace_keep_groups_and_groupings;0
175;restore;restore_replace_keep_groups_and_groupings_locked;
176;backup;backup_async_message_users;0
177;backup;backup_async_message_subject;"Moodle {operation} completed successfully"
178;backup;backup_async_message;"Your {operation} (ID: {backupid}) has completed successfully. You can access it here: <a href=""{link}"">{link}</a>."
179;analytics;modeinstruction;
180;analytics;percentonline;0
181;analytics;typeinstitution;
182;analytics;levelinstitution;
183;analytics;predictionsprocessor;"\mlbackend_php\processor"
184;analytics;defaulttimesplittingsevaluation;"\core\analytics\time_splitting\quarters_accum,\core\analytics\time_splitting\quarters,\core\analytics\time_splitting\single_range"
185;analytics;modeloutputdir;
186;analytics;onlycli;1
187;analytics;modeltimelimit;1200
188;analytics;calclifetime;35
189;antivirus;notifyemail;
190;antivirus;notifylevel;2
191;antivirus;threshold;1200
192;antivirus;enablequarantine;0
193;antivirus;quarantinetime;2419200
194;cachestore_apcu;testperformance;0
195;cachestore_redis;test_server;
196;cachestore_redis;test_password;
197;cachestore_redis;test_ttl;0
198;question_preview;behaviour;deferredfeedback
199;question_preview;correctness;1
200;question_preview;marks;2
201;question_preview;markdp;2
202;question_preview;feedback;1
203;question_preview;generalfeedback;1
204;question_preview;rightanswer;1
205;question_preview;history;0
206;tool_task;enablerunnow;1
207;adminpresets;sensiblesettings;"recaptchapublickey@@none, recaptchaprivatekey@@none, googlemapkey3@@none, secretphrase@@url, cronremotepassword@@none, smtpuser@@none, smtppass@none, proxypassword@@none, quizpassword@@quiz, allowedip@@none, blockedip@@none, dbpass@@logstore_database, messageinbound_hostpass@@none, bind_pw@@auth_cas, pass@@auth_db, bind_pw@@auth_ldap, dbpass@@enrol_database, bind_pw@@enrol_ldap, server_password@@search_solr, ssl_keypassword@@search_solr, alternateserver_password@@search_solr, alternatessl_keypassword@@search_solr, test_password@@cachestore_redis, password@@mlbackend_python, badges_badgesalt@@none, calendar_exportsalt@@none"
208;theme_boost;unaddableblocks;navigation,settings,course_list,section_links
209;theme_boost;preset;default.scss
210;theme_boost;presetfiles;
211;theme_boost;backgroundimage;
212;theme_boost;loginbackgroundimage;
213;theme_boost;brandcolor;
214;theme_boost;scsspre;
215;theme_boost;scss;
216;theme_classic;navbardark;0
217;theme_classic;unaddableblocks;
218;theme_classic;preset;default.scss
219;theme_classic;presetfiles;
220;theme_classic;backgroundimage;
221;theme_classic;loginbackgroundimage;
222;theme_classic;brandcolor;
223;theme_classic;scsspre;
224;theme_classic;scss;
225;core_admin;logo;
226;core_admin;logocompact;
227;core_admin;favicon;
228;core_admin;coursecolor1;#81ecec
229;core_admin;coursecolor2;#74b9ff
230;core_admin;coursecolor3;#a29bfe
231;core_admin;coursecolor4;#dfe6e9
232;core_admin;coursecolor5;#00b894
233;core_admin;coursecolor6;#0984e3
234;core_admin;coursecolor7;#b2bec3
235;core_admin;coursecolor8;#fdcb6e
236;core_admin;coursecolor9;#fd79a8
237;core_admin;coursecolor10;#6c5ce7
238;core_competency;pushcourseratingstouserplans;1
239;antivirus_clamav;version;2023042400
240;availability_completion;version;2023042400
241;availability_date;version;2023042400
242;availability_grade;version;2023042400
243;availability_group;version;2023042400
244;availability_grouping;version;2023042400
245;availability_profile;version;2023042400
246;qtype_calculated;version;2023042400
247;qtype_calculatedmulti;version;2023042400
248;qtype_calculatedsimple;version;2023042400
249;qtype_ddimageortext;version;2023042400
250;qtype_ddmarker;version;2023042400
251;qtype_ddwtos;version;2023042400
252;qtype_description;version;2023042400
253;qtype_essay;version;2023042400
254;qtype_gapselect;version;2023042400
255;qtype_match;version;2023042400
256;qtype_missingtype;version;2023042400
257;qtype_multianswer;version;2023042400
258;qtype_multichoice;version;2023042400
259;qtype_numerical;version;2023042400
260;qtype_random;version;2023042400
261;qtype_randomsamatch;version;2023042400
262;qtype_shortanswer;version;2023042400
263;qtype_truefalse;version;2023042400
264;mod_assign;version;2023042400
265;mod_bigbluebuttonbn;version;2023042400
267;mod_book;version;2023042400
268;mod_chat;version;2023042400
269;mod_choice;version;2023042400
270;mod_data;version;2023042400
271;mod_feedback;version;2023042400
273;mod_folder;version;2023042400
275;mod_forum;version;2023042400
276;mod_glossary;version;2023042400
277;mod_h5pactivity;version;2023042400
278;mod_imscp;version;2023042400
280;mod_label;version;2023042400
281;mod_lesson;version;2023042400
282;mod_lti;version;2023042400
284;mod_lti;kid;205d264088fe1163e880
285;mod_page;version;2023042400
287;mod_quiz;version;2023042400
288;mod_resource;version;2023042400
289;mod_scorm;version;2023042400
290;mod_survey;version;2023042400
292;mod_url;version;2023042400
294;mod_wiki;version;2023042400
296;mod_workshop;version;2023042400
297;auth_cas;version;2023042400
299;auth_db;version;2023042400
301;auth_email;version;2023042400
302;auth_ldap;version;2023042400
304;auth_lti;version;2023042400
305;auth_manual;version;2023042400
306;auth_mnet;version;2023042400
308;auth_nologin;version;2023042400
309;auth_none;version;2023042400
310;auth_oauth2;version;2023042400
311;auth_shibboleth;version;2023042400
313;auth_webservice;version;2023042400
314;calendartype_gregorian;version;2023042400
315;customfield_checkbox;version;2023042400
316;customfield_date;version;2023042400
317;customfield_select;version;2023042400
318;customfield_text;version;2023042400
319;customfield_textarea;version;2023042400
320;enrol_category;version;2023042400
322;enrol_cohort;version;2023042400
323;enrol_database;version;2023042400
325;enrol_fee;version;2023042400
326;enrol_flatfile;version;2023042400
328;enrol_flatfile;map_1;manager
329;enrol_flatfile;map_2;coursecreator
330;enrol_flatfile;map_3;editingteacher
331;enrol_flatfile;map_4;teacher
332;enrol_flatfile;map_5;student
333;enrol_flatfile;map_6;guest
334;enrol_flatfile;map_7;user
335;enrol_flatfile;map_8;frontpage
336;enrol_guest;version;2023042400
337;enrol_imsenterprise;version;2023042400
339;enrol_ldap;version;2023042400
341;enrol_lti;version;2023042400
343;enrol_lti;lti_13_kid;79b56deda2fa07c78e89
344;enrol_manual;version;2023042400
346;enrol_meta;version;2023042400
348;enrol_mnet;version;2023042400
349;enrol_paypal;version;2023042400
350;enrol_self;version;2023042400
352;message_airnotifier;version;2023042400
354;message;airnotifier_provider_enrol_flatfile_flatfile_enrolment_locked;0
355;message;airnotifier_provider_enrol_imsenterprise_imsenterprise_enrolment_locked;0
356;message;airnotifier_provider_enrol_manual_expiry_notification_locked;0
357;message;airnotifier_provider_enrol_paypal_paypal_enrolment_locked;0
358;message;airnotifier_provider_enrol_self_expiry_notification_locked;0
359;message;airnotifier_provider_mod_assign_assign_notification_locked;0
360;message;airnotifier_provider_mod_bigbluebuttonbn_recording_ready_locked;0
361;message;airnotifier_provider_mod_bigbluebuttonbn_instance_updated_locked;0
362;message;airnotifier_provider_mod_feedback_submission_locked;0
363;message;airnotifier_provider_mod_feedback_message_locked;0
364;message;airnotifier_provider_mod_forum_posts_locked;0
365;message;message_provider_mod_forum_posts_enabled;email,airnotifier
366;message;airnotifier_provider_mod_forum_digests_locked;0
367;message;airnotifier_provider_mod_lesson_graded_essay_locked;0
368;message;message_provider_mod_lesson_graded_essay_enabled;email,airnotifier
369;message;airnotifier_provider_mod_quiz_submission_locked;0
370;message;airnotifier_provider_mod_quiz_confirmation_locked;0
371;message;message_provider_mod_quiz_confirmation_enabled;email,airnotifier
372;message;airnotifier_provider_mod_quiz_attempt_overdue_locked;0
373;message;message_provider_mod_quiz_attempt_overdue_enabled;email,airnotifier
374;message;airnotifier_provider_mod_quiz_attempt_grading_complete_locked;0
375;message;message_provider_mod_quiz_attempt_grading_complete_enabled;email,airnotifier
376;message;airnotifier_provider_moodle_newlogin_locked;0
377;message;message_provider_moodle_newlogin_enabled;email,airnotifier
378;message;airnotifier_provider_moodle_notices_locked;0
379;message;airnotifier_provider_moodle_errors_locked;0
380;message;airnotifier_provider_moodle_availableupdate_locked;0
381;message;airnotifier_provider_moodle_instantmessage_locked;0
382;message;airnotifier_provider_moodle_backup_locked;0
383;message;airnotifier_provider_moodle_courserequested_locked;0
384;message;airnotifier_provider_moodle_courserequestapproved_locked;0
385;message;message_provider_moodle_courserequestapproved_enabled;email,airnotifier
386;message;airnotifier_provider_moodle_courserequestrejected_locked;0
387;message;message_provider_moodle_courserequestrejected_enabled;email,airnotifier
388;message;airnotifier_provider_moodle_coursecompleted_locked;0
389;message;message_provider_moodle_coursecompleted_enabled;email,airnotifier
390;message;airnotifier_provider_moodle_coursecontentupdated_locked;0
391;message;message_provider_moodle_coursecontentupdated_enabled;popup,email,airnotifier
392;message;airnotifier_provider_moodle_badgerecipientnotice_locked;0
393;message;message_provider_moodle_badgerecipientnotice_enabled;popup,email,airnotifier
394;message;airnotifier_provider_moodle_badgecreatornotice_locked;0
395;message;airnotifier_provider_moodle_competencyplancomment_locked;0
396;message;airnotifier_provider_moodle_competencyusercompcomment_locked;0
397;message;airnotifier_provider_moodle_insights_locked;0
398;message;message_provider_moodle_insights_enabled;popup,email,airnotifier
399;message;airnotifier_provider_moodle_messagecontactrequests_locked;0
400;message;message_provider_moodle_messagecontactrequests_enabled;email,airnotifier
401;message;airnotifier_provider_moodle_asyncbackupnotification_locked;0
402;message;airnotifier_provider_moodle_gradenotifications_locked;0
403;message;airnotifier_provider_moodle_infected_locked;0
404;message;airnotifier_provider_moodle_reportbuilderschedule_locked;0
405;message_email;version;2023042400
407;message;email_provider_enrol_flatfile_flatfile_enrolment_locked;0
408;message;message_provider_enrol_flatfile_flatfile_enrolment_enabled;email
409;message;email_provider_enrol_imsenterprise_imsenterprise_enrolment_locked;0
410;message;message_provider_enrol_imsenterprise_imsenterprise_enrolment_enabled;email
411;message;email_provider_enrol_manual_expiry_notification_locked;0
412;message;message_provider_enrol_manual_expiry_notification_enabled;email
413;message;email_provider_enrol_paypal_paypal_enrolment_locked;0
414;message;message_provider_enrol_paypal_paypal_enrolment_enabled;email
415;message;email_provider_enrol_self_expiry_notification_locked;0
416;message;message_provider_enrol_self_expiry_notification_enabled;email
417;message;email_provider_mod_assign_assign_notification_locked;0
418;message;message_provider_mod_assign_assign_notification_enabled;email
419;message;email_provider_mod_bigbluebuttonbn_recording_ready_locked;0
420;message;message_provider_mod_bigbluebuttonbn_recording_ready_enabled;email
421;message;email_provider_mod_bigbluebuttonbn_instance_updated_locked;0
422;message;message_provider_mod_bigbluebuttonbn_instance_updated_enabled;email
423;message;email_provider_mod_feedback_submission_locked;0
424;message;message_provider_mod_feedback_submission_enabled;email
425;message;email_provider_mod_feedback_message_locked;0
426;message;message_provider_mod_feedback_message_enabled;email
427;message;email_provider_mod_forum_posts_locked;0
428;message;email_provider_mod_forum_digests_locked;0
429;message;message_provider_mod_forum_digests_enabled;email
430;message;email_provider_mod_lesson_graded_essay_locked;0
431;message;email_provider_mod_quiz_submission_locked;0
432;message;message_provider_mod_quiz_submission_enabled;email
433;message;email_provider_mod_quiz_confirmation_locked;0
434;message;email_provider_mod_quiz_attempt_overdue_locked;0
435;message;email_provider_mod_quiz_attempt_grading_complete_locked;0
436;message;email_provider_moodle_newlogin_locked;0
437;message;email_provider_moodle_notices_locked;0
438;message;message_provider_moodle_notices_enabled;email
439;message;email_provider_moodle_errors_locked;0
440;message;message_provider_moodle_errors_enabled;email
441;message;email_provider_moodle_availableupdate_locked;0
442;message;message_provider_moodle_availableupdate_enabled;email
443;message;email_provider_moodle_instantmessage_locked;0
444;message;message_provider_moodle_instantmessage_enabled;popup,email
445;message;email_provider_moodle_backup_locked;0
446;message;message_provider_moodle_backup_enabled;email
447;message;email_provider_moodle_courserequested_locked;0
448;message;message_provider_moodle_courserequested_enabled;email
449;message;email_provider_moodle_courserequestapproved_locked;0
450;message;email_provider_moodle_courserequestrejected_locked;0
451;message;email_provider_moodle_coursecompleted_locked;0
452;message;email_provider_moodle_coursecontentupdated_locked;0
453;message;email_provider_moodle_badgerecipientnotice_locked;0
454;message;email_provider_moodle_badgecreatornotice_locked;0
455;message;message_provider_moodle_badgecreatornotice_enabled;email
456;message;email_provider_moodle_competencyplancomment_locked;0
457;message;message_provider_moodle_competencyplancomment_enabled;email
458;message;email_provider_moodle_competencyusercompcomment_locked;0
459;message;message_provider_moodle_competencyusercompcomment_enabled;email
460;message;email_provider_moodle_insights_locked;0
461;message;email_provider_moodle_messagecontactrequests_locked;0
462;message;email_provider_moodle_asyncbackupnotification_locked;0
463;message;message_provider_moodle_asyncbackupnotification_enabled;popup,email
464;message;email_provider_moodle_gradenotifications_locked;0
465;message;message_provider_moodle_gradenotifications_enabled;popup,email
466;message;email_provider_moodle_infected_locked;0
467;message;message_provider_moodle_infected_enabled;email
468;message;email_provider_moodle_reportbuilderschedule_locked;1
469;message;message_provider_moodle_reportbuilderschedule_enabled;email
470;message_popup;version;2023042400
472;message;popup_provider_enrol_flatfile_flatfile_enrolment_locked;0
473;message;popup_provider_enrol_imsenterprise_imsenterprise_enrolment_locked;0
474;message;popup_provider_enrol_manual_expiry_notification_locked;0
475;message;popup_provider_enrol_paypal_paypal_enrolment_locked;0
476;message;popup_provider_enrol_self_expiry_notification_locked;0
477;message;popup_provider_mod_assign_assign_notification_locked;0
478;message;popup_provider_mod_bigbluebuttonbn_recording_ready_locked;0
479;message;popup_provider_mod_bigbluebuttonbn_instance_updated_locked;0
480;message;popup_provider_mod_feedback_submission_locked;0
481;message;popup_provider_mod_feedback_message_locked;0
482;message;popup_provider_mod_forum_posts_locked;0
483;message;popup_provider_mod_forum_digests_locked;0
484;message;popup_provider_mod_lesson_graded_essay_locked;0
485;message;popup_provider_mod_quiz_submission_locked;0
486;message;popup_provider_mod_quiz_confirmation_locked;0
487;message;popup_provider_mod_quiz_attempt_overdue_locked;0
488;message;popup_provider_mod_quiz_attempt_grading_complete_locked;0
489;message;popup_provider_moodle_newlogin_locked;0
490;message;popup_provider_moodle_notices_locked;0
491;message;popup_provider_moodle_errors_locked;0
492;message;popup_provider_moodle_availableupdate_locked;0
493;message;popup_provider_moodle_instantmessage_locked;0
494;message;popup_provider_moodle_backup_locked;0
495;message;popup_provider_moodle_courserequested_locked;0
496;message;popup_provider_moodle_courserequestapproved_locked;0
497;message;popup_provider_moodle_courserequestrejected_locked;0
498;message;popup_provider_moodle_coursecompleted_locked;0
499;message;popup_provider_moodle_coursecontentupdated_locked;0
500;message;popup_provider_moodle_badgerecipientnotice_locked;0
501;message;popup_provider_moodle_badgecreatornotice_locked;0
502;message;popup_provider_moodle_competencyplancomment_locked;0
503;message;popup_provider_moodle_competencyusercompcomment_locked;0
504;message;popup_provider_moodle_insights_locked;0
505;message;popup_provider_moodle_messagecontactrequests_locked;0
506;message;popup_provider_moodle_asyncbackupnotification_locked;0
507;message;popup_provider_moodle_gradenotifications_locked;0
508;message;popup_provider_moodle_infected_locked;0
509;message;popup_provider_moodle_reportbuilderschedule_locked;0
510;block_accessreview;version;2023042400
511;block_activity_modules;version;2023042400
512;block_activity_results;version;2023042400
513;block_admin_bookmarks;version;2023042400
514;block_badges;version;2023042400
515;block_blog_menu;version;2023042400
516;block_blog_recent;version;2023042400
517;block_blog_tags;version;2023042400
518;block_calendar_month;version;2023042400
519;block_calendar_upcoming;version;2023042400
520;block_comments;version;2023042400
521;block_completionstatus;version;2023042400
522;block_course_list;version;2023042400
523;block_course_summary;version;2023042400
525;block_feedback;version;2023042400
527;block_globalsearch;version;2023042400
528;block_glossary_random;version;2023042400
529;block_html;version;2023042400
530;block_login;version;2023042400
531;block_lp;version;2023042400
532;block_mentees;version;2023042400
533;block_mnet_hosts;version;2023042400
534;block_myoverview;version;2023042400
535;block_myprofile;version;2023042400
536;block_navigation;version;2023042400
537;block_news_items;version;2023042400
538;block_online_users;version;2023042400
539;block_private_files;version;2023042400
540;block_recent_activity;version;2023042400
541;block_recentlyaccessedcourses;version;2023042400
543;block_recentlyaccesseditems;version;2023042400
544;block_rss_client;version;2023042400
546;block_search_forums;version;2023042400
547;block_section_links;version;2023042400
548;block_selfcompletion;version;2023042400
550;block_settings;version;2023042400
551;block_site_main_menu;version;2023042400
552;block_social_activities;version;2023042400
553;block_starredcourses;version;2023042400
554;block_tag_flickr;version;2023042400
555;block_tag_youtube;version;2023042400
557;block_tags;version;2023042400
558;block_timeline;version;2023042400
560;media_html5audio;version;2023042400
561;media_html5video;version;2023042400
562;media_videojs;version;2023042400
563;media_vimeo;version;2023042400
564;media_youtube;version;2023042400
565;filter_activitynames;version;2023042400
567;filter_algebra;version;2023042400
568;filter_data;version;2023042400
570;filter_displayh5p;version;2023042400
572;filter_emailprotect;version;2023042400
573;filter_emoticon;version;2023042400
575;filter_glossary;version;2023042400
577;filter_mathjaxloader;version;2023042400
579;filter_mediaplugin;version;2023042400
581;filter_multilang;version;2023042400
582;filter_tex;version;2023042400
584;filter_tidy;version;2023042400
585;filter_urltolink;version;2023042400
587;editor_atto;version;2023042400
588;editor_textarea;version;2023042400
589;editor_tiny;version;2023042400
591;format_singleactivity;version;2023042400
592;format_social;version;2023042400
593;format_topics;version;2023042400
594;format_weeks;version;2023042400
595;dataformat_csv;version;2023042400
596;dataformat_excel;version;2023042400
597;dataformat_html;version;2023042400
598;dataformat_json;version;2023042400
599;dataformat_ods;version;2023042400
600;dataformat_pdf;version;2023042400
601;profilefield_checkbox;version;2023042400
602;profilefield_datetime;version;2023042400
603;profilefield_menu;version;2023042400
604;profilefield_social;version;2023042400
605;profilefield_text;version;2023042400
606;profilefield_textarea;version;2023042400
607;report_backups;version;2023042400
608;report_competency;version;2023042400
609;report_completion;version;2023042400
611;report_configlog;version;2023042400
612;report_courseoverview;version;2023042400
613;report_eventlist;version;2023042400
614;report_infectedfiles;version;2023042400
615;report_insights;version;2023042400
616;report_log;version;2023042400
618;report_loglive;version;2023042400
619;report_outline;version;2023042400
621;report_participation;version;2023042400
623;report_performance;version;2023042400
624;report_progress;version;2023042400
626;report_questioninstances;version;2023042400
627;report_security;version;2023042400
628;report_stats;version;2023042400
630;report_status;version;2023042400
631;report_usersessions;version;2023042400
632;gradeexport_ods;version;2023042400
633;gradeexport_txt;version;2023042400
634;gradeexport_xls;version;2023042400
635;gradeexport_xml;version;2023042400
636;gradeimport_csv;version;2023042400
637;gradeimport_direct;version;2023042400
638;gradeimport_xml;version;2023042400
639;gradereport_grader;version;2023042400
640;gradereport_history;version;2023042400
641;gradereport_outcomes;version;2023042400
642;gradereport_overview;version;2023042400
643;gradereport_singleview;version;2023042400
644;gradereport_summary;version;2023042400
645;gradereport_user;version;2023042400
646;gradingform_guide;version;2023042400
647;gradingform_rubric;version;2023042400
648;mlbackend_php;version;2023042400
649;mlbackend_python;version;2023042400
650;mnetservice_enrol;version;2023042400
651;webservice_rest;version;2023042400
652;webservice_soap;version;2023042400
653;repository_areafiles;version;2023042400
655;areafiles;enablecourseinstances;0
656;areafiles;enableuserinstances;0
657;repository_contentbank;version;2023042400
659;contentbank;enablecourseinstances;0
660;contentbank;enableuserinstances;0
661;repository_coursefiles;version;2023042400
662;repository_dropbox;version;2023042400
663;repository_equella;version;2023042400
664;repository_filesystem;version;2023042400
665;repository_flickr;version;2023042400
666;repository_flickr_public;version;2023042400
667;repository_googledocs;version;2023042400
668;repository_local;version;2023042400
670;local;enablecourseinstances;0
671;local;enableuserinstances;0
672;repository_merlot;version;2023042400
673;repository_nextcloud;version;2023042400
674;repository_onedrive;version;2023042400
675;repository_recent;version;2023042400
677;recent;enablecourseinstances;0
678;recent;enableuserinstances;0
679;repository_s3;version;2023042400
680;repository_upload;version;2023042400
682;upload;enablecourseinstances;0
683;upload;enableuserinstances;0
684;repository_url;version;2023042400
686;url;enablecourseinstances;0
687;url;enableuserinstances;0
688;repository_user;version;2023042400
690;user;enablecourseinstances;0
691;user;enableuserinstances;0
692;repository_webdav;version;2023042400
693;repository_wikimedia;version;2023042400
695;wikimedia;enablecourseinstances;0
696;wikimedia;enableuserinstances;0
697;repository_youtube;version;2023042400
699;portfolio_download;version;2023042400
700;portfolio_flickr;version;2023042400
701;portfolio_googledocs;version;2023042400
702;portfolio_mahara;version;2023042400
703;search_simpledb;version;2023042400
705;search_solr;version;2023042400
706;qbank_bulkmove;version;2023042400
707;qbank_columnsortorder;version;2023042400
708;qbank_comment;version;2023042400
709;qbank_customfields;version;2023042400
710;qbank_deletequestion;version;2023042400
711;qbank_editquestion;version;2023042400
712;qbank_exportquestions;version;2023042400
713;qbank_exporttoxml;version;2023042400
714;qbank_history;version;2023042400
715;qbank_importquestions;version;2023042400
716;qbank_managecategories;version;2023042400
717;qbank_previewquestion;version;2023042400
718;qbank_statistics;version;2023042400
719;qbank_tagquestion;version;2023042400
720;qbank_usage;version;2023042400
721;qbank_viewcreator;version;2023042400
722;qbank_viewquestionname;version;2023042400
723;qbank_viewquestiontext;version;2023042400
724;qbank_viewquestiontype;version;2023042400
725;qbehaviour_adaptive;version;2023042400
726;qbehaviour_adaptivenopenalty;version;2023042400
727;qbehaviour_deferredcbm;version;2023042400
728;qbehaviour_deferredfeedback;version;2023042400
729;qbehaviour_immediatecbm;version;2023042400
730;qbehaviour_immediatefeedback;version;2023042400
731;qbehaviour_informationitem;version;2023042400
732;qbehaviour_interactive;version;2023042400
733;qbehaviour_interactivecountback;version;2023042400
734;qbehaviour_manualgraded;version;2023042400
736;question;disabledbehaviours;manualgraded
737;qbehaviour_missing;version;2023042400
738;qformat_aiken;version;2023042400
739;qformat_blackboard_six;version;2023042400
740;qformat_gift;version;2023042400
741;qformat_missingword;version;2023042400
742;qformat_multianswer;version;2023042400
743;qformat_xhtml;version;2023042400
744;qformat_xml;version;2023042400
745;tool_admin_presets;version;2023042400
746;tool_analytics;version;2023042400
747;tool_availabilityconditions;version;2023042400
748;tool_behat;version;2023042400
749;tool_brickfield;version;2023042400
751;tool_capability;version;2023042400
752;tool_cohortroles;version;2023042400
753;tool_componentlibrary;version;2023042400
754;tool_customlang;version;2023042400
756;tool_dataprivacy;version;2023042400
757;message;airnotifier_provider_tool_dataprivacy_contactdataprotectionofficer_locked;0
758;message;email_provider_tool_dataprivacy_contactdataprotectionofficer_locked;0
759;message;popup_provider_tool_dataprivacy_contactdataprotectionofficer_locked;0
760;message;message_provider_tool_dataprivacy_contactdataprotectionofficer_enabled;email,popup
761;message;airnotifier_provider_tool_dataprivacy_datarequestprocessingresults_locked;0
762;message;email_provider_tool_dataprivacy_datarequestprocessingresults_locked;0
763;message;popup_provider_tool_dataprivacy_datarequestprocessingresults_locked;0
764;message;message_provider_tool_dataprivacy_datarequestprocessingresults_enabled;email,popup
765;message;airnotifier_provider_tool_dataprivacy_notifyexceptions_locked;0
766;message;email_provider_tool_dataprivacy_notifyexceptions_locked;0
767;message;popup_provider_tool_dataprivacy_notifyexceptions_locked;0
768;message;message_provider_tool_dataprivacy_notifyexceptions_enabled;email
769;tool_dbtransfer;version;2023042400
770;tool_filetypes;version;2023042400
771;tool_generator;version;2023042400
772;tool_httpsreplace;version;2023042400
773;tool_innodb;version;2023042400
774;tool_installaddon;version;2023042400
775;tool_langimport;version;2023042400
776;tool_licensemanager;version;2023042400
777;tool_log;version;2023042400
779;tool_log;enabled_stores;logstore_standard
780;tool_lp;version;2023042400
781;tool_lpimportcsv;version;2023042400
782;tool_lpmigrate;version;2023042400
783;tool_messageinbound;version;2023042400
784;message;airnotifier_provider_tool_messageinbound_invalidrecipienthandler_locked;0
785;message;email_provider_tool_messageinbound_invalidrecipienthandler_locked;0
786;message;popup_provider_tool_messageinbound_invalidrecipienthandler_locked;0
787;message;message_provider_tool_messageinbound_invalidrecipienthandler_enabled;email
788;message;airnotifier_provider_tool_messageinbound_messageprocessingerror_locked;0
789;message;email_provider_tool_messageinbound_messageprocessingerror_locked;0
790;message;popup_provider_tool_messageinbound_messageprocessingerror_locked;0
791;message;message_provider_tool_messageinbound_messageprocessingerror_enabled;email
792;message;airnotifier_provider_tool_messageinbound_messageprocessingsuccess_locked;0
793;message;email_provider_tool_messageinbound_messageprocessingsuccess_locked;0
794;message;popup_provider_tool_messageinbound_messageprocessingsuccess_locked;0
795;message;message_provider_tool_messageinbound_messageprocessingsuccess_enabled;email
796;tool_mobile;version;2023042400
797;tool_monitor;version;2023042400
798;message;airnotifier_provider_tool_monitor_notification_locked;0
799;message;email_provider_tool_monitor_notification_locked;0
800;message;popup_provider_tool_monitor_notification_locked;0
801;message;message_provider_tool_monitor_notification_enabled;email
802;tool_moodlenet;version;2023042400
804;tool_multilangupgrade;version;2023042400
805;tool_oauth2;version;2023042400
806;tool_phpunit;version;2023042400
807;tool_policy;version;2023042400
808;tool_profiling;version;2023042400
809;tool_recyclebin;version;2023042400
810;tool_replace;version;2023042400
811;tool_spamcleaner;version;2023042400
812;tool_task;version;2023042400
813;tool_templatelibrary;version;2023042400
814;tool_unsuproles;version;2023042400
816;tool_uploadcourse;version;2023042400
817;tool_uploaduser;version;2023042400
818;tool_usertours;version;2023042400
820;tool_xmldb;version;2023042400
821;cachestore_apcu;version;2023042400
822;cachestore_file;version;2023042400
823;cachestore_redis;version;2023042400
824;cachestore_session;version;2023042400
825;cachestore_static;version;2023042400
826;cachelock_file;version;2023042400
827;fileconverter_googledrive;version;2023042400
828;fileconverter_unoconv;version;2023042400
830;contenttype_h5p;version;2023042400
831;theme_boost;version;2023042400
832;theme_classic;version;2023042400
833;h5plib_v124;version;2023042400
834;paygw_paypal;version;2023042400
836;assignsubmission_comments;version;2023042400
838;assignsubmission_file;sortorder;1
839;assignsubmission_comments;sortorder;2
840;assignsubmission_onlinetext;sortorder;0
841;assignsubmission_file;version;2023042400
842;assignsubmission_onlinetext;version;2023042400
844;assignfeedback_comments;version;2023042400
846;assignfeedback_comments;sortorder;0
847;assignfeedback_editpdf;sortorder;1
848;assignfeedback_file;sortorder;3
849;assignfeedback_offline;sortorder;2
850;assignfeedback_editpdf;version;2023042400
852;assignfeedback_file;version;2023042400
854;assignfeedback_offline;version;2023042400
855;booktool_exportimscp;version;2023042400
856;booktool_importhtml;version;2023042400
857;booktool_print;version;2023042400
858;datafield_checkbox;version;2023042400
859;datafield_date;version;2023042400
860;datafield_file;version;2023042400
861;datafield_latlong;version;2023042400
862;datafield_menu;version;2023042400
863;datafield_multimenu;version;2023042400
864;datafield_number;version;2023042400
865;datafield_picture;version;2023042400
866;datafield_radiobutton;version;2023042400
867;datafield_text;version;2023042400
868;datafield_textarea;version;2023042400
869;datafield_url;version;2023042400
870;datapreset_imagegallery;version;2023042400
871;datapreset_journal;version;2023042400
872;datapreset_proposals;version;2023042400
873;datapreset_resources;version;2023042400
874;forumreport_summary;version;2023042400
875;ltiservice_basicoutcomes;version;2023042400
876;ltiservice_gradebookservices;version;2023042400
877;ltiservice_memberships;version;2023042400
878;ltiservice_profile;version;2023042400
879;ltiservice_toolproxy;version;2023042400
880;ltiservice_toolsettings;version;2023042400
881;quiz_grading;version;2023042400
883;quiz_overview;version;2023042400
885;quiz_responses;version;2023042400
887;quiz_statistics;version;2023042400
889;quizaccess_delaybetweenattempts;version;2023042400
890;quizaccess_ipaddress;version;2023042400
891;quizaccess_numattempts;version;2023042400
892;quizaccess_offlineattempts;version;2023042400
893;quizaccess_openclosedate;version;2023042400
894;quizaccess_password;version;2023042400
895;quizaccess_seb;version;2023042400
897;quizaccess_securewindow;version;2023042400
898;quizaccess_timelimit;version;2023042400
899;scormreport_basic;version;2023042400
900;scormreport_graphs;version;2023042400
901;scormreport_interactions;version;2023042400
902;scormreport_objectives;version;2023042400
903;workshopform_accumulative;version;2023042400
905;workshopform_comments;version;2023042400
907;workshopform_numerrors;version;2023042400
909;workshopform_rubric;version;2023042400
911;workshopallocation_manual;version;2023042400
912;workshopallocation_random;version;2023042400
913;workshopallocation_scheduled;version;2023042400
914;workshopeval_best;version;2023042400
915;atto_accessibilitychecker;version;2023042400
916;atto_accessibilityhelper;version;2023042400
917;atto_align;version;2023042400
918;atto_backcolor;version;2023042400
919;atto_bold;version;2023042400
920;atto_charmap;version;2023042400
921;atto_clear;version;2023042400
922;atto_collapse;version;2023042400
923;atto_emojipicker;version;2023042400
924;atto_emoticon;version;2023042400
925;atto_equation;version;2023042400
926;atto_fontcolor;version;2023042400
927;atto_h5p;version;2023042400
928;atto_html;version;2023042400
929;atto_image;version;2023042400
930;atto_indent;version;2023042400
931;atto_italic;version;2023042400
932;atto_link;version;2023042400
933;atto_managefiles;version;2023042400
934;atto_media;version;2023042400
935;atto_noautolink;version;2023042400
936;atto_orderedlist;version;2023042400
937;atto_recordrtc;version;2023042400
938;atto_rtl;version;2023042400
939;atto_strike;version;2023042400
940;atto_subscript;version;2023042400
941;atto_superscript;version;2023042400
942;atto_table;version;2023042400
943;atto_title;version;2023042400
944;atto_underline;version;2023042400
945;atto_undo;version;2023042400
946;atto_unorderedlist;version;2023042400
947;tiny_accessibilitychecker;version;2023042400
948;tiny_autosave;version;2023042400
949;tiny_equation;version;2023042400
950;tiny_h5p;version;2023042400
951;tiny_link;version;2023042400
952;tiny_media;version;2023042400
953;tiny_recordrtc;version;2023042400
954;logstore_database;version;2023042400
955;logstore_standard;version;2023042400
956;tool_moodlenet;enablemoodlenet;1
957;tool_dataprivacy;contactdataprotectionofficer;0
958;tool_dataprivacy;automaticdataexportapproval;0
959;tool_dataprivacy;automaticdatadeletionapproval;0
960;tool_dataprivacy;automaticdeletionrequests;1
961;tool_dataprivacy;privacyrequestexpiry;604800
962;tool_dataprivacy;requireallenddatesforuserdeletion;1
963;tool_dataprivacy;showdataretentionsummary;1
964;tool_log;exportlog;1
965;analytics;logstore;logstore_standard
966;message_airnotifier;encryptnotifications;0
967;message_airnotifier;encryptprocessing;0
968;assign;feedback_plugin_for_gradebook;assignfeedback_comments
969;assign;showrecentsubmissions;0
970;assign;submissionreceipts;1
971;assign;submissionstatement;"This submission is my own work, except where I have acknowledged the use of the works of other people."
972;assign;submissionstatementteamsubmission;"This submission is the work of my group, except where we have acknowledged the use of the works of other people."
973;assign;submissionstatementteamsubmissionallsubmit;"This submission is my own work as a group member, except where I have acknowledged the use of the works of other people."
974;assign;maxperpage;-1
975;assign;alwaysshowdescription;1
976;assign;alwaysshowdescription_adv;
977;assign;alwaysshowdescription_locked;
978;assign;allowsubmissionsfromdate;0
979;assign;allowsubmissionsfromdate_enabled;1
980;assign;allowsubmissionsfromdate_adv;
981;assign;duedate;604800
982;assign;duedate_enabled;1
983;assign;duedate_adv;
984;assign;cutoffdate;1209600
985;assign;cutoffdate_enabled;
986;assign;cutoffdate_adv;
987;assign;enabletimelimit;0
988;assign;gradingduedate;1209600
989;assign;gradingduedate_enabled;1
990;assign;gradingduedate_adv;
991;assign;submissiondrafts;0
992;assign;submissiondrafts_adv;
993;assign;submissiondrafts_locked;
994;assign;requiresubmissionstatement;0
995;assign;requiresubmissionstatement_adv;
996;assign;requiresubmissionstatement_locked;
997;assign;attemptreopenmethod;none
998;assign;attemptreopenmethod_adv;
999;assign;attemptreopenmethod_locked;
1000;assign;maxattempts;-1
1001;assign;maxattempts_adv;
1002;assign;maxattempts_locked;
1003;assign;teamsubmission;0
1004;assign;teamsubmission_adv;
1005;assign;teamsubmission_locked;
1006;assign;preventsubmissionnotingroup;0
1007;assign;preventsubmissionnotingroup_adv;
1008;assign;preventsubmissionnotingroup_locked;
1009;assign;requireallteammemberssubmit;0
1010;assign;requireallteammemberssubmit_adv;
1011;assign;requireallteammemberssubmit_locked;
1012;assign;teamsubmissiongroupingid;
1013;assign;teamsubmissiongroupingid_adv;
1014;assign;sendnotifications;0
1015;assign;sendnotifications_adv;
1016;assign;sendnotifications_locked;
1017;assign;sendlatenotifications;0
1018;assign;sendlatenotifications_adv;
1019;assign;sendlatenotifications_locked;
1020;assign;sendstudentnotifications;1
1021;assign;sendstudentnotifications_adv;
1022;assign;sendstudentnotifications_locked;
1023;assign;blindmarking;0
1024;assign;blindmarking_adv;
1025;assign;blindmarking_locked;
1026;assign;hidegrader;0
1027;assign;hidegrader_adv;
1028;assign;hidegrader_locked;
1029;assign;markingworkflow;0
1030;assign;markingworkflow_adv;
1031;assign;markingworkflow_locked;
1032;assign;markingallocation;0
1033;assign;markingallocation_adv;
1034;assign;markingallocation_locked;
1035;assignsubmission_file;default;1
1036;assignsubmission_file;maxfiles;20
1037;assignsubmission_file;filetypes;
1038;assignsubmission_file;maxbytes;0
1039;assignsubmission_onlinetext;default;0
1040;assignfeedback_comments;default;1
1041;assignfeedback_comments;inline;0
1042;assignfeedback_comments;inline_adv;
1043;assignfeedback_comments;inline_locked;
1044;assignfeedback_editpdf;default;1
1045;assignfeedback_editpdf;stamps;
1046;assignfeedback_file;default;0
1047;assignfeedback_offline;default;0
1048;mod_bigbluebuttonbn;presentationdefault;
1049;book;numberingoptions;0,1,2,3
1050;book;numbering;1
1051;resource;framesize;130
1052;resource;displayoptions;0,1,4,5,6
1053;resource;printintro;1
1054;resource;display;0
1055;resource;showsize;0
1056;resource;showtype;0
1057;resource;showdate;0
1058;resource;popupwidth;620
1059;resource;popupheight;450
1060;resource;filterfiles;0
1061;folder;showexpanded;1
1062;folder;maxsizetodownload;0
1063;mod_h5pactivity;enablesavestate;1
1064;mod_h5pactivity;savestatefreq;60
1065;imscp;keepold;1
1066;imscp;keepold_adv;
1067;mod_lesson;mediafile;
1068;mod_lesson;mediafile_adv;1
1069;mod_lesson;mediawidth;640
1070;mod_lesson;mediaheight;480
1071;mod_lesson;mediaclose;0
1072;mod_lesson;progressbar;0
1073;mod_lesson;progressbar_adv;
1074;mod_lesson;ongoing;0
1075;mod_lesson;ongoing_adv;1
1076;mod_lesson;displayleftmenu;0
1077;mod_lesson;displayleftmenu_adv;
1078;mod_lesson;displayleftif;0
1079;mod_lesson;displayleftif_adv;1
1080;mod_lesson;slideshow;0
1081;mod_lesson;slideshow_adv;1
1082;mod_lesson;slideshowwidth;640
1083;mod_lesson;slideshowheight;480
1084;mod_lesson;slideshowbgcolor;#FFFFFF
1085;mod_lesson;maxanswers;5
1086;mod_lesson;maxanswers_adv;1
1087;mod_lesson;defaultfeedback;0
1088;mod_lesson;defaultfeedback_adv;1
1089;mod_lesson;activitylink;
1090;mod_lesson;activitylink_adv;1
1091;mod_lesson;timelimit;0
1092;mod_lesson;timelimit_adv;
1093;mod_lesson;password;0
1094;mod_lesson;password_adv;1
1095;mod_lesson;modattempts;0
1096;mod_lesson;modattempts_adv;
1097;mod_lesson;displayreview;0
1098;mod_lesson;displayreview_adv;
1099;mod_lesson;maximumnumberofattempts;1
1100;mod_lesson;maximumnumberofattempts_adv;
1101;mod_lesson;defaultnextpage;0
1102;mod_lesson;defaultnextpage_adv;1
1103;mod_lesson;numberofpagestoshow;1
1104;mod_lesson;numberofpagestoshow_adv;1
1105;mod_lesson;practice;0
1106;mod_lesson;practice_adv;
1107;mod_lesson;customscoring;1
1108;mod_lesson;customscoring_adv;1
1109;mod_lesson;retakesallowed;0
1110;mod_lesson;retakesallowed_adv;
1111;mod_lesson;handlingofretakes;0
1112;mod_lesson;handlingofretakes_adv;1
1113;mod_lesson;minimumnumberofquestions;0
1114;mod_lesson;minimumnumberofquestions_adv;1
1115;page;displayoptions;5
1116;page;printintro;0
1117;page;printlastmodified;1
1118;page;display;5
1119;page;popupwidth;620
1120;page;popupheight;450
1121;quiz;timelimit;0
1122;quiz;timelimit_adv;
1123;quiz;timelimit_locked;
1124;quiz;notifyattemptgradeddelay;18000
1125;quiz;overduehandling;autosubmit
1126;quiz;overduehandling_adv;
1127;quiz;overduehandling_locked;
1128;quiz;graceperiod;86400
1129;quiz;graceperiod_adv;
1130;quiz;graceperiod_locked;
1131;quiz;graceperiodmin;60
1132;quiz;attempts;0
1133;quiz;attempts_adv;
1134;quiz;attempts_locked;
1135;quiz;grademethod;1
1136;quiz;grademethod_adv;
1137;quiz;grademethod_locked;
1138;quiz;maximumgrade;10
1139;quiz;maximumgrade_locked;
1140;quiz;questionsperpage;1
1141;quiz;questionsperpage_adv;
1142;quiz;questionsperpage_locked;
1143;quiz;navmethod;free
1144;quiz;navmethod_adv;1
1145;quiz;navmethod_locked;
1146;quiz;shuffleanswers;1
1147;quiz;shuffleanswers_adv;
1148;quiz;shuffleanswers_locked;
1149;quiz;preferredbehaviour;deferredfeedback
1150;quiz;preferredbehaviour_locked;
1151;quiz;canredoquestions;0
1152;quiz;canredoquestions_adv;1
1153;quiz;canredoquestions_locked;
1154;quiz;attemptonlast;0
1155;quiz;attemptonlast_adv;1
1156;quiz;attemptonlast_locked;
1157;quiz;reviewattempt;69904
1158;quiz;reviewcorrectness;69904
1159;quiz;reviewmarks;69904
1160;quiz;reviewspecificfeedback;69904
1161;quiz;reviewgeneralfeedback;69904
1162;quiz;reviewrightanswer;69904
1163;quiz;reviewoverallfeedback;4368
1164;quiz;showuserpicture;0
1165;quiz;showuserpicture_adv;
1166;quiz;showuserpicture_locked;
1167;quiz;decimalpoints;2
1168;quiz;decimalpoints_adv;
1169;quiz;decimalpoints_locked;
1170;quiz;questiondecimalpoints;-1
1171;quiz;questiondecimalpoints_adv;
1172;quiz;questiondecimalpoints_locked;
1173;quiz;showblocks;0
1174;quiz;showblocks_adv;1
1175;quiz;showblocks_locked;
1176;quiz;quizpassword;
1177;quiz;quizpassword_adv;
1178;quiz;quizpassword_required;
1179;quiz;quizpassword_locked;
1180;quiz;subnet;
1181;quiz;subnet_adv;1
1182;quiz;subnet_locked;
1183;quiz;delay1;0
1184;quiz;delay1_adv;1
1185;quiz;delay1_locked;
1186;quiz;delay2;0
1187;quiz;delay2_adv;1
1188;quiz;delay2_locked;
1189;quiz;browsersecurity;-
1190;quiz;browsersecurity_adv;1
1191;quiz;browsersecurity_locked;
1192;quiz;initialnumfeedbacks;2
1193;quiz;autosaveperiod;60
1194;quizaccess_seb;autoreconfigureseb;1
1195;quizaccess_seb;showseblinks;seb,http
1196;quizaccess_seb;downloadlink;https://safeexambrowser.org/download_en.html
1197;quizaccess_seb;quizpasswordrequired;0
1198;quizaccess_seb;displayblocksbeforestart;0
1199;quizaccess_seb;displayblockswhenfinished;1
1200;scorm;displaycoursestructure;0
1201;scorm;displaycoursestructure_adv;
1202;scorm;popup;0
1203;scorm;popup_adv;
1204;scorm;framewidth;100
1205;scorm;framewidth_adv;1
1206;scorm;frameheight;500
1207;scorm;frameheight_adv;1
1208;scorm;winoptgrp_adv;1
1209;scorm;scrollbars;0
1210;scorm;directories;0
1211;scorm;location;0
1212;scorm;menubar;0
1213;scorm;toolbar;0
1214;scorm;status;0
1215;scorm;skipview;0
1216;scorm;skipview_adv;1
1217;scorm;hidebrowse;0
1218;scorm;hidebrowse_adv;1
1219;scorm;hidetoc;0
1220;scorm;hidetoc_adv;1
1221;scorm;nav;1
1222;scorm;nav_adv;1
1223;scorm;navpositionleft;-100
1224;scorm;navpositionleft_adv;1
1225;scorm;navpositiontop;-100
1226;scorm;navpositiontop_adv;1
1227;scorm;collapsetocwinsize;767
1228;scorm;collapsetocwinsize_adv;1
1229;scorm;displayattemptstatus;1
1230;scorm;displayattemptstatus_adv;
1231;scorm;grademethod;1
1232;scorm;maxgrade;100
1233;scorm;maxattempt;0
1234;scorm;whatgrade;0
1235;scorm;forcecompleted;0
1236;scorm;forcenewattempt;0
1237;scorm;autocommit;0
1238;scorm;masteryoverride;1
1239;scorm;lastattemptlock;0
1240;scorm;auto;0
1241;scorm;updatefreq;0
1242;scorm;scormstandard;0
1243;scorm;allowtypeexternal;0
1244;scorm;allowtypelocalsync;0
1245;scorm;allowtypeexternalaicc;0
1246;scorm;allowaicchacp;0
1247;scorm;aicchacptimeout;30
1248;scorm;aicchacpkeepsessiondata;1
1249;scorm;aiccuserid;1
1250;scorm;forcejavascript;1
1251;scorm;allowapidebug;0
1252;scorm;apidebugmask;.*
1253;scorm;protectpackagedownloads;0
1254;label;dndmedia;1
1255;label;dndresizewidth;400
1256;label;dndresizeheight;400
1257;url;framesize;130
1258;url;secretphrase;
1259;url;rolesinparams;0
1260;url;displayoptions;0,1,5,6
1261;url;printintro;1
1262;url;display;0
1263;url;popupwidth;620
1264;url;popupheight;450
1265;workshop;grade;80
1266;workshop;gradinggrade;20
1267;workshop;gradedecimals;0
1268;workshop;maxbytes;0
1269;workshop;strategy;accumulative
1270;workshop;examplesmode;0
1271;workshopallocation_random;numofreviews;5
1272;workshopform_numerrors;grade0;No
1273;workshopform_numerrors;grade1;Yes
1274;workshopeval_best;comparison;5
1275;tool_brickfield;analysistype;0
1276;tool_brickfield;deletehistoricaldata;1
1277;tool_brickfield;batch;1000
1278;tool_brickfield;perpage;50
1279;tool_recyclebin;coursebinenable;1
1280;tool_recyclebin;coursebinexpiry;604800
1281;tool_recyclebin;categorybinenable;1
1282;tool_recyclebin;categorybinexpiry;604800
1283;tool_recyclebin;autohide;1
1284;antivirus_clamav;runningmethod;commandline
1285;antivirus_clamav;pathtoclam;
1286;antivirus_clamav;pathtounixsocket;
1287;antivirus_clamav;tcpsockethost;
1288;antivirus_clamav;tcpsocketport;3310
1289;antivirus_clamav;clamfailureonupload;tryagain
1290;antivirus_clamav;tries;1
1291;auth_cas;field_map_firstname;
1292;auth_cas;field_updatelocal_firstname;oncreate
1293;auth_cas;field_updateremote_firstname;0
1294;auth_cas;field_lock_firstname;unlocked
1295;auth_cas;field_map_lastname;
1296;auth_cas;field_updatelocal_lastname;oncreate
1297;auth_cas;field_updateremote_lastname;0
1298;auth_cas;field_lock_lastname;unlocked
1299;auth_cas;field_map_email;
1300;auth_cas;field_updatelocal_email;oncreate
1301;auth_cas;field_updateremote_email;0
1302;auth_cas;field_lock_email;unlocked
1303;auth_cas;field_map_city;
1304;auth_cas;field_updatelocal_city;oncreate
1305;auth_cas;field_updateremote_city;0
1306;auth_cas;field_lock_city;unlocked
1307;auth_cas;field_map_country;
1308;auth_cas;field_updatelocal_country;oncreate
1309;auth_cas;field_updateremote_country;0
1310;auth_cas;field_lock_country;unlocked
1311;auth_cas;field_map_lang;
1312;auth_cas;field_updatelocal_lang;oncreate
1313;auth_cas;field_updateremote_lang;0
1314;auth_cas;field_lock_lang;unlocked
1315;auth_cas;field_map_description;
1316;auth_cas;field_updatelocal_description;oncreate
1317;auth_cas;field_updateremote_description;0
1318;auth_cas;field_lock_description;unlocked
1319;auth_cas;field_map_idnumber;
1320;auth_cas;field_updatelocal_idnumber;oncreate
1321;auth_cas;field_updateremote_idnumber;0
1322;auth_cas;field_lock_idnumber;unlocked
1323;auth_cas;field_map_institution;
1324;auth_cas;field_updatelocal_institution;oncreate
1325;auth_cas;field_updateremote_institution;0
1326;auth_cas;field_lock_institution;unlocked
1327;auth_cas;field_map_department;
1328;auth_cas;field_updatelocal_department;oncreate
1329;auth_cas;field_updateremote_department;0
1330;auth_cas;field_lock_department;unlocked
1331;auth_cas;field_map_phone1;
1332;auth_cas;field_updatelocal_phone1;oncreate
1333;auth_cas;field_updateremote_phone1;0
1334;auth_cas;field_lock_phone1;unlocked
1335;auth_cas;field_map_phone2;
1336;auth_cas;field_updatelocal_phone2;oncreate
1337;auth_cas;field_updateremote_phone2;0
1338;auth_cas;field_lock_phone2;unlocked
1339;auth_cas;field_map_address;
1340;auth_cas;field_updatelocal_address;oncreate
1341;auth_cas;field_updateremote_address;0
1342;auth_cas;field_lock_address;unlocked
1343;auth_cas;field_map_firstnamephonetic;
1344;auth_cas;field_updatelocal_firstnamephonetic;oncreate
1345;auth_cas;field_updateremote_firstnamephonetic;0
1346;auth_cas;field_lock_firstnamephonetic;unlocked
1347;auth_cas;field_map_lastnamephonetic;
1348;auth_cas;field_updatelocal_lastnamephonetic;oncreate
1349;auth_cas;field_updateremote_lastnamephonetic;0
1350;auth_cas;field_lock_lastnamephonetic;unlocked
1351;auth_cas;field_map_middlename;
1352;auth_cas;field_updatelocal_middlename;oncreate
1353;auth_cas;field_updateremote_middlename;0
1354;auth_cas;field_lock_middlename;unlocked
1355;auth_cas;field_map_alternatename;
1356;auth_cas;field_updatelocal_alternatename;oncreate
1357;auth_cas;field_updateremote_alternatename;0
1358;auth_cas;field_lock_alternatename;unlocked
1359;auth_email;recaptcha;0
1360;auth_email;field_lock_firstname;unlocked
1361;auth_email;field_lock_lastname;unlocked
1362;auth_email;field_lock_email;unlocked
1363;auth_email;field_lock_city;unlocked
1364;auth_email;field_lock_country;unlocked
1365;auth_email;field_lock_lang;unlocked
1366;auth_email;field_lock_description;unlocked
1367;auth_email;field_lock_idnumber;unlocked
1368;auth_email;field_lock_institution;unlocked
1369;auth_email;field_lock_department;unlocked
1370;auth_email;field_lock_phone1;unlocked
1371;auth_email;field_lock_phone2;unlocked
1372;auth_email;field_lock_address;unlocked
1373;auth_email;field_lock_firstnamephonetic;unlocked
1374;auth_email;field_lock_lastnamephonetic;unlocked
1375;auth_email;field_lock_middlename;unlocked
1376;auth_email;field_lock_alternatename;unlocked
1377;auth_db;host;127.0.0.1
1378;auth_db;type;mysqli
1379;auth_db;sybasequoting;0
1380;auth_db;name;
1381;auth_db;user;
1382;auth_db;pass;
1383;auth_db;table;
1384;auth_db;fielduser;
1385;auth_db;fieldpass;
1386;auth_db;passtype;plaintext
1387;auth_db;extencoding;utf-8
1388;auth_db;setupsql;
1389;auth_db;debugauthdb;0
1390;auth_db;changepasswordurl;
1391;auth_db;removeuser;0
1392;auth_db;updateusers;0
1393;auth_db;field_map_firstname;
1394;auth_db;field_updatelocal_firstname;oncreate
1395;auth_db;field_updateremote_firstname;0
1396;auth_db;field_lock_firstname;unlocked
1397;auth_db;field_map_lastname;
1398;auth_db;field_updatelocal_lastname;oncreate
1399;auth_db;field_updateremote_lastname;0
1400;auth_db;field_lock_lastname;unlocked
1401;auth_db;field_map_email;
1402;auth_db;field_updatelocal_email;oncreate
1403;auth_db;field_updateremote_email;0
1404;auth_db;field_lock_email;unlocked
1405;auth_db;field_map_city;
1406;auth_db;field_updatelocal_city;oncreate
1407;auth_db;field_updateremote_city;0
1408;auth_db;field_lock_city;unlocked
1409;auth_db;field_map_country;
1410;auth_db;field_updatelocal_country;oncreate
1411;auth_db;field_updateremote_country;0
1412;auth_db;field_lock_country;unlocked
1413;auth_db;field_map_lang;
1414;auth_db;field_updatelocal_lang;oncreate
1415;auth_db;field_updateremote_lang;0
1416;auth_db;field_lock_lang;unlocked
1417;auth_db;field_map_description;
1418;auth_db;field_updatelocal_description;oncreate
1419;auth_db;field_updateremote_description;0
1420;auth_db;field_lock_description;unlocked
1421;auth_db;field_map_idnumber;
1422;auth_db;field_updatelocal_idnumber;oncreate
1423;auth_db;field_updateremote_idnumber;0
1424;auth_db;field_lock_idnumber;unlocked
1425;auth_db;field_map_institution;
1426;auth_db;field_updatelocal_institution;oncreate
1427;auth_db;field_updateremote_institution;0
1428;auth_db;field_lock_institution;unlocked
1429;auth_db;field_map_department;
1430;auth_db;field_updatelocal_department;oncreate
1431;auth_db;field_updateremote_department;0
1432;auth_db;field_lock_department;unlocked
1433;auth_db;field_map_phone1;
1434;auth_db;field_updatelocal_phone1;oncreate
1435;auth_db;field_updateremote_phone1;0
1436;auth_db;field_lock_phone1;unlocked
1437;auth_db;field_map_phone2;
1438;auth_db;field_updatelocal_phone2;oncreate
1439;auth_db;field_updateremote_phone2;0
1440;auth_db;field_lock_phone2;unlocked
1441;auth_db;field_map_address;
1442;auth_db;field_updatelocal_address;oncreate
1443;auth_db;field_updateremote_address;0
1444;auth_db;field_lock_address;unlocked
1445;auth_db;field_map_firstnamephonetic;
1446;auth_db;field_updatelocal_firstnamephonetic;oncreate
1447;auth_db;field_updateremote_firstnamephonetic;0
1448;auth_db;field_lock_firstnamephonetic;unlocked
1449;auth_db;field_map_lastnamephonetic;
1450;auth_db;field_updatelocal_lastnamephonetic;oncreate
1451;auth_db;field_updateremote_lastnamephonetic;0
1452;auth_db;field_lock_lastnamephonetic;unlocked
1453;auth_db;field_map_middlename;
1454;auth_db;field_updatelocal_middlename;oncreate
1455;auth_db;field_updateremote_middlename;0
1456;auth_db;field_lock_middlename;unlocked
1457;auth_db;field_map_alternatename;
1458;auth_db;field_updatelocal_alternatename;oncreate
1459;auth_db;field_updateremote_alternatename;0
1460;auth_db;field_lock_alternatename;unlocked
1461;auth_ldap;field_map_firstname;
1462;auth_ldap;field_updatelocal_firstname;oncreate
1463;auth_ldap;field_updateremote_firstname;0
1464;auth_ldap;field_lock_firstname;unlocked
1465;auth_ldap;field_map_lastname;
1466;auth_ldap;field_updatelocal_lastname;oncreate
1467;auth_ldap;field_updateremote_lastname;0
1468;auth_ldap;field_lock_lastname;unlocked
1469;auth_ldap;field_map_email;
1470;auth_ldap;field_updatelocal_email;oncreate
1471;auth_ldap;field_updateremote_email;0
1472;auth_ldap;field_lock_email;unlocked
1473;auth_ldap;field_map_city;
1474;auth_ldap;field_updatelocal_city;oncreate
1475;auth_ldap;field_updateremote_city;0
1476;auth_ldap;field_lock_city;unlocked
1477;auth_ldap;field_map_country;
1478;auth_ldap;field_updatelocal_country;oncreate
1479;auth_ldap;field_updateremote_country;0
1480;auth_ldap;field_lock_country;unlocked
1481;auth_ldap;field_map_lang;
1482;auth_ldap;field_updatelocal_lang;oncreate
1483;auth_ldap;field_updateremote_lang;0
1484;auth_ldap;field_lock_lang;unlocked
1485;auth_ldap;field_map_description;
1486;auth_ldap;field_updatelocal_description;oncreate
1487;auth_ldap;field_updateremote_description;0
1488;auth_ldap;field_lock_description;unlocked
1489;auth_ldap;field_map_idnumber;
1490;auth_ldap;field_updatelocal_idnumber;oncreate
1491;auth_ldap;field_updateremote_idnumber;0
1492;auth_ldap;field_lock_idnumber;unlocked
1493;auth_ldap;field_map_institution;
1494;auth_ldap;field_updatelocal_institution;oncreate
1495;auth_ldap;field_updateremote_institution;0
1496;auth_ldap;field_lock_institution;unlocked
1497;auth_ldap;field_map_department;
1498;auth_ldap;field_updatelocal_department;oncreate
1499;auth_ldap;field_updateremote_department;0
1500;auth_ldap;field_lock_department;unlocked
1501;auth_ldap;field_map_phone1;
1502;auth_ldap;field_updatelocal_phone1;oncreate
1503;auth_ldap;field_updateremote_phone1;0
1504;auth_ldap;field_lock_phone1;unlocked
1505;auth_ldap;field_map_phone2;
1506;auth_ldap;field_updatelocal_phone2;oncreate
1507;auth_ldap;field_updateremote_phone2;0
1508;auth_ldap;field_lock_phone2;unlocked
1509;auth_ldap;field_map_address;
1510;auth_ldap;field_updatelocal_address;oncreate
1511;auth_ldap;field_updateremote_address;0
1512;auth_ldap;field_lock_address;unlocked
1513;auth_ldap;field_map_firstnamephonetic;
1514;auth_ldap;field_updatelocal_firstnamephonetic;oncreate
1515;auth_ldap;field_updateremote_firstnamephonetic;0
1516;auth_ldap;field_lock_firstnamephonetic;unlocked
1517;auth_ldap;field_map_lastnamephonetic;
1518;auth_ldap;field_updatelocal_lastnamephonetic;oncreate
1519;auth_ldap;field_updateremote_lastnamephonetic;0
1520;auth_ldap;field_lock_lastnamephonetic;unlocked
1521;auth_ldap;field_map_middlename;
1522;auth_ldap;field_updatelocal_middlename;oncreate
1523;auth_ldap;field_updateremote_middlename;0
1524;auth_ldap;field_lock_middlename;unlocked
1525;auth_ldap;field_map_alternatename;
1526;auth_ldap;field_updatelocal_alternatename;oncreate
1527;auth_ldap;field_updateremote_alternatename;0
1528;auth_ldap;field_lock_alternatename;unlocked
1529;auth_manual;expiration;0
1530;auth_manual;expirationtime;30
1531;auth_manual;expiration_warning;0
1532;auth_manual;field_lock_firstname;unlocked
1533;auth_manual;field_lock_lastname;unlocked
1534;auth_manual;field_lock_email;unlocked
1535;auth_manual;field_lock_city;unlocked
1536;auth_manual;field_lock_country;unlocked
1537;auth_manual;field_lock_lang;unlocked
1538;auth_manual;field_lock_description;unlocked
1539;auth_manual;field_lock_idnumber;unlocked
1540;auth_manual;field_lock_institution;unlocked
1541;auth_manual;field_lock_department;unlocked
1542;auth_manual;field_lock_phone1;unlocked
1543;auth_manual;field_lock_phone2;unlocked
1544;auth_manual;field_lock_address;unlocked
1545;auth_manual;field_lock_firstnamephonetic;unlocked
1546;auth_manual;field_lock_lastnamephonetic;unlocked
1547;auth_manual;field_lock_middlename;unlocked
1548;auth_manual;field_lock_alternatename;unlocked
1549;auth_mnet;rpc_negotiation_timeout;30
1550;auth_none;field_lock_firstname;unlocked
1551;auth_none;field_lock_lastname;unlocked
1552;auth_none;field_lock_email;unlocked
1553;auth_none;field_lock_city;unlocked
1554;auth_none;field_lock_country;unlocked
1555;auth_none;field_lock_lang;unlocked
1556;auth_none;field_lock_description;unlocked
1557;auth_none;field_lock_idnumber;unlocked
1558;auth_none;field_lock_institution;unlocked
1559;auth_none;field_lock_department;unlocked
1560;auth_none;field_lock_phone1;unlocked
1561;auth_none;field_lock_phone2;unlocked
1562;auth_none;field_lock_address;unlocked
1563;auth_none;field_lock_firstnamephonetic;unlocked
1564;auth_none;field_lock_lastnamephonetic;unlocked
1565;auth_none;field_lock_middlename;unlocked
1566;auth_none;field_lock_alternatename;unlocked
1567;auth_oauth2;field_lock_firstname;unlocked
1568;auth_oauth2;field_lock_lastname;unlocked
1569;auth_oauth2;field_lock_email;unlocked
1570;auth_oauth2;field_lock_city;unlocked
1571;auth_oauth2;field_lock_country;unlocked
1572;auth_oauth2;field_lock_lang;unlocked
1573;auth_oauth2;field_lock_description;unlocked
1574;auth_oauth2;field_lock_idnumber;unlocked
1575;auth_oauth2;field_lock_institution;unlocked
1576;auth_oauth2;field_lock_department;unlocked
1577;auth_oauth2;field_lock_phone1;unlocked
1578;auth_oauth2;field_lock_phone2;unlocked
1579;auth_oauth2;field_lock_address;unlocked
1580;auth_oauth2;field_lock_firstnamephonetic;unlocked
1581;auth_oauth2;field_lock_lastnamephonetic;unlocked
1582;auth_oauth2;field_lock_middlename;unlocked
1583;auth_oauth2;field_lock_alternatename;unlocked
1584;auth_shibboleth;user_attribute;
1585;auth_shibboleth;convert_data;
1586;auth_shibboleth;alt_login;off
1587;auth_shibboleth;organization_selection;"urn:mace:organization1:providerID, Example Organization 1
        https://another.idp-id.com/shibboleth, Other Example Organization, /Shibboleth.sso/DS/SWITCHaai
        urn:mace:organization2:providerID, Example Organization 2, /Shibboleth.sso/WAYF/SWITCHaai"
1588;auth_shibboleth;logout_handler;
1589;auth_shibboleth;logout_return_url;
1590;auth_shibboleth;login_name;"Shibboleth Login"
1591;auth_shibboleth;auth_logo;
1592;auth_shibboleth;auth_instructions;"Use the <a href=""http://localhost/moodle/auth/shibboleth/index.php"">Shibboleth login</a> to get access via Shibboleth, if your institution supports it. Otherwise, use the normal login form shown here."
1593;auth_shibboleth;changepasswordurl;
1594;auth_shibboleth;field_map_firstname;
1595;auth_shibboleth;field_updatelocal_firstname;oncreate
1596;auth_shibboleth;field_lock_firstname;unlocked
1597;auth_shibboleth;field_map_lastname;
1598;auth_shibboleth;field_updatelocal_lastname;oncreate
1599;auth_shibboleth;field_lock_lastname;unlocked
1600;auth_shibboleth;field_map_email;
1601;auth_shibboleth;field_updatelocal_email;oncreate
1602;auth_shibboleth;field_lock_email;unlocked
1603;auth_shibboleth;field_map_city;
1604;auth_shibboleth;field_updatelocal_city;oncreate
1605;auth_shibboleth;field_lock_city;unlocked
1606;auth_shibboleth;field_map_country;
1607;auth_shibboleth;field_updatelocal_country;oncreate
1608;auth_shibboleth;field_lock_country;unlocked
1609;auth_shibboleth;field_map_lang;
1610;auth_shibboleth;field_updatelocal_lang;oncreate
1611;auth_shibboleth;field_lock_lang;unlocked
1612;auth_shibboleth;field_map_description;
1613;auth_shibboleth;field_updatelocal_description;oncreate
1614;auth_shibboleth;field_lock_description;unlocked
1615;auth_shibboleth;field_map_idnumber;
1616;auth_shibboleth;field_updatelocal_idnumber;oncreate
1617;auth_shibboleth;field_lock_idnumber;unlocked
1618;auth_shibboleth;field_map_institution;
1619;auth_shibboleth;field_updatelocal_institution;oncreate
1620;auth_shibboleth;field_lock_institution;unlocked
1621;auth_shibboleth;field_map_department;
1622;auth_shibboleth;field_updatelocal_department;oncreate
1623;auth_shibboleth;field_lock_department;unlocked
1624;auth_shibboleth;field_map_phone1;
1625;auth_shibboleth;field_updatelocal_phone1;oncreate
1626;auth_shibboleth;field_lock_phone1;unlocked
1627;auth_shibboleth;field_map_phone2;
1628;auth_shibboleth;field_updatelocal_phone2;oncreate
1629;auth_shibboleth;field_lock_phone2;unlocked
1630;auth_shibboleth;field_map_address;
1631;auth_shibboleth;field_updatelocal_address;oncreate
1632;auth_shibboleth;field_lock_address;unlocked
1633;auth_shibboleth;field_map_firstnamephonetic;
1634;auth_shibboleth;field_updatelocal_firstnamephonetic;oncreate
1635;auth_shibboleth;field_lock_firstnamephonetic;unlocked
1636;auth_shibboleth;field_map_lastnamephonetic;
1637;auth_shibboleth;field_updatelocal_lastnamephonetic;oncreate
1638;auth_shibboleth;field_lock_lastnamephonetic;unlocked
1639;auth_shibboleth;field_map_middlename;
1640;auth_shibboleth;field_updatelocal_middlename;oncreate
1641;auth_shibboleth;field_lock_middlename;unlocked
1642;auth_shibboleth;field_map_alternatename;
1643;auth_shibboleth;field_updatelocal_alternatename;oncreate
1644;auth_shibboleth;field_lock_alternatename;unlocked
1645;block_accessreview;whattoshow;showboth
1646;block_accessreview;errordisplay;showint
1647;block_accessreview;toolpage;errors
1648;block_activity_results;config_showbest;3
1649;block_activity_results;config_showbest_locked;
1650;block_activity_results;config_showworst;0
1651;block_activity_results;config_showworst_locked;
1652;block_activity_results;config_usegroups;0
1653;block_activity_results;config_usegroups_locked;
1654;block_activity_results;config_nameformat;1
1655;block_activity_results;config_nameformat_locked;
1656;block_activity_results;config_gradeformat;1
1657;block_activity_results;config_gradeformat_locked;
1658;block_activity_results;config_decimalpoints;2
1659;block_activity_results;config_decimalpoints_locked;
1660;block_myoverview;displaycategories;1
1661;block_myoverview;layouts;card,list,summary
1662;block_myoverview;displaygroupingallincludinghidden;0
1663;block_myoverview;displaygroupingall;1
1664;block_myoverview;displaygroupinginprogress;1
1665;block_myoverview;displaygroupingpast;1
1666;block_myoverview;displaygroupingfuture;1
1667;block_myoverview;displaygroupingcustomfield;0
1668;block_myoverview;customfiltergrouping;
1669;block_myoverview;displaygroupingfavourites;1
1670;block_myoverview;displaygroupinghidden;1
1671;block_recentlyaccessedcourses;displaycategories;1
1672;block_section_links;numsections1;22
1673;block_section_links;incby1;2
1674;block_section_links;numsections2;40
1675;block_section_links;incby2;5
1676;block_section_links;showsectionname;0
1677;block_starredcourses;displaycategories;1
1678;block_tag_youtube;apikey;
1679;format_singleactivity;activitytype;forum
1680;format_topics;indentation;1
1681;format_weeks;indentation;1
1682;fileconverter_googledrive;issuerid;
1683;enrol_cohort;roleid;5
1684;enrol_cohort;unenrolaction;0
1685;enrol_meta;nosyncroleids;
1686;enrol_meta;syncall;1
1687;enrol_meta;unenrolaction;3
1688;enrol_meta;coursesort;sortorder
1689;enrol_fee;expiredaction;3
1690;enrol_fee;status;1
1691;enrol_fee;cost;0
1692;enrol_fee;currency;USD
1693;enrol_fee;roleid;5
1694;enrol_fee;enrolperiod;0
1695;enrol_database;dbtype;
1696;enrol_database;dbhost;localhost
1697;enrol_database;dbuser;
1698;enrol_database;dbpass;
1699;enrol_database;dbname;
1700;enrol_database;dbencoding;utf-8
1701;enrol_database;dbsetupsql;
1702;enrol_database;dbsybasequoting;0
1703;enrol_database;debugdb;0
1704;enrol_database;localcoursefield;idnumber
1705;enrol_database;localuserfield;idnumber
1706;enrol_database;localrolefield;shortname
1707;enrol_database;localcategoryfield;id
1708;enrol_database;remoteenroltable;
1709;enrol_database;remotecoursefield;
1710;enrol_database;remoteuserfield;
1711;enrol_database;remoterolefield;
1712;enrol_database;remoteotheruserfield;
1713;enrol_database;defaultrole;5
1714;enrol_database;ignorehiddencourses;0
1715;enrol_database;unenrolaction;0
1716;enrol_database;newcoursetable;
1717;enrol_database;newcoursefullname;fullname
1718;enrol_database;newcourseshortname;shortname
1719;enrol_database;newcourseidnumber;idnumber
1720;enrol_database;newcoursecategory;
1721;enrol_database;defaultcategory;1
1722;enrol_database;templatecourse;
1723;enrol_flatfile;location;
1724;enrol_flatfile;encoding;UTF-8
1725;enrol_flatfile;mailstudents;0
1726;enrol_flatfile;mailteachers;0
1727;enrol_flatfile;mailadmins;0
1728;enrol_flatfile;unenrolaction;3
1729;enrol_flatfile;expiredaction;3
1730;enrol_guest;requirepassword;0
1731;enrol_guest;usepasswordpolicy;0
1732;enrol_guest;showhint;0
1733;enrol_guest;defaultenrol;1
1734;enrol_guest;status;1
1735;enrol_guest;status_adv;
1736;enrol_imsenterprise;imsfilelocation;
1737;enrol_imsenterprise;logtolocation;
1738;enrol_imsenterprise;mailadmins;0
1739;enrol_imsenterprise;createnewusers;0
1740;enrol_imsenterprise;imsupdateusers;0
1741;enrol_imsenterprise;imsdeleteusers;0
1742;enrol_imsenterprise;fixcaseusernames;0
1743;enrol_imsenterprise;fixcasepersonalnames;0
1744;enrol_imsenterprise;imssourcedidfallback;0
1745;enrol_imsenterprise;imsrolemap01;5
1746;enrol_imsenterprise;imsrolemap02;3
1747;enrol_imsenterprise;imsrolemap03;3
1748;enrol_imsenterprise;imsrolemap04;5
1749;enrol_imsenterprise;imsrolemap05;0
1750;enrol_imsenterprise;imsrolemap06;4
1751;enrol_imsenterprise;imsrolemap07;0
1752;enrol_imsenterprise;imsrolemap08;4
1753;enrol_imsenterprise;truncatecoursecodes;0
1754;enrol_imsenterprise;createnewcourses;0
1755;enrol_imsenterprise;updatecourses;0
1756;enrol_imsenterprise;createnewcategories;0
1757;enrol_imsenterprise;nestedcategories;0
1758;enrol_imsenterprise;categoryidnumber;0
1759;enrol_imsenterprise;categoryseparator;
1760;enrol_imsenterprise;imsunenrol;0
1761;enrol_imsenterprise;unenrolaction;0
1762;enrol_imsenterprise;imscoursemapshortname;coursecode
1763;enrol_imsenterprise;imscoursemapfullname;short
1764;enrol_imsenterprise;imscoursemapsummary;ignore
1765;enrol_imsenterprise;imsrestricttarget;
1766;enrol_imsenterprise;imscapitafix;0
1767;enrol_manual;expiredaction;1
1768;enrol_manual;expirynotifyhour;6
1769;enrol_manual;defaultenrol;1
1770;enrol_manual;status;0
1771;enrol_manual;roleid;5
1772;enrol_manual;enrolstart;4
1773;enrol_manual;enrolperiod;0
1774;enrol_manual;expirynotify;0
1775;enrol_manual;expirythreshold;86400
1776;enrol_mnet;roleid;5
1777;enrol_mnet;roleid_adv;1
1778;enrol_paypal;paypalbusiness;
1779;enrol_paypal;mailstudents;0
1780;enrol_paypal;mailteachers;0
1781;enrol_paypal;mailadmins;0
1782;enrol_paypal;expiredaction;3
1783;enrol_paypal;status;1
1784;enrol_paypal;cost;0
1785;enrol_paypal;currency;USD
1786;enrol_paypal;roleid;5
1787;enrol_paypal;enrolperiod;0
1788;enrol_lti;emaildisplay;2
1789;enrol_lti;city;
1790;enrol_lti;country;
1791;enrol_lti;timezone;99
1792;enrol_lti;lang;en
1793;enrol_lti;institution;
1794;enrol_self;requirepassword;0
1795;enrol_self;usepasswordpolicy;0
1796;enrol_self;showhint;0
1797;enrol_self;expiredaction;1
1798;enrol_self;expirynotifyhour;6
1799;enrol_self;defaultenrol;1
1800;enrol_self;status;1
1801;enrol_self;newenrols;1
1802;enrol_self;groupkey;0
1803;enrol_self;roleid;5
1804;enrol_self;enrolperiod;0
1805;enrol_self;expirynotify;0
1806;enrol_self;expirythreshold;86400
1807;enrol_self;longtimenosee;0
1808;enrol_self;maxenrolled;0
1809;enrol_self;sendcoursewelcomemessage;1
1810;filter_urltolink;formats;1,4,0
1811;filter_urltolink;embedimages;1
1812;filter_emoticon;formats;1,4,0
1813;filter_displayh5p;allowedsources;
1814;filter_mathjaxloader;httpsurl;https://cdn.jsdelivr.net/npm/mathjax@2.7.9/MathJax.js
1815;filter_mathjaxloader;texfiltercompatibility;0
1816;filter_mathjaxloader;mathjaxconfig;"
MathJax.Hub.Config({
    config: [""Accessible.js"", ""Safe.js""],
    errorSettings: { message: [""!""] },
    skipStartupTypeset: true,
    messageStyle: ""none""
});
"
1817;filter_mathjaxloader;additionaldelimiters;
1818;filter_tex;latexpreamble;"\usepackage[latin1]{inputenc}
\usepackage{amsmath}
\usepackage{amsfonts}
\RequirePackage{amsmath,amssymb,latexsym}
"
1819;filter_tex;latexbackground;#FFFFFF
1820;filter_tex;density;120
1821;filter_tex;pathlatex;"c:\texmf\miktex\bin\latex.exe"
1822;filter_tex;pathdvips;"c:\texmf\miktex\bin\dvips.exe"
1823;filter_tex;pathconvert;"c:\imagemagick\convert.exe"
1824;filter_tex;pathdvisvgm;"c:\texmf\miktex\bin\dvisvgm.exe"
1825;filter_tex;pathmimetex;
1826;filter_tex;convertformat;gif
1827;logstore_database;dbdriver;
1828;logstore_database;dbhost;
1829;logstore_database;dbuser;
1830;logstore_database;dbpass;
1831;logstore_database;dbname;
1832;logstore_database;dbtable;
1833;logstore_database;dbpersist;0
1834;logstore_database;dbsocket;
1835;logstore_database;dbport;
1836;logstore_database;dbschema;
1837;logstore_database;dbcollation;
1838;logstore_database;dbhandlesoptions;0
1839;logstore_database;buffersize;50
1840;logstore_database;jsonformat;1
1841;logstore_database;logguests;0
1842;logstore_database;includelevels;1,2,0
1843;logstore_database;includeactions;c,r,u,d
1844;logstore_standard;logguests;1
1845;logstore_standard;jsonformat;1
1846;logstore_standard;loglifetime;0
1847;logstore_standard;buffersize;50
1848;mlbackend_python;useserver;0
1849;mlbackend_python;host;
1850;mlbackend_python;port;0
1851;mlbackend_python;secure;0
1852;mlbackend_python;username;default
1853;mlbackend_python;password;
1854;media_videojs;videoextensions;html_video,media_source,.f4v,.flv
1855;media_videojs;audioextensions;html_audio
1856;media_videojs;youtube;1
1857;media_videojs;videocssclass;video-js
1858;media_videojs;audiocssclass;video-js
1859;media_videojs;limitsize;1
1860;paygw_paypal;surcharge;0
1861;qtype_multichoice;answerhowmany;1
1862;qtype_multichoice;shuffleanswers;1
1863;qtype_multichoice;answernumbering;abc
1864;qtype_multichoice;showstandardinstruction;0
1865;editor_atto;toolbar;"collapse = collapse
style1 = title, bold, italic
list = unorderedlist, orderedlist, indent
links = link
files = emojipicker, image, media, recordrtc, managefiles, h5p
accessibility = accessibilitychecker, accessibilityhelper
style2 = underline, strike, subscript, superscript
align = align
insert = equation, charmap, table, clear
undo = undo
other = html"
1866;editor_atto;autosavefrequency;60
1867;atto_collapse;showgroups;6
1868;atto_equation;librarygroup1;"
\cdot
\times
\ast
\div
\diamond
\pm
\mp
\oplus
\ominus
\otimes
\oslash
\odot
\circ
\bullet
\asymp
\equiv
\subseteq
\supseteq
\leq
\geq
\preceq
\succeq
\sim
\simeq
\approx
\subset
\supset
\ll
\gg
\prec
\succ
\infty
\in
\ni
\forall
\exists
\neq
"
1869;atto_equation;librarygroup2;"
\leftarrow
\rightarrow
\uparrow
\downarrow
\leftrightarrow
\nearrow
\searrow
\swarrow
\nwarrow
\Leftarrow
\Rightarrow
\Uparrow
\Downarrow
\Leftrightarrow
"
1870;atto_equation;librarygroup3;"
\alpha
\beta
\gamma
\delta
\epsilon
\zeta
\eta
\theta
\iota
\kappa
\lambda
\mu
\nu
\xi
\pi
\rho
\sigma
\tau
\upsilon
\phi
\chi
\psi
\omega
\Gamma
\Delta
\Theta
\Lambda
\Xi
\Pi
\Sigma
\Upsilon
\Phi
\Psi
\Omega
"
1871;atto_equation;librarygroup4;"
\sum{a,b}
\sqrt[a]{b+c}
\int_{a}^{b}{c}
\iint_{a}^{b}{c}
\iiint_{a}^{b}{c}
\oint{a}
(a)
[a]
\lbrace{a}\rbrace
\left| \begin{matrix} a_1 & a_2 \\ a_3 & a_4 \end{matrix} \right|
\frac{a}{b+c}
\vec{a}
\binom {a} {b}
{a \brack b}
{a \brace b}
"
1872;atto_recordrtc;allowedtypes;both
1873;atto_recordrtc;audiobitrate;128000
1874;atto_recordrtc;videobitrate;2500000
1875;atto_recordrtc;audiotimelimit;120
1876;atto_recordrtc;videotimelimit;120
1877;atto_table;allowborders;0
1878;atto_table;allowbackgroundcolour;0
1879;atto_table;allowwidth;0
1880;editor_tiny;branding;1
1881;tiny_equation;librarygroup1;"
\cdot
\times
\ast
\div
\diamond
\pm
\mp
\oplus
\ominus
\otimes
\oslash
\odot
\circ
\bullet
\asymp
\equiv
\subseteq
\supseteq
\leq
\geq
\preceq
\succeq
\sim
\simeq
\approx
\subset
\supset
\ll
\gg
\prec
\succ
\infty
\in
\ni
\forall
\exists
\neq
"
1882;tiny_equation;librarygroup2;"
\leftarrow
\rightarrow
\uparrow
\downarrow
\leftrightarrow
\nearrow
\searrow
\swarrow
\nwarrow
\Leftarrow
\Rightarrow
\Uparrow
\Downarrow
\Leftrightarrow
"
1883;tiny_equation;librarygroup3;"
\alpha
\beta
\gamma
\delta
\epsilon
\zeta
\eta
\theta
\iota
\kappa
\lambda
\mu
\nu
\xi
\pi
\rho
\sigma
\tau
\upsilon
\phi
\chi
\psi
\omega
\Gamma
\Delta
\Theta
\Lambda
\Xi
\Pi
\Sigma
\Upsilon
\Phi
\Psi
\Omega
"
1884;tiny_equation;librarygroup4;"
\sum{a,b}
\sqrt[a]{b+c}
\int_{a}^{b}{c}
\iint_{a}^{b}{c}
\iiint_{a}^{b}{c}
\oint{a}
(a)
[a]
\lbrace{a}\rbrace
\left| \begin{matrix} a_1 & a_2 \\ a_3 & a_4 \end{matrix} \right|
\frac{a}{b+c}
\vec{a}
\binom {a} {b}
{a \brack b}
{a \brace b}
"
1885;tiny_recordrtc;allowedtypes;both
1886;tiny_recordrtc;audiobitrate;128000
1887;tiny_recordrtc;videobitrate;2500000
1888;tiny_recordrtc;audiotimelimit;120
1889;tiny_recordrtc;videotimelimit;120
1890;tool_mobile;apppolicy;
1891;tool_mobile;typeoflogin;1
1892;tool_mobile;qrcodetype;1
1893;tool_mobile;qrkeyttl;600
1894;tool_mobile;qrsameipcheck;1
1895;tool_mobile;forcedurlscheme;moodlemobile
1896;tool_mobile;minimumversion;
1897;tool_mobile;autologinmintimebetweenreq;360
1898;tool_mobile;enablesmartappbanners;0
1899;tool_mobile;iosappid;633359593
1900;tool_mobile;androidappid;com.moodle.moodlemobile
1901;tool_mobile;setuplink;https://download.moodle.org/mobile
1902;tool_mobile;forcelogout;0
1903;tool_mobile;disabledfeatures;
1904;tool_mobile;custommenuitems;
1905;tool_mobile;filetypeexclusionlist;
1906;tool_mobile;customlangstrings;
1907;tool_moodlenet;defaultmoodlenetname;"MoodleNet Central"
1908;tool_moodlenet;defaultmoodlenet;https://moodle.net
1909;local_shorturldemux;version;2020060322
1912;local_policy_overview;version;2022100516
