1;course;"user report";user;"CONCAT(firstname, ' ', lastname)";moodle
2;course;view;course;fullname;moodle
3;course;"view section";course_sections;name;moodle
4;course;update;course;fullname;moodle
5;course;hide;course;fullname;moodle
6;course;show;course;fullname;moodle
7;course;move;course;fullname;moodle
8;course;enrol;course;fullname;moodle
9;course;unenrol;course;fullname;moodle
10;course;"report log";course;fullname;moodle
11;course;"report live";course;fullname;moodle
12;course;"report outline";course;fullname;moodle
13;course;"report participation";course;fullname;moodle
14;course;"report stats";course;fullname;moodle
15;category;add;course_categories;name;moodle
16;category;hide;course_categories;name;moodle
17;category;move;course_categories;name;moodle
18;category;show;course_categories;name;moodle
19;category;update;course_categories;name;moodle
20;message;write;user;"CONCAT(firstname, ' ', lastname)";moodle
21;message;read;user;"CONCAT(firstname, ' ', lastname)";moodle
22;message;"add contact";user;"CONCAT(firstname, ' ', lastname)";moodle
23;message;"remove contact";user;"CONCAT(firstname, ' ', lastname)";moodle
24;message;"block contact";user;"CONCAT(firstname, ' ', lastname)";moodle
25;message;"unblock contact";user;"CONCAT(firstname, ' ', lastname)";moodle
26;group;view;groups;name;moodle
27;tag;update;tag;name;moodle
28;tag;flag;tag;name;moodle
29;user;view;user;"CONCAT(firstname, ' ', lastname)";moodle
30;assign;add;assign;name;mod_assign
31;assign;"delete mod";assign;name;mod_assign
32;assign;"download all submissions";assign;name;mod_assign
33;assign;"grade submission";assign;name;mod_assign
34;assign;"lock submission";assign;name;mod_assign
35;assign;"reveal identities";assign;name;mod_assign
36;assign;"revert submission to draft";assign;name;mod_assign
37;assign;"set marking workflow state";assign;name;mod_assign
38;assign;"submission statement accepted";assign;name;mod_assign
39;assign;submit;assign;name;mod_assign
40;assign;"submit for grading";assign;name;mod_assign
41;assign;"unlock submission";assign;name;mod_assign
42;assign;update;assign;name;mod_assign
43;assign;upload;assign;name;mod_assign
44;assign;view;assign;name;mod_assign
45;assign;"view all";course;fullname;mod_assign
46;assign;"view confirm submit assignment form";assign;name;mod_assign
47;assign;"view grading form";assign;name;mod_assign
48;assign;"view submission";assign;name;mod_assign
49;assign;"view submission grading table";assign;name;mod_assign
50;assign;"view submit assignment form";assign;name;mod_assign
51;assign;"view feedback";assign;name;mod_assign
52;assign;"view batch set marking workflow state";assign;name;mod_assign
53;bigbluebuttonbn;add;bigbluebuttonbn;name;mod_bigbluebuttonbn
54;bigbluebuttonbn;update;bigbluebuttonbn;name;mod_bigbluebuttonbn
55;bigbluebuttonbn;view;bigbluebuttonbn;name;mod_bigbluebuttonbn
56;bigbluebuttonbn;"view all";bigbluebuttonbn;name;mod_bigbluebuttonbn
57;bigbluebuttonbn;create;bigbluebuttonbn;name;mod_bigbluebuttonbn
58;bigbluebuttonbn;end;bigbluebuttonbn;name;mod_bigbluebuttonbn
59;bigbluebuttonbn;join;bigbluebuttonbn;name;mod_bigbluebuttonbn
60;bigbluebuttonbn;left;bigbluebuttonbn;name;mod_bigbluebuttonbn
61;bigbluebuttonbn;publish;bigbluebuttonbn;name;mod_bigbluebuttonbn
62;bigbluebuttonbn;unpublish;bigbluebuttonbn;name;mod_bigbluebuttonbn
63;bigbluebuttonbn;delete;bigbluebuttonbn;name;mod_bigbluebuttonbn
64;book;add;book;name;mod_book
65;book;update;book;name;mod_book
66;book;view;book;name;mod_book
67;book;"add chapter";book_chapters;title;mod_book
68;book;"update chapter";book_chapters;title;mod_book
69;book;"view chapter";book_chapters;title;mod_book
70;chat;view;chat;name;mod_chat
71;chat;add;chat;name;mod_chat
72;chat;update;chat;name;mod_chat
73;chat;report;chat;name;mod_chat
74;chat;talk;chat;name;mod_chat
75;choice;view;choice;name;mod_choice
76;choice;update;choice;name;mod_choice
77;choice;add;choice;name;mod_choice
78;choice;report;choice;name;mod_choice
79;choice;choose;choice;name;mod_choice
80;choice;"choose again";choice;name;mod_choice
81;data;view;data;name;mod_data
82;data;add;data;name;mod_data
83;data;update;data;name;mod_data
84;data;"record delete";data;name;mod_data
85;data;"fields add";data_fields;name;mod_data
86;data;"fields update";data_fields;name;mod_data
87;data;"templates saved";data;name;mod_data
88;data;"templates def";data;name;mod_data
89;feedback;startcomplete;feedback;name;mod_feedback
90;feedback;submit;feedback;name;mod_feedback
91;feedback;delete;feedback;name;mod_feedback
92;feedback;view;feedback;name;mod_feedback
93;feedback;"view all";course;shortname;mod_feedback
94;folder;view;folder;name;mod_folder
95;folder;"view all";folder;name;mod_folder
96;folder;update;folder;name;mod_folder
97;folder;add;folder;name;mod_folder
98;forum;add;forum;name;mod_forum
99;forum;update;forum;name;mod_forum
100;forum;"add discussion";forum_discussions;name;mod_forum
101;forum;"add post";forum_posts;subject;mod_forum
102;forum;"update post";forum_posts;subject;mod_forum
103;forum;"user report";user;"CONCAT(firstname, ' ', lastname)";mod_forum
104;forum;"move discussion";forum_discussions;name;mod_forum
105;forum;"view subscribers";forum;name;mod_forum
106;forum;"view discussion";forum_discussions;name;mod_forum
107;forum;"view forum";forum;name;mod_forum
108;forum;subscribe;forum;name;mod_forum
109;forum;unsubscribe;forum;name;mod_forum
110;forum;"pin discussion";forum_discussions;name;mod_forum
111;forum;"unpin discussion";forum_discussions;name;mod_forum
112;glossary;add;glossary;name;mod_glossary
113;glossary;update;glossary;name;mod_glossary
114;glossary;view;glossary;name;mod_glossary
115;glossary;"view all";glossary;name;mod_glossary
116;glossary;"add entry";glossary;name;mod_glossary
117;glossary;"update entry";glossary;name;mod_glossary
118;glossary;"add category";glossary;name;mod_glossary
119;glossary;"update category";glossary;name;mod_glossary
120;glossary;"delete category";glossary;name;mod_glossary
121;glossary;"approve entry";glossary;name;mod_glossary
122;glossary;"disapprove entry";glossary;name;mod_glossary
123;glossary;"view entry";glossary_entries;concept;mod_glossary
124;imscp;view;imscp;name;mod_imscp
125;imscp;"view all";imscp;name;mod_imscp
126;imscp;update;imscp;name;mod_imscp
127;imscp;add;imscp;name;mod_imscp
128;label;add;label;name;mod_label
129;label;update;label;name;mod_label
130;lesson;start;lesson;name;mod_lesson
131;lesson;end;lesson;name;mod_lesson
132;lesson;view;lesson_pages;title;mod_lesson
133;lti;view;lti;name;mod_lti
134;lti;launch;lti;name;mod_lti
135;lti;"view all";lti;name;mod_lti
136;page;view;page;name;mod_page
137;page;"view all";page;name;mod_page
138;page;update;page;name;mod_page
139;page;add;page;name;mod_page
140;quiz;add;quiz;name;mod_quiz
141;quiz;update;quiz;name;mod_quiz
142;quiz;view;quiz;name;mod_quiz
143;quiz;report;quiz;name;mod_quiz
144;quiz;attempt;quiz;name;mod_quiz
145;quiz;submit;quiz;name;mod_quiz
146;quiz;review;quiz;name;mod_quiz
147;quiz;editquestions;quiz;name;mod_quiz
148;quiz;preview;quiz;name;mod_quiz
149;quiz;"start attempt";quiz;name;mod_quiz
150;quiz;"close attempt";quiz;name;mod_quiz
151;quiz;"continue attempt";quiz;name;mod_quiz
152;quiz;"edit override";quiz;name;mod_quiz
153;quiz;"delete override";quiz;name;mod_quiz
154;quiz;"view summary";quiz;name;mod_quiz
155;resource;view;resource;name;mod_resource
156;resource;"view all";resource;name;mod_resource
157;resource;update;resource;name;mod_resource
158;resource;add;resource;name;mod_resource
159;scorm;view;scorm;name;mod_scorm
160;scorm;review;scorm;name;mod_scorm
161;scorm;update;scorm;name;mod_scorm
162;scorm;add;scorm;name;mod_scorm
163;survey;add;survey;name;mod_survey
164;survey;update;survey;name;mod_survey
165;survey;download;survey;name;mod_survey
166;survey;"view form";survey;name;mod_survey
167;survey;"view graph";survey;name;mod_survey
168;survey;"view report";survey;name;mod_survey
169;survey;submit;survey;name;mod_survey
170;url;view;url;name;mod_url
171;url;"view all";url;name;mod_url
172;url;update;url;name;mod_url
173;url;add;url;name;mod_url
174;workshop;add;workshop;name;mod_workshop
175;workshop;update;workshop;name;mod_workshop
176;workshop;view;workshop;name;mod_workshop
177;workshop;"view all";workshop;name;mod_workshop
178;workshop;"add submission";workshop_submissions;title;mod_workshop
179;workshop;"update submission";workshop_submissions;title;mod_workshop
180;workshop;"view submission";workshop_submissions;title;mod_workshop
181;workshop;"add assessment";workshop_submissions;title;mod_workshop
182;workshop;"update assessment";workshop_submissions;title;mod_workshop
183;workshop;"add example";workshop_submissions;title;mod_workshop
184;workshop;"update example";workshop_submissions;title;mod_workshop
185;workshop;"view example";workshop_submissions;title;mod_workshop
186;workshop;"add reference assessment";workshop_submissions;title;mod_workshop
187;workshop;"update reference assessment";workshop_submissions;title;mod_workshop
188;workshop;"add example assessment";workshop_submissions;title;mod_workshop
189;workshop;"update example assessment";workshop_submissions;title;mod_workshop
190;workshop;"update aggregate grades";workshop;name;mod_workshop
191;workshop;"update clear aggregated grades";workshop;name;mod_workshop
192;workshop;"update clear assessments";workshop;name;mod_workshop
193;book;exportimscp;book;name;booktool_exportimscp
194;book;print;book;name;booktool_print
195;book;"print chapter";book_chapters;title;booktool_print
