1;moodle/site:config;write;10;moodle;62
2;moodle/site:configview;read;10;moodle;0
3;moodle/site:readallmessages;read;10;moodle;8
4;moodle/site:manageallmessaging;write;10;moodle;8
5;moodle/site:deleteanymessage;write;10;moodle;32
6;moodle/site:sendmessage;write;10;moodle;16
7;moodle/site:senderrormessage;write;10;moodle;16
8;moodle/site:deleteownmessage;write;10;moodle;0
9;moodle/site:approvecourse;write;40;moodle;4
10;moodle/backup:backupcourse;write;50;moodle;28
11;moodle/backup:backupsection;write;50;moodle;28
12;moodle/backup:backupactivity;write;70;moodle;28
13;moodle/backup:backuptargetimport;read;50;moodle;28
14;moodle/backup:downloadfile;write;50;moodle;28
15;moodle/backup:configure;write;50;moodle;28
16;moodle/backup:userinfo;read;50;moodle;8
17;moodle/backup:anonymise;read;50;moodle;8
18;moodle/restore:restorecourse;write;50;moodle;28
19;moodle/restore:restoresection;write;50;moodle;28
20;moodle/restore:restoreactivity;write;50;moodle;28
21;moodle/restore:viewautomatedfilearea;write;50;moodle;28
22;moodle/restore:restoretargetimport;write;50;moodle;28
23;moodle/restore:uploadfile;write;50;moodle;28
24;moodle/restore:configure;write;50;moodle;28
25;moodle/restore:rolldates;write;50;moodle;0
26;moodle/restore:userinfo;write;50;moodle;30
27;moodle/restore:createuser;write;10;moodle;24
28;moodle/site:manageblocks;write;80;moodle;20
29;moodle/site:accessallgroups;read;70;moodle;0
30;moodle/site:viewanonymousevents;read;70;moodle;8
31;moodle/site:viewfullnames;read;70;moodle;0
32;moodle/site:viewuseridentity;read;70;moodle;0
33;moodle/site:viewreports;read;50;moodle;8
34;moodle/site:trustcontent;write;70;moodle;4
35;moodle/site:uploadusers;write;10;moodle;24
36;moodle/filter:manage;write;50;moodle;0
37;moodle/user:create;write;10;moodle;24
38;moodle/user:delete;write;10;moodle;40
39;moodle/user:update;write;10;moodle;24
40;moodle/user:viewdetails;read;50;moodle;0
41;moodle/user:viewalldetails;read;30;moodle;8
42;moodle/user:viewlastip;read;30;moodle;8
43;moodle/user:viewhiddendetails;read;50;moodle;8
44;moodle/user:loginas;write;50;moodle;30
45;moodle/user:managesyspages;write;10;moodle;0
46;moodle/user:manageblocks;write;30;moodle;0
47;moodle/user:manageownblocks;write;10;moodle;0
48;moodle/user:manageownfiles;write;10;moodle;0
49;moodle/user:ignoreuserquota;write;10;moodle;0
50;moodle/my:configsyspages;write;10;moodle;0
51;moodle/role:assign;write;50;moodle;28
52;moodle/role:review;read;50;moodle;8
53;moodle/role:override;write;50;moodle;28
54;moodle/role:safeoverride;write;50;moodle;16
55;moodle/role:manage;write;10;moodle;28
56;moodle/role:switchroles;read;50;moodle;12
57;moodle/category:manage;write;40;moodle;4
58;moodle/category:viewcourselist;read;40;moodle;0
59;moodle/category:viewhiddencategories;read;40;moodle;0
60;moodle/cohort:manage;write;40;moodle;0
61;moodle/cohort:assign;write;40;moodle;0
62;moodle/cohort:view;read;50;moodle;0
63;moodle/cohort:configurecustomfields;write;10;moodle;16
64;moodle/course:create;write;40;moodle;4
65;moodle/course:creategroupconversations;write;50;moodle;4
66;moodle/course:request;write;40;moodle;0
67;moodle/course:delete;write;50;moodle;32
68;moodle/course:update;write;50;moodle;4
69;moodle/course:view;read;50;moodle;0
70;moodle/course:enrolreview;read;50;moodle;8
71;moodle/course:enrolconfig;write;50;moodle;8
72;moodle/course:reviewotherusers;read;50;moodle;0
73;moodle/course:bulkmessaging;write;50;moodle;16
74;moodle/course:viewhiddenuserfields;read;50;moodle;8
75;moodle/course:viewhiddencourses;read;50;moodle;0
76;moodle/course:visibility;write;50;moodle;0
77;moodle/course:managefiles;write;50;moodle;4
78;moodle/course:ignoreavailabilityrestrictions;read;70;moodle;0
79;moodle/course:ignorefilesizelimits;write;50;moodle;0
80;moodle/course:manageactivities;write;70;moodle;4
81;moodle/course:activityvisibility;write;70;moodle;0
82;moodle/course:viewhiddenactivities;read;70;moodle;0
83;moodle/course:viewparticipants;read;50;moodle;0
84;moodle/course:changefullname;write;50;moodle;4
85;moodle/course:changeshortname;write;50;moodle;4
86;moodle/course:changelockedcustomfields;write;50;moodle;16
87;moodle/course:configurecustomfields;write;10;moodle;16
88;moodle/course:renameroles;write;50;moodle;0
89;moodle/course:changeidnumber;write;50;moodle;4
90;moodle/course:changecategory;write;50;moodle;4
91;moodle/course:changesummary;write;50;moodle;4
92;moodle/course:setforcedlanguage;write;50;moodle;0
93;moodle/site:viewparticipants;read;10;moodle;0
94;moodle/course:isincompletionreports;read;50;moodle;0
95;moodle/course:viewscales;read;50;moodle;0
96;moodle/course:managescales;write;50;moodle;0
97;moodle/course:managegroups;write;50;moodle;4
98;moodle/course:viewhiddengroups;READ;50;moodle;8
99;moodle/course:reset;write;50;moodle;32
100;moodle/course:viewsuspendedusers;read;50;moodle;0
101;moodle/course:tag;write;50;moodle;16
102;moodle/blog:view;read;10;moodle;0
103;moodle/blog:search;read;10;moodle;0
104;moodle/blog:viewdrafts;read;10;moodle;8
105;moodle/blog:create;write;10;moodle;16
106;moodle/blog:manageentries;write;10;moodle;16
107;moodle/blog:manageexternal;write;10;moodle;16
108;moodle/calendar:manageownentries;write;50;moodle;16
109;moodle/calendar:managegroupentries;write;50;moodle;16
110;moodle/calendar:manageentries;write;50;moodle;16
111;moodle/user:editprofile;write;30;moodle;24
112;moodle/user:editownprofile;write;10;moodle;16
113;moodle/user:changeownpassword;write;10;moodle;0
114;moodle/user:readuserposts;read;30;moodle;0
115;moodle/user:readuserblogs;read;30;moodle;0
116;moodle/user:viewuseractivitiesreport;read;30;moodle;8
117;moodle/user:editmessageprofile;write;30;moodle;16
118;moodle/user:editownmessageprofile;write;10;moodle;0
119;moodle/question:managecategory;write;50;moodle;20
120;moodle/question:add;write;50;moodle;20
121;moodle/question:editmine;write;50;moodle;20
122;moodle/question:editall;write;50;moodle;20
123;moodle/question:viewmine;read;50;moodle;0
124;moodle/question:viewall;read;50;moodle;0
125;moodle/question:usemine;read;50;moodle;0
126;moodle/question:useall;read;50;moodle;0
127;moodle/question:movemine;write;50;moodle;0
128;moodle/question:moveall;write;50;moodle;0
129;moodle/question:config;write;10;moodle;2
130;moodle/question:flag;write;50;moodle;0
131;moodle/question:tagmine;write;50;moodle;0
132;moodle/question:tagall;write;50;moodle;0
133;moodle/site:doclinks;read;10;moodle;0
134;moodle/course:sectionvisibility;write;50;moodle;0
135;moodle/course:useremail;write;50;moodle;0
136;moodle/course:viewhiddensections;read;50;moodle;0
137;moodle/course:setcurrentsection;write;50;moodle;0
138;moodle/course:movesections;write;50;moodle;0
139;moodle/site:mnetlogintoremote;read;10;moodle;0
140;moodle/grade:viewall;read;50;moodle;8
141;moodle/grade:view;read;50;moodle;0
142;moodle/grade:viewhidden;read;50;moodle;8
143;moodle/grade:import;write;50;moodle;12
144;moodle/grade:export;read;50;moodle;8
145;moodle/grade:manage;write;50;moodle;12
146;moodle/grade:edit;write;50;moodle;12
147;moodle/grade:managegradingforms;write;50;moodle;12
148;moodle/grade:sharegradingforms;write;10;moodle;4
149;moodle/grade:managesharedforms;write;10;moodle;4
150;moodle/grade:manageoutcomes;write;50;moodle;0
151;moodle/grade:manageletters;write;50;moodle;0
152;moodle/grade:hide;write;50;moodle;0
153;moodle/grade:lock;write;50;moodle;0
154;moodle/grade:unlock;write;50;moodle;0
155;moodle/my:manageblocks;write;10;moodle;0
156;moodle/notes:view;read;50;moodle;0
157;moodle/notes:manage;write;50;moodle;16
158;moodle/tag:manage;write;10;moodle;16
159;moodle/tag:edit;write;10;moodle;16
160;moodle/tag:flag;write;10;moodle;16
161;moodle/tag:editblocks;write;10;moodle;0
162;moodle/block:view;read;80;moodle;0
163;moodle/block:edit;write;80;moodle;20
164;moodle/portfolio:export;read;10;moodle;0
165;moodle/comment:view;read;50;moodle;0
166;moodle/comment:post;write;50;moodle;24
167;moodle/comment:delete;write;50;moodle;32
168;moodle/webservice:createtoken;write;10;moodle;62
169;moodle/webservice:managealltokens;write;10;moodle;42
170;moodle/webservice:createmobiletoken;write;10;moodle;24
171;moodle/rating:view;read;50;moodle;0
172;moodle/rating:viewany;read;50;moodle;8
173;moodle/rating:viewall;read;50;moodle;8
174;moodle/rating:rate;write;50;moodle;0
175;moodle/course:markcomplete;write;50;moodle;0
176;moodle/course:overridecompletion;write;50;moodle;0
177;moodle/badges:manageglobalsettings;write;10;moodle;34
178;moodle/badges:viewbadges;read;50;moodle;0
179;moodle/badges:manageownbadges;write;30;moodle;0
180;moodle/badges:viewotherbadges;read;30;moodle;0
181;moodle/badges:earnbadge;write;50;moodle;0
182;moodle/badges:createbadge;write;50;moodle;16
183;moodle/badges:deletebadge;write;50;moodle;32
184;moodle/badges:configuredetails;write;50;moodle;16
185;moodle/badges:configurecriteria;write;50;moodle;4
186;moodle/badges:configuremessages;write;50;moodle;16
187;moodle/badges:awardbadge;write;50;moodle;16
188;moodle/badges:revokebadge;write;50;moodle;16
189;moodle/badges:viewawarded;read;50;moodle;8
190;moodle/site:forcelanguage;read;10;moodle;0
191;moodle/search:query;read;10;moodle;0
192;moodle/competency:competencymanage;write;40;moodle;0
193;moodle/competency:competencyview;read;40;moodle;0
194;moodle/competency:competencygrade;write;50;moodle;0
195;moodle/competency:coursecompetencymanage;write;50;moodle;0
196;moodle/competency:coursecompetencyconfigure;write;70;moodle;0
197;moodle/competency:coursecompetencygradable;read;50;moodle;0
198;moodle/competency:coursecompetencyview;read;50;moodle;0
199;moodle/competency:evidencedelete;write;30;moodle;0
200;moodle/competency:planmanage;write;30;moodle;0
201;moodle/competency:planmanagedraft;write;30;moodle;0
202;moodle/competency:planmanageown;write;30;moodle;0
203;moodle/competency:planmanageowndraft;write;30;moodle;0
204;moodle/competency:planview;read;30;moodle;0
205;moodle/competency:planviewdraft;read;30;moodle;0
206;moodle/competency:planviewown;read;30;moodle;0
207;moodle/competency:planviewowndraft;read;30;moodle;0
208;moodle/competency:planrequestreview;write;30;moodle;0
209;moodle/competency:planrequestreviewown;write;30;moodle;0
210;moodle/competency:planreview;write;30;moodle;0
211;moodle/competency:plancomment;write;30;moodle;0
212;moodle/competency:plancommentown;write;30;moodle;0
213;moodle/competency:usercompetencyview;read;30;moodle;0
214;moodle/competency:usercompetencyrequestreview;write;30;moodle;0
215;moodle/competency:usercompetencyrequestreviewown;write;30;moodle;0
216;moodle/competency:usercompetencyreview;write;30;moodle;0
217;moodle/competency:usercompetencycomment;write;30;moodle;0
218;moodle/competency:usercompetencycommentown;write;30;moodle;0
219;moodle/competency:templatemanage;write;40;moodle;0
220;moodle/analytics:listinsights;read;50;moodle;8
221;moodle/analytics:managemodels;write;10;moodle;2
222;moodle/competency:templateview;read;40;moodle;0
223;moodle/competency:userevidencemanage;write;30;moodle;0
224;moodle/competency:userevidencemanageown;write;30;moodle;0
225;moodle/competency:userevidenceview;read;30;moodle;0
226;moodle/site:maintenanceaccess;write;10;moodle;0
227;moodle/site:messageanyuser;write;10;moodle;16
228;moodle/site:managecontextlocks;write;70;moodle;0
229;moodle/course:togglecompletion;write;70;moodle;0
230;moodle/analytics:listowninsights;read;10;moodle;0
231;moodle/h5p:setdisplayoptions;write;70;moodle;0
232;moodle/h5p:deploy;write;70;moodle;4
233;moodle/h5p:updatelibraries;write;70;moodle;4
234;moodle/course:recommendactivity;write;10;moodle;0
235;moodle/contentbank:access;read;50;moodle;0
236;moodle/contentbank:upload;write;50;moodle;16
237;moodle/contentbank:deleteanycontent;write;50;moodle;32
238;moodle/contentbank:deleteowncontent;write;50;moodle;0
239;moodle/contentbank:manageanycontent;write;50;moodle;32
240;moodle/contentbank:manageowncontent;write;50;moodle;0
241;moodle/contentbank:useeditor;write;50;moodle;16
242;moodle/contentbank:downloadcontent;read;50;moodle;0
243;moodle/course:downloadcoursecontent;read;50;moodle;0
244;moodle/course:configuredownloadcontent;write;50;moodle;0
245;moodle/payment:manageaccounts;write;50;moodle;42
246;moodle/payment:viewpayments;read;50;moodle;8
247;moodle/contentbank:viewunlistedcontent;read;50;moodle;0
248;moodle/reportbuilder:view;read;10;moodle;0
249;moodle/reportbuilder:edit;write;10;moodle;0
250;moodle/reportbuilder:editall;write;10;moodle;0
251;moodle/reportbuilder:scheduleviewas;read;10;moodle;0
252;moodle/moodlenet:shareactivity;read;50;moodle;0
253;mod/assign:view;read;70;mod_assign;0
254;mod/assign:submit;write;70;mod_assign;0
255;mod/assign:grade;write;70;mod_assign;4
256;mod/assign:exportownsubmission;read;70;mod_assign;0
257;mod/assign:addinstance;write;50;mod_assign;4
258;mod/assign:editothersubmission;write;70;mod_assign;41
259;mod/assign:grantextension;write;70;mod_assign;0
260;mod/assign:revealidentities;write;70;mod_assign;0
261;mod/assign:reviewgrades;write;70;mod_assign;0
262;mod/assign:releasegrades;write;70;mod_assign;0
263;mod/assign:managegrades;write;70;mod_assign;0
264;mod/assign:manageallocations;write;70;mod_assign;0
265;mod/assign:viewgrades;read;70;mod_assign;0
266;mod/assign:viewblinddetails;write;70;mod_assign;8
267;mod/assign:receivegradernotifications;read;70;mod_assign;0
268;mod/assign:manageoverrides;write;70;mod_assign;0
269;mod/assign:showhiddengrader;read;70;mod_assign;0
270;mod/assign:viewownsubmissionsummary;read;70;mod_assign;0
271;mod/bigbluebuttonbn:addinstance;write;50;mod_bigbluebuttonbn;4
272;mod/bigbluebuttonbn:addinstancewithmeeting;write;70;mod_bigbluebuttonbn;0
273;mod/bigbluebuttonbn:addinstancewithrecording;write;70;mod_bigbluebuttonbn;0
274;mod/bigbluebuttonbn:join;read;70;mod_bigbluebuttonbn;0
275;mod/bigbluebuttonbn:view;read;70;mod_bigbluebuttonbn;0
276;mod/bigbluebuttonbn:managerecordings;write;70;mod_bigbluebuttonbn;0
277;mod/bigbluebuttonbn:viewallrecordingformats;read;70;mod_bigbluebuttonbn;0
278;mod/bigbluebuttonbn:publishrecordings;write;70;mod_bigbluebuttonbn;0
279;mod/bigbluebuttonbn:unpublishrecordings;write;70;mod_bigbluebuttonbn;0
280;mod/bigbluebuttonbn:protectrecordings;write;70;mod_bigbluebuttonbn;0
281;mod/bigbluebuttonbn:unprotectrecordings;write;70;mod_bigbluebuttonbn;0
282;mod/bigbluebuttonbn:deleterecordings;write;70;mod_bigbluebuttonbn;0
283;mod/bigbluebuttonbn:importrecordings;write;70;mod_bigbluebuttonbn;0
284;mod/book:addinstance;write;50;mod_book;4
285;mod/book:read;read;70;mod_book;0
286;mod/book:viewhiddenchapters;read;70;mod_book;0
287;mod/book:edit;write;70;mod_book;4
288;mod/chat:addinstance;write;50;mod_chat;4
289;mod/chat:chat;write;70;mod_chat;16
290;mod/chat:readlog;read;70;mod_chat;0
291;mod/chat:deletelog;write;70;mod_chat;0
292;mod/chat:exportparticipatedsession;read;70;mod_chat;8
293;mod/chat:exportsession;read;70;mod_chat;8
294;mod/chat:view;read;70;mod_chat;0
295;mod/choice:addinstance;write;50;mod_choice;4
296;mod/choice:choose;write;70;mod_choice;0
297;mod/choice:readresponses;read;70;mod_choice;0
298;mod/choice:deleteresponses;write;70;mod_choice;0
299;mod/choice:downloadresponses;read;70;mod_choice;0
300;mod/choice:view;read;70;mod_choice;0
301;mod/data:addinstance;write;50;mod_data;4
302;mod/data:viewentry;read;70;mod_data;0
303;mod/data:writeentry;write;70;mod_data;16
304;mod/data:comment;write;70;mod_data;16
305;mod/data:rate;write;70;mod_data;0
306;mod/data:viewrating;read;70;mod_data;0
307;mod/data:viewanyrating;read;70;mod_data;8
308;mod/data:viewallratings;read;70;mod_data;8
309;mod/data:approve;write;70;mod_data;16
310;mod/data:manageentries;write;70;mod_data;16
311;mod/data:managecomments;write;70;mod_data;16
312;mod/data:managetemplates;write;70;mod_data;20
313;mod/data:viewalluserpresets;read;70;mod_data;0
314;mod/data:manageuserpresets;write;70;mod_data;20
315;mod/data:exportentry;read;70;mod_data;8
316;mod/data:exportownentry;read;70;mod_data;0
317;mod/data:exportallentries;read;70;mod_data;8
318;mod/data:exportuserinfo;read;70;mod_data;8
319;mod/data:view;read;70;mod_data;0
320;mod/feedback:addinstance;write;50;mod_feedback;4
321;mod/feedback:view;read;70;mod_feedback;0
322;mod/feedback:complete;write;70;mod_feedback;16
323;mod/feedback:viewanalysepage;read;70;mod_feedback;8
324;mod/feedback:deletesubmissions;write;70;mod_feedback;0
325;mod/feedback:mapcourse;write;70;mod_feedback;0
326;mod/feedback:edititems;write;70;mod_feedback;20
327;mod/feedback:createprivatetemplate;write;70;mod_feedback;16
328;mod/feedback:createpublictemplate;write;70;mod_feedback;16
329;mod/feedback:deletetemplate;write;70;mod_feedback;0
330;mod/feedback:viewreports;read;70;mod_feedback;8
331;mod/feedback:receivemail;read;70;mod_feedback;8
332;mod/folder:addinstance;write;50;mod_folder;4
333;mod/folder:view;read;70;mod_folder;0
334;mod/folder:managefiles;write;70;mod_folder;20
335;mod/forum:addinstance;write;50;mod_forum;4
336;mod/forum:viewdiscussion;read;70;mod_forum;0
337;mod/forum:viewhiddentimedposts;read;70;mod_forum;0
338;mod/forum:startdiscussion;write;70;mod_forum;16
339;mod/forum:replypost;write;70;mod_forum;16
340;mod/forum:addnews;write;70;mod_forum;16
341;mod/forum:replynews;write;70;mod_forum;16
342;mod/forum:viewrating;read;70;mod_forum;0
343;mod/forum:viewanyrating;read;70;mod_forum;8
344;mod/forum:viewallratings;read;70;mod_forum;8
345;mod/forum:rate;write;70;mod_forum;0
346;mod/forum:postprivatereply;write;70;mod_forum;0
347;mod/forum:readprivatereplies;read;70;mod_forum;0
348;mod/forum:createattachment;write;70;mod_forum;16
349;mod/forum:deleteownpost;write;70;mod_forum;0
350;mod/forum:deleteanypost;write;70;mod_forum;0
351;mod/forum:splitdiscussions;write;70;mod_forum;0
352;mod/forum:movediscussions;write;70;mod_forum;0
353;mod/forum:pindiscussions;write;70;mod_forum;0
354;mod/forum:editanypost;write;70;mod_forum;16
355;mod/forum:viewqandawithoutposting;read;70;mod_forum;0
356;mod/forum:viewsubscribers;read;70;mod_forum;0
357;mod/forum:managesubscriptions;write;70;mod_forum;16
358;mod/forum:postwithoutthrottling;write;70;mod_forum;16
359;mod/forum:exportdiscussion;read;70;mod_forum;8
360;mod/forum:exportforum;read;70;mod_forum;8
361;mod/forum:exportpost;read;70;mod_forum;8
362;mod/forum:exportownpost;read;70;mod_forum;8
363;mod/forum:addquestion;write;70;mod_forum;16
364;mod/forum:allowforcesubscribe;read;70;mod_forum;0
365;mod/forum:canposttomygroups;write;70;mod_forum;0
366;mod/forum:canoverridediscussionlock;write;70;mod_forum;0
367;mod/forum:canoverridecutoff;write;70;mod_forum;0
368;mod/forum:cantogglefavourite;write;70;mod_forum;0
369;mod/forum:grade;write;70;mod_forum;0
370;mod/glossary:addinstance;write;50;mod_glossary;4
371;mod/glossary:view;read;70;mod_glossary;0
372;mod/glossary:write;write;70;mod_glossary;16
373;mod/glossary:manageentries;write;70;mod_glossary;16
374;mod/glossary:managecategories;write;70;mod_glossary;16
375;mod/glossary:comment;write;70;mod_glossary;16
376;mod/glossary:managecomments;write;70;mod_glossary;16
377;mod/glossary:import;write;70;mod_glossary;16
378;mod/glossary:export;read;70;mod_glossary;0
379;mod/glossary:approve;write;70;mod_glossary;16
380;mod/glossary:rate;write;70;mod_glossary;0
381;mod/glossary:viewrating;read;70;mod_glossary;0
382;mod/glossary:viewanyrating;read;70;mod_glossary;8
383;mod/glossary:viewallratings;read;70;mod_glossary;8
384;mod/glossary:exportentry;read;70;mod_glossary;8
385;mod/glossary:exportownentry;read;70;mod_glossary;0
386;mod/h5pactivity:view;read;70;mod_h5pactivity;0
387;mod/h5pactivity:addinstance;write;50;mod_h5pactivity;0
388;mod/h5pactivity:submit;write;70;mod_h5pactivity;0
389;mod/h5pactivity:reviewattempts;read;70;mod_h5pactivity;0
390;mod/imscp:view;read;70;mod_imscp;0
391;mod/imscp:addinstance;write;50;mod_imscp;4
392;mod/label:addinstance;write;50;mod_label;4
393;mod/label:view;read;70;mod_label;0
394;mod/lesson:addinstance;write;50;mod_lesson;4
395;mod/lesson:edit;write;70;mod_lesson;4
396;mod/lesson:grade;write;70;mod_lesson;20
397;mod/lesson:viewreports;read;70;mod_lesson;8
398;mod/lesson:manage;write;70;mod_lesson;0
399;mod/lesson:manageoverrides;write;70;mod_lesson;0
400;mod/lesson:view;read;70;mod_lesson;0
401;mod/lti:view;read;70;mod_lti;0
402;mod/lti:addinstance;write;50;mod_lti;4
403;mod/lti:manage;write;70;mod_lti;8
404;mod/lti:admin;write;70;mod_lti;8
405;mod/lti:addcoursetool;write;50;mod_lti;0
406;mod/lti:addpreconfiguredinstance;write;50;mod_lti;0
407;mod/lti:addmanualinstance;write;50;mod_lti;0
408;mod/lti:requesttooladd;write;50;mod_lti;0
409;mod/page:view;read;70;mod_page;0
410;mod/page:addinstance;write;50;mod_page;4
411;mod/quiz:view;read;70;mod_quiz;0
412;mod/quiz:addinstance;write;50;mod_quiz;4
413;mod/quiz:attempt;write;70;mod_quiz;16
414;mod/quiz:reviewmyattempts;read;70;mod_quiz;0
415;mod/quiz:manage;write;70;mod_quiz;16
416;mod/quiz:manageoverrides;write;70;mod_quiz;0
417;mod/quiz:viewoverrides;read;70;mod_quiz;0
418;mod/quiz:preview;write;70;mod_quiz;0
419;mod/quiz:grade;write;70;mod_quiz;20
420;mod/quiz:regrade;write;70;mod_quiz;16
421;mod/quiz:viewreports;read;70;mod_quiz;8
422;mod/quiz:deleteattempts;write;70;mod_quiz;32
423;mod/quiz:reopenattempts;write;70;mod_quiz;0
424;mod/quiz:ignoretimelimits;read;70;mod_quiz;0
425;mod/quiz:emailconfirmsubmission;read;70;mod_quiz;0
426;mod/quiz:emailnotifysubmission;read;70;mod_quiz;0
427;mod/quiz:emailwarnoverdue;read;70;mod_quiz;0
428;mod/quiz:emailnotifyattemptgraded;read;70;mod_quiz;0
429;mod/resource:view;read;70;mod_resource;0
430;mod/resource:addinstance;write;50;mod_resource;4
431;mod/scorm:addinstance;write;50;mod_scorm;4
432;mod/scorm:viewreport;read;70;mod_scorm;0
433;mod/scorm:skipview;read;70;mod_scorm;0
434;mod/scorm:savetrack;write;70;mod_scorm;0
435;mod/scorm:viewscores;read;70;mod_scorm;0
436;mod/scorm:deleteresponses;write;70;mod_scorm;0
437;mod/scorm:deleteownresponses;write;70;mod_scorm;0
438;mod/survey:addinstance;write;50;mod_survey;4
439;mod/survey:participate;read;70;mod_survey;0
440;mod/survey:readresponses;read;70;mod_survey;0
441;mod/survey:download;read;70;mod_survey;0
442;mod/url:view;read;70;mod_url;0
443;mod/url:addinstance;write;50;mod_url;4
444;mod/wiki:addinstance;write;50;mod_wiki;4
445;mod/wiki:viewpage;read;70;mod_wiki;0
446;mod/wiki:editpage;write;70;mod_wiki;16
447;mod/wiki:createpage;write;70;mod_wiki;16
448;mod/wiki:viewcomment;read;70;mod_wiki;0
449;mod/wiki:editcomment;write;70;mod_wiki;16
450;mod/wiki:managecomment;write;70;mod_wiki;0
451;mod/wiki:managefiles;write;70;mod_wiki;0
452;mod/wiki:overridelock;write;70;mod_wiki;0
453;mod/wiki:managewiki;write;70;mod_wiki;0
454;mod/workshop:view;read;70;mod_workshop;0
455;mod/workshop:addinstance;write;50;mod_workshop;4
456;mod/workshop:switchphase;write;70;mod_workshop;0
457;mod/workshop:editdimensions;write;70;mod_workshop;4
458;mod/workshop:submit;write;70;mod_workshop;0
459;mod/workshop:peerassess;write;70;mod_workshop;0
460;mod/workshop:manageexamples;write;70;mod_workshop;0
461;mod/workshop:allocate;write;70;mod_workshop;0
462;mod/workshop:publishsubmissions;write;70;mod_workshop;0
463;mod/workshop:viewauthornames;read;70;mod_workshop;0
464;mod/workshop:viewreviewernames;read;70;mod_workshop;0
465;mod/workshop:viewallsubmissions;read;70;mod_workshop;0
466;mod/workshop:viewpublishedsubmissions;read;70;mod_workshop;0
467;mod/workshop:viewauthorpublished;read;70;mod_workshop;0
468;mod/workshop:viewallassessments;read;70;mod_workshop;0
469;mod/workshop:overridegrades;write;70;mod_workshop;0
470;mod/workshop:ignoredeadlines;write;70;mod_workshop;0
471;mod/workshop:deletesubmissions;write;70;mod_workshop;0
472;mod/workshop:exportsubmissions;read;70;mod_workshop;0
473;auth/oauth2:managelinkedlogins;write;30;auth_oauth2;0
474;enrol/category:synchronised;write;10;enrol_category;0
475;enrol/category:config;write;50;enrol_category;0
476;enrol/cohort:config;write;50;enrol_cohort;0
477;enrol/cohort:unenrol;write;50;enrol_cohort;0
478;enrol/database:unenrol;write;50;enrol_database;0
479;enrol/database:config;write;50;enrol_database;0
480;enrol/fee:config;write;50;enrol_fee;0
481;enrol/fee:manage;write;50;enrol_fee;0
482;enrol/fee:unenrol;write;50;enrol_fee;0
483;enrol/fee:unenrolself;write;50;enrol_fee;0
484;enrol/flatfile:manage;write;50;enrol_flatfile;0
485;enrol/flatfile:unenrol;write;50;enrol_flatfile;0
486;enrol/guest:config;write;50;enrol_guest;0
487;enrol/imsenterprise:config;write;50;enrol_imsenterprise;0
488;enrol/ldap:manage;write;50;enrol_ldap;0
489;enrol/lti:config;write;50;enrol_lti;0
490;enrol/lti:unenrol;write;50;enrol_lti;0
491;enrol/manual:config;write;50;enrol_manual;0
492;enrol/manual:enrol;write;50;enrol_manual;0
493;enrol/manual:manage;write;50;enrol_manual;0
494;enrol/manual:unenrol;write;50;enrol_manual;0
495;enrol/manual:unenrolself;write;50;enrol_manual;0
496;enrol/meta:config;write;50;enrol_meta;0
497;enrol/meta:selectaslinked;read;50;enrol_meta;0
498;enrol/meta:unenrol;write;50;enrol_meta;0
499;enrol/mnet:config;write;50;enrol_mnet;0
500;enrol/paypal:config;write;50;enrol_paypal;0
501;enrol/paypal:manage;write;50;enrol_paypal;0
502;enrol/paypal:unenrol;write;50;enrol_paypal;0
503;enrol/paypal:unenrolself;write;50;enrol_paypal;0
504;enrol/self:config;write;50;enrol_self;0
505;enrol/self:manage;write;50;enrol_self;0
506;enrol/self:holdkey;write;50;enrol_self;0
507;enrol/self:unenrolself;write;50;enrol_self;0
508;enrol/self:unenrol;write;50;enrol_self;0
509;enrol/self:enrolself;write;50;enrol_self;0
510;message/airnotifier:managedevice;write;10;message_airnotifier;0
511;block/accessreview:addinstance;write;80;block_accessreview;0
512;block/accessreview:view;read;80;block_accessreview;0
513;block/activity_modules:addinstance;write;80;block_activity_modules;20
514;block/activity_results:addinstance;write;80;block_activity_results;20
515;block/admin_bookmarks:myaddinstance;write;10;block_admin_bookmarks;0
516;block/admin_bookmarks:addinstance;write;80;block_admin_bookmarks;20
517;block/badges:addinstance;read;80;block_badges;0
518;block/badges:myaddinstance;read;10;block_badges;8
519;block/blog_menu:addinstance;write;80;block_blog_menu;20
520;block/blog_recent:addinstance;write;80;block_blog_recent;20
521;block/blog_tags:addinstance;write;80;block_blog_tags;20
522;block/calendar_month:myaddinstance;write;10;block_calendar_month;0
523;block/calendar_month:addinstance;write;80;block_calendar_month;20
524;block/calendar_upcoming:myaddinstance;write;10;block_calendar_upcoming;0
525;block/calendar_upcoming:addinstance;write;80;block_calendar_upcoming;20
526;block/comments:myaddinstance;write;10;block_comments;0
527;block/comments:addinstance;write;80;block_comments;20
528;block/completionstatus:addinstance;write;80;block_completionstatus;20
529;block/course_list:myaddinstance;write;10;block_course_list;0
530;block/course_list:addinstance;write;80;block_course_list;20
531;block/course_summary:addinstance;write;80;block_course_summary;20
532;block/feedback:addinstance;write;80;block_feedback;20
533;block/globalsearch:myaddinstance;write;10;block_globalsearch;0
534;block/globalsearch:addinstance;write;80;block_globalsearch;0
535;block/glossary_random:myaddinstance;write;10;block_glossary_random;0
536;block/glossary_random:addinstance;write;80;block_glossary_random;20
537;block/html:myaddinstance;write;10;block_html;0
538;block/html:addinstance;write;80;block_html;20
539;block/login:addinstance;write;80;block_login;20
540;block/lp:addinstance;write;10;block_lp;0
541;block/lp:myaddinstance;write;10;block_lp;0
542;block/mentees:myaddinstance;write;10;block_mentees;0
543;block/mentees:addinstance;write;80;block_mentees;20
544;block/mnet_hosts:myaddinstance;write;10;block_mnet_hosts;0
545;block/mnet_hosts:addinstance;write;80;block_mnet_hosts;20
546;block/myoverview:myaddinstance;write;10;block_myoverview;0
547;block/myprofile:myaddinstance;write;10;block_myprofile;0
548;block/myprofile:addinstance;write;80;block_myprofile;20
549;block/navigation:myaddinstance;write;10;block_navigation;0
550;block/navigation:addinstance;write;80;block_navigation;20
551;block/news_items:myaddinstance;write;10;block_news_items;0
552;block/news_items:addinstance;write;80;block_news_items;20
553;block/online_users:myaddinstance;write;10;block_online_users;0
554;block/online_users:addinstance;write;80;block_online_users;20
555;block/online_users:viewlist;read;80;block_online_users;0
556;block/private_files:myaddinstance;write;10;block_private_files;0
557;block/private_files:addinstance;write;80;block_private_files;20
558;block/recent_activity:addinstance;write;80;block_recent_activity;20
559;block/recent_activity:viewaddupdatemodule;read;50;block_recent_activity;0
560;block/recent_activity:viewdeletemodule;read;50;block_recent_activity;0
561;block/recentlyaccessedcourses:myaddinstance;write;10;block_recentlyaccessedcourses;0
562;block/recentlyaccesseditems:myaddinstance;write;10;block_recentlyaccesseditems;0
563;block/rss_client:myaddinstance;write;10;block_rss_client;0
564;block/rss_client:addinstance;write;80;block_rss_client;20
565;block/rss_client:manageownfeeds;write;80;block_rss_client;0
566;block/rss_client:manageanyfeeds;write;80;block_rss_client;16
567;block/search_forums:addinstance;write;80;block_search_forums;20
568;block/section_links:addinstance;write;80;block_section_links;20
569;block/selfcompletion:addinstance;write;80;block_selfcompletion;20
570;block/settings:myaddinstance;write;10;block_settings;0
571;block/settings:addinstance;write;80;block_settings;20
572;block/site_main_menu:addinstance;write;80;block_site_main_menu;20
573;block/social_activities:addinstance;write;80;block_social_activities;20
574;block/starredcourses:myaddinstance;write;10;block_starredcourses;0
575;block/tag_flickr:addinstance;write;80;block_tag_flickr;20
576;block/tag_youtube:addinstance;write;80;block_tag_youtube;20
577;block/tags:myaddinstance;write;10;block_tags;0
578;block/tags:addinstance;write;80;block_tags;20
579;block/timeline:myaddinstance;write;10;block_timeline;0
580;report/completion:view;read;50;report_completion;8
581;report/courseoverview:view;read;10;report_courseoverview;8
582;report/log:view;read;50;report_log;8
583;report/log:viewtoday;read;50;report_log;8
584;report/loglive:view;read;50;report_loglive;8
585;report/outline:view;read;50;report_outline;8
586;report/outline:viewuserreport;read;50;report_outline;8
587;report/participation:view;read;50;report_participation;8
588;report/performance:view;read;10;report_performance;2
589;report/progress:view;read;50;report_progress;8
590;report/questioninstances:view;read;10;report_questioninstances;0
591;report/security:view;read;10;report_security;2
592;report/stats:view;read;50;report_stats;8
593;report/status:view;read;10;report_status;2
594;report/usersessions:manageownsessions;write;30;report_usersessions;0
595;gradeexport/ods:view;read;50;gradeexport_ods;8
596;gradeexport/ods:publish;read;50;gradeexport_ods;8
597;gradeexport/txt:view;read;50;gradeexport_txt;8
598;gradeexport/txt:publish;read;50;gradeexport_txt;8
599;gradeexport/xls:view;read;50;gradeexport_xls;8
600;gradeexport/xls:publish;read;50;gradeexport_xls;8
601;gradeexport/xml:view;read;50;gradeexport_xml;8
602;gradeexport/xml:publish;read;50;gradeexport_xml;8
603;gradeimport/csv:view;write;50;gradeimport_csv;0
604;gradeimport/direct:view;write;50;gradeimport_direct;0
605;gradeimport/xml:view;write;50;gradeimport_xml;0
606;gradeimport/xml:publish;write;50;gradeimport_xml;0
607;gradereport/grader:view;read;50;gradereport_grader;8
608;gradereport/history:view;read;50;gradereport_history;8
609;gradereport/outcomes:view;read;50;gradereport_outcomes;8
610;gradereport/overview:view;read;50;gradereport_overview;8
611;gradereport/singleview:view;read;50;gradereport_singleview;8
612;gradereport/summary:view;read;50;gradereport_summary;8
613;gradereport/user:view;read;50;gradereport_user;8
614;webservice/rest:use;read;50;webservice_rest;0
615;webservice/soap:use;read;50;webservice_soap;0
616;repository/areafiles:view;read;70;repository_areafiles;0
617;repository/contentbank:view;read;70;repository_contentbank;0
618;repository/contentbank:accesscoursecontent;read;50;repository_contentbank;0
619;repository/contentbank:accesscoursecategorycontent;read;40;repository_contentbank;0
620;repository/contentbank:accessgeneralcontent;read;40;repository_contentbank;0
621;repository/coursefiles:view;read;70;repository_coursefiles;0
622;repository/dropbox:view;read;70;repository_dropbox;0
623;repository/equella:view;read;70;repository_equella;0
624;repository/filesystem:view;read;70;repository_filesystem;0
625;repository/flickr:view;read;70;repository_flickr;0
626;repository/flickr_public:view;read;70;repository_flickr_public;0
627;repository/googledocs:view;read;70;repository_googledocs;0
628;repository/local:view;read;70;repository_local;0
629;repository/merlot:view;read;70;repository_merlot;0
630;repository/nextcloud:view;read;70;repository_nextcloud;0
631;repository/onedrive:view;read;70;repository_onedrive;0
632;repository/recent:view;read;70;repository_recent;0
633;repository/s3:view;read;70;repository_s3;0
634;repository/upload:view;read;70;repository_upload;0
635;repository/url:view;read;70;repository_url;0
636;repository/user:view;read;70;repository_user;0
637;repository/webdav:view;read;70;repository_webdav;0
638;repository/wikimedia:view;read;70;repository_wikimedia;0
639;repository/youtube:view;read;70;repository_youtube;0
640;moodle/question:commentmine;write;50;qbank_comment;0
641;moodle/question:commentall;write;50;qbank_comment;0
642;qbank/customfields:changelockedcustomfields;write;50;qbank_customfields;16
643;qbank/customfields:configurecustomfields;write;10;qbank_customfields;16
644;qbank/customfields:viewhiddencustomfields;read;50;qbank_customfields;0
645;tool/brickfield:viewcoursetools;read;50;tool_brickfield;8
646;tool/brickfield:viewsystemtools;read;10;tool_brickfield;2
647;tool/customlang:view;read;10;tool_customlang;2
648;tool/customlang:edit;write;10;tool_customlang;6
649;tool/customlang:export;read;10;tool_customlang;2
650;tool/dataprivacy:managedatarequests;write;10;tool_dataprivacy;60
651;tool/dataprivacy:requestdeleteforotheruser;write;10;tool_dataprivacy;60
652;tool/dataprivacy:managedataregistry;write;10;tool_dataprivacy;60
653;tool/dataprivacy:makedatarequestsforchildren;write;30;tool_dataprivacy;24
654;tool/dataprivacy:makedatadeletionrequestsforchildren;write;30;tool_dataprivacy;24
655;tool/dataprivacy:downloadownrequest;read;30;tool_dataprivacy;0
656;tool/dataprivacy:downloadallrequests;read;30;tool_dataprivacy;8
657;tool/dataprivacy:requestdelete;write;30;tool_dataprivacy;32
658;tool/lpmigrate:frameworksmigrate;write;10;tool_lpmigrate;0
659;tool/monitor:subscribe;read;50;tool_monitor;8
660;tool/monitor:managerules;write;50;tool_monitor;4
661;tool/monitor:managetool;write;10;tool_monitor;4
662;tool/policy:accept;write;10;tool_policy;0
663;tool/policy:acceptbehalf;write;30;tool_policy;8
664;tool/policy:managedocs;write;10;tool_policy;0
665;tool/policy:viewacceptances;read;10;tool_policy;0
666;tool/recyclebin:deleteitems;write;50;tool_recyclebin;32
667;tool/recyclebin:restoreitems;write;50;tool_recyclebin;0
668;tool/recyclebin:viewitems;read;50;tool_recyclebin;0
669;tool/uploaduser:uploaduserpictures;write;10;tool_uploaduser;16
670;tool/usertours:managetours;write;10;tool_usertours;4
671;contenttype/h5p:access;read;50;contenttype_h5p;0
672;contenttype/h5p:upload;write;50;contenttype_h5p;16
673;contenttype/h5p:useeditor;write;50;contenttype_h5p;16
674;booktool/exportimscp:export;read;70;booktool_exportimscp;0
675;booktool/importhtml:import;write;70;booktool_importhtml;4
676;booktool/print:print;read;70;booktool_print;0
677;forumreport/summary:view;read;70;forumreport_summary;0
678;forumreport/summary:viewall;read;70;forumreport_summary;8
679;quiz/grading:viewstudentnames;read;70;quiz_grading;0
680;quiz/grading:viewidnumber;read;70;quiz_grading;0
681;quiz/statistics:view;read;70;quiz_statistics;0
682;quizaccess/seb:managetemplates;write;10;quizaccess_seb;0
683;quizaccess/seb:bypassseb;read;70;quizaccess_seb;0
684;quizaccess/seb:manage_seb_requiresafeexambrowser;write;70;quizaccess_seb;0
685;quizaccess/seb:manage_seb_templateid;read;70;quizaccess_seb;0
686;quizaccess/seb:manage_filemanager_sebconfigfile;write;70;quizaccess_seb;0
687;quizaccess/seb:manage_seb_showsebdownloadlink;write;70;quizaccess_seb;0
688;quizaccess/seb:manage_seb_allowedbrowserexamkeys;write;70;quizaccess_seb;0
689;quizaccess/seb:manage_seb_linkquitseb;write;70;quizaccess_seb;0
690;quizaccess/seb:manage_seb_userconfirmquit;write;70;quizaccess_seb;0
691;quizaccess/seb:manage_seb_allowuserquitseb;write;70;quizaccess_seb;0
692;quizaccess/seb:manage_seb_quitpassword;write;70;quizaccess_seb;0
693;quizaccess/seb:manage_seb_allowreloadinexam;write;70;quizaccess_seb;0
694;quizaccess/seb:manage_seb_showsebtaskbar;write;70;quizaccess_seb;0
695;quizaccess/seb:manage_seb_showreloadbutton;write;70;quizaccess_seb;0
696;quizaccess/seb:manage_seb_showtime;write;70;quizaccess_seb;0
697;quizaccess/seb:manage_seb_showkeyboardlayout;write;70;quizaccess_seb;0
698;quizaccess/seb:manage_seb_showwificontrol;write;70;quizaccess_seb;0
699;quizaccess/seb:manage_seb_enableaudiocontrol;write;70;quizaccess_seb;0
700;quizaccess/seb:manage_seb_muteonstartup;write;70;quizaccess_seb;0
701;quizaccess/seb:manage_seb_allowspellchecking;write;70;quizaccess_seb;0
702;quizaccess/seb:manage_seb_activateurlfiltering;write;70;quizaccess_seb;0
703;quizaccess/seb:manage_seb_filterembeddedcontent;write;70;quizaccess_seb;0
704;quizaccess/seb:manage_seb_expressionsallowed;write;70;quizaccess_seb;0
705;quizaccess/seb:manage_seb_regexallowed;write;70;quizaccess_seb;0
706;quizaccess/seb:manage_seb_expressionsblocked;write;70;quizaccess_seb;0
707;quizaccess/seb:manage_seb_regexblocked;write;70;quizaccess_seb;0
708;atto/h5p:addembed;write;70;atto_h5p;0
709;atto/recordrtc:recordaudio;write;70;atto_recordrtc;0
710;atto/recordrtc:recordvideo;write;70;atto_recordrtc;0
711;tiny/h5p:addembed;write;70;tiny_h5p;0
712;tiny/recordrtc:recordaudio;write;70;tiny_recordrtc;0
713;tiny/recordrtc:recordvideo;write;70;tiny_recordrtc;0
