1;1;1;moodle/site:configview;1;1685508970;0
2;1;2;moodle/site:configview;1;1685508970;0
3;1;1;moodle/site:readallmessages;1;1685508970;0
4;1;3;moodle/site:readallmessages;1;1685508970;0
5;1;1;moodle/site:manageallmessaging;1;1685508970;0
6;1;1;moodle/site:deleteanymessage;1;1685508970;0
7;1;1;moodle/site:sendmessage;1;1685508970;0
8;1;7;moodle/site:sendmessage;1;1685508970;0
9;1;7;moodle/site:senderrormessage;1;1685508970;0
10;1;7;moodle/site:deleteownmessage;1;1685508971;0
11;1;1;moodle/site:approvecourse;1;1685508971;0
12;1;3;moodle/backup:backupcourse;1;1685508971;0
13;1;1;moodle/backup:backupcourse;1;1685508971;0
14;1;3;moodle/backup:backupsection;1;1685508971;0
15;1;1;moodle/backup:backupsection;1;1685508971;0
16;1;3;moodle/backup:backupactivity;1;1685508971;0
17;1;1;moodle/backup:backupactivity;1;1685508971;0
18;1;3;moodle/backup:backuptargetimport;1;1685508971;0
19;1;1;moodle/backup:backuptargetimport;1;1685508971;0
20;1;3;moodle/backup:downloadfile;1;1685508971;0
21;1;1;moodle/backup:downloadfile;1;1685508971;0
22;1;3;moodle/backup:configure;1;1685508971;0
23;1;1;moodle/backup:configure;1;1685508971;0
24;1;1;moodle/backup:userinfo;1;1685508971;0
25;1;1;moodle/backup:anonymise;1;1685508971;0
26;1;3;moodle/restore:restorecourse;1;1685508971;0
27;1;1;moodle/restore:restorecourse;1;1685508971;0
28;1;3;moodle/restore:restoresection;1;1685508971;0
29;1;1;moodle/restore:restoresection;1;1685508971;0
30;1;3;moodle/restore:restoreactivity;1;1685508971;0
31;1;1;moodle/restore:restoreactivity;1;1685508971;0
32;1;3;moodle/restore:viewautomatedfilearea;1;1685508971;0
33;1;1;moodle/restore:viewautomatedfilearea;1;1685508971;0
34;1;3;moodle/restore:restoretargetimport;1;1685508971;0
35;1;1;moodle/restore:restoretargetimport;1;1685508971;0
36;1;3;moodle/restore:uploadfile;1;1685508971;0
37;1;1;moodle/restore:uploadfile;1;1685508971;0
38;1;3;moodle/restore:configure;1;1685508971;0
39;1;1;moodle/restore:configure;1;1685508971;0
40;1;2;moodle/restore:rolldates;1;1685508971;0
41;1;1;moodle/restore:rolldates;1;1685508971;0
42;1;1;moodle/restore:userinfo;1;1685508971;0
43;1;1;moodle/restore:createuser;1;1685508971;0
44;1;3;moodle/site:manageblocks;1;1685508971;0
45;1;1;moodle/site:manageblocks;1;1685508971;0
46;1;3;moodle/site:accessallgroups;1;1685508971;0
47;1;1;moodle/site:accessallgroups;1;1685508971;0
48;1;1;moodle/site:viewanonymousevents;1;1685508971;0
49;1;4;moodle/site:viewfullnames;1;1685508971;0
50;1;3;moodle/site:viewfullnames;1;1685508971;0
51;1;1;moodle/site:viewfullnames;1;1685508972;0
52;1;4;moodle/site:viewuseridentity;1;1685508972;0
53;1;3;moodle/site:viewuseridentity;1;1685508972;0
54;1;1;moodle/site:viewuseridentity;1;1685508972;0
55;1;4;moodle/site:viewreports;1;1685508972;0
56;1;3;moodle/site:viewreports;1;1685508972;0
57;1;1;moodle/site:viewreports;1;1685508972;0
58;1;3;moodle/site:trustcontent;1;1685508972;0
59;1;1;moodle/site:trustcontent;1;1685508972;0
60;1;1;moodle/site:uploadusers;1;1685508972;0
61;1;3;moodle/filter:manage;1;1685508972;0
62;1;1;moodle/filter:manage;1;1685508972;0
63;1;1;moodle/user:create;1;1685508972;0
64;1;1;moodle/user:delete;1;1685508972;0
65;1;1;moodle/user:update;1;1685508972;0
66;1;6;moodle/user:viewdetails;1;1685508972;0
67;1;5;moodle/user:viewdetails;1;1685508972;0
68;1;4;moodle/user:viewdetails;1;1685508972;0
69;1;3;moodle/user:viewdetails;1;1685508972;0
70;1;1;moodle/user:viewdetails;1;1685508972;0
71;1;1;moodle/user:viewalldetails;1;1685508972;0
72;1;1;moodle/user:viewlastip;1;1685508972;0
73;1;4;moodle/user:viewhiddendetails;1;1685508972;0
74;1;3;moodle/user:viewhiddendetails;1;1685508972;0
75;1;1;moodle/user:viewhiddendetails;1;1685508972;0
76;1;1;moodle/user:loginas;1;1685508972;0
77;1;1;moodle/user:managesyspages;1;1685508972;0
78;1;7;moodle/user:manageownblocks;1;1685508972;0
79;1;7;moodle/user:manageownfiles;1;1685508972;0
80;1;1;moodle/my:configsyspages;1;1685508972;0
81;1;3;moodle/role:assign;1;1685508972;0
82;1;1;moodle/role:assign;1;1685508972;0
83;1;4;moodle/role:review;1;1685508972;0
84;1;3;moodle/role:review;1;1685508972;0
85;1;1;moodle/role:review;1;1685508972;0
86;1;1;moodle/role:override;1;1685508972;0
87;1;3;moodle/role:safeoverride;1;1685508972;0
88;1;1;moodle/role:manage;1;1685508972;0
89;1;3;moodle/role:switchroles;1;1685508972;0
90;1;1;moodle/role:switchroles;1;1685508972;0
91;1;1;moodle/category:manage;1;1685508972;0
92;1;6;moodle/category:viewcourselist;1;1685508972;0
93;1;7;moodle/category:viewcourselist;1;1685508972;0
94;1;2;moodle/category:viewhiddencategories;1;1685508973;0
95;1;1;moodle/category:viewhiddencategories;1;1685508973;0
96;1;1;moodle/cohort:manage;1;1685508973;0
97;1;1;moodle/cohort:assign;1;1685508973;0
98;1;3;moodle/cohort:view;1;1685508973;0
99;1;1;moodle/cohort:view;1;1685508973;0
100;1;2;moodle/course:create;1;1685508973;0
101;1;1;moodle/course:create;1;1685508973;0
102;1;3;moodle/course:creategroupconversations;1;1685508973;0
103;1;1;moodle/course:creategroupconversations;1;1685508973;0
104;1;1;moodle/course:delete;1;1685508973;0
105;1;3;moodle/course:update;1;1685508973;0
106;1;1;moodle/course:update;1;1685508973;0
107;1;1;moodle/course:view;1;1685508973;0
108;1;3;moodle/course:enrolreview;1;1685508973;0
109;1;1;moodle/course:enrolreview;1;1685508973;0
110;1;3;moodle/course:enrolconfig;1;1685508973;0
111;1;1;moodle/course:enrolconfig;1;1685508973;0
112;1;3;moodle/course:reviewotherusers;1;1685508973;0
113;1;1;moodle/course:reviewotherusers;1;1685508973;0
114;1;4;moodle/course:bulkmessaging;1;1685508973;0
115;1;3;moodle/course:bulkmessaging;1;1685508973;0
116;1;1;moodle/course:bulkmessaging;1;1685508973;0
117;1;4;moodle/course:viewhiddenuserfields;1;1685508973;0
118;1;3;moodle/course:viewhiddenuserfields;1;1685508973;0
119;1;1;moodle/course:viewhiddenuserfields;1;1685508973;0
120;1;2;moodle/course:viewhiddencourses;1;1685508973;0
121;1;4;moodle/course:viewhiddencourses;1;1685508973;0
122;1;3;moodle/course:viewhiddencourses;1;1685508973;0
123;1;1;moodle/course:viewhiddencourses;1;1685508973;0
124;1;3;moodle/course:visibility;1;1685508973;0
125;1;1;moodle/course:visibility;1;1685508973;0
126;1;3;moodle/course:managefiles;1;1685508973;0
127;1;1;moodle/course:managefiles;1;1685508973;0
128;1;1;moodle/course:ignoreavailabilityrestrictions;1;1685508973;0
129;1;2;moodle/course:ignoreavailabilityrestrictions;1;1685508973;0
130;1;3;moodle/course:ignoreavailabilityrestrictions;1;1685508973;0
131;1;4;moodle/course:ignoreavailabilityrestrictions;1;1685508973;0
132;1;3;moodle/course:manageactivities;1;1685508973;0
133;1;1;moodle/course:manageactivities;1;1685508973;0
134;1;3;moodle/course:activityvisibility;1;1685508973;0
135;1;1;moodle/course:activityvisibility;1;1685508974;0
136;1;4;moodle/course:viewhiddenactivities;1;1685508974;0
137;1;3;moodle/course:viewhiddenactivities;1;1685508974;0
138;1;1;moodle/course:viewhiddenactivities;1;1685508974;0
139;1;5;moodle/course:viewparticipants;1;1685508974;0
140;1;4;moodle/course:viewparticipants;1;1685508974;0
141;1;3;moodle/course:viewparticipants;1;1685508974;0
142;1;1;moodle/course:viewparticipants;1;1685508974;0
143;1;3;moodle/course:changefullname;1;1685508974;0
144;1;1;moodle/course:changefullname;1;1685508974;0
145;1;3;moodle/course:changeshortname;1;1685508974;0
146;1;1;moodle/course:changeshortname;1;1685508974;0
147;1;1;moodle/course:changelockedcustomfields;1;1685508974;0
148;1;3;moodle/course:renameroles;1;1685508974;0
149;1;1;moodle/course:renameroles;1;1685508974;0
150;1;3;moodle/course:changeidnumber;1;1685508974;0
151;1;1;moodle/course:changeidnumber;1;1685508974;0
152;1;3;moodle/course:changecategory;1;1685508974;0
153;1;1;moodle/course:changecategory;1;1685508974;0
154;1;3;moodle/course:changesummary;1;1685508974;0
155;1;1;moodle/course:changesummary;1;1685508974;0
156;1;3;moodle/course:setforcedlanguage;1;1685508974;0
157;1;1;moodle/course:setforcedlanguage;1;1685508974;0
158;1;1;moodle/site:viewparticipants;1;1685508974;0
159;1;5;moodle/course:isincompletionreports;1;1685508974;0
160;1;5;moodle/course:viewscales;1;1685508974;0
161;1;4;moodle/course:viewscales;1;1685508974;0
162;1;3;moodle/course:viewscales;1;1685508974;0
163;1;1;moodle/course:viewscales;1;1685508974;0
164;1;3;moodle/course:managescales;1;1685508974;0
165;1;1;moodle/course:managescales;1;1685508974;0
166;1;3;moodle/course:managegroups;1;1685508974;0
167;1;1;moodle/course:managegroups;1;1685508974;0
168;1;4;moodle/course:viewhiddengroups;1;1685508974;0
169;1;3;moodle/course:viewhiddengroups;1;1685508974;0
170;1;1;moodle/course:viewhiddengroups;1;1685508974;0
171;1;3;moodle/course:reset;1;1685508974;0
172;1;1;moodle/course:reset;1;1685508974;0
173;1;3;moodle/course:viewsuspendedusers;1;1685508974;0
174;1;1;moodle/course:viewsuspendedusers;1;1685508975;0
175;1;1;moodle/course:tag;1;1685508975;0
176;1;3;moodle/course:tag;1;1685508975;0
177;1;6;moodle/blog:view;1;1685508975;0
178;1;7;moodle/blog:view;1;1685508975;0
179;1;5;moodle/blog:view;1;1685508975;0
180;1;4;moodle/blog:view;1;1685508975;0
181;1;3;moodle/blog:view;1;1685508975;0
182;1;1;moodle/blog:view;1;1685508975;0
183;1;6;moodle/blog:search;1;1685508975;0
184;1;7;moodle/blog:search;1;1685508975;0
185;1;5;moodle/blog:search;1;1685508975;0
186;1;4;moodle/blog:search;1;1685508975;0
187;1;3;moodle/blog:search;1;1685508975;0
188;1;1;moodle/blog:search;1;1685508975;0
189;1;1;moodle/blog:viewdrafts;1;1685508975;0
190;1;7;moodle/blog:create;1;1685508975;0
191;1;1;moodle/blog:create;1;1685508975;0
192;1;4;moodle/blog:manageentries;1;1685508975;0
193;1;3;moodle/blog:manageentries;1;1685508975;0
194;1;1;moodle/blog:manageentries;1;1685508975;0
195;1;5;moodle/blog:manageexternal;1;1685508975;0
196;1;7;moodle/blog:manageexternal;1;1685508975;0
197;1;4;moodle/blog:manageexternal;1;1685508975;0
198;1;3;moodle/blog:manageexternal;1;1685508975;0
199;1;1;moodle/blog:manageexternal;1;1685508975;0
200;1;7;moodle/calendar:manageownentries;1;1685508975;0
201;1;1;moodle/calendar:manageownentries;1;1685508975;0
202;1;4;moodle/calendar:managegroupentries;1;1685508975;0
203;1;3;moodle/calendar:managegroupentries;1;1685508975;0
204;1;1;moodle/calendar:managegroupentries;1;1685508975;0
205;1;4;moodle/calendar:manageentries;1;1685508975;0
206;1;3;moodle/calendar:manageentries;1;1685508975;0
207;1;1;moodle/calendar:manageentries;1;1685508975;0
208;1;1;moodle/user:editprofile;1;1685508975;0
209;1;6;moodle/user:editownprofile;-1000;1685508975;0
210;1;7;moodle/user:editownprofile;1;1685508975;0
211;1;1;moodle/user:editownprofile;1;1685508975;0
212;1;6;moodle/user:changeownpassword;-1000;1685508975;0
213;1;7;moodle/user:changeownpassword;1;1685508976;0
214;1;1;moodle/user:changeownpassword;1;1685508976;0
215;1;5;moodle/user:readuserposts;1;1685508976;0
216;1;4;moodle/user:readuserposts;1;1685508976;0
217;1;3;moodle/user:readuserposts;1;1685508976;0
218;1;1;moodle/user:readuserposts;1;1685508976;0
219;1;5;moodle/user:readuserblogs;1;1685508976;0
220;1;4;moodle/user:readuserblogs;1;1685508976;0
221;1;3;moodle/user:readuserblogs;1;1685508976;0
222;1;1;moodle/user:readuserblogs;1;1685508976;0
223;1;1;moodle/user:editmessageprofile;1;1685508976;0
224;1;6;moodle/user:editownmessageprofile;-1000;1685508976;0
225;1;7;moodle/user:editownmessageprofile;1;1685508976;0
226;1;1;moodle/user:editownmessageprofile;1;1685508976;0
227;1;3;moodle/question:managecategory;1;1685508976;0
228;1;1;moodle/question:managecategory;1;1685508976;0
229;1;3;moodle/question:add;1;1685508976;0
230;1;1;moodle/question:add;1;1685508976;0
231;1;3;moodle/question:editmine;1;1685508976;0
232;1;1;moodle/question:editmine;1;1685508976;0
233;1;3;moodle/question:editall;1;1685508976;0
234;1;1;moodle/question:editall;1;1685508976;0
235;1;3;moodle/question:viewmine;1;1685508976;0
236;1;1;moodle/question:viewmine;1;1685508976;0
237;1;3;moodle/question:viewall;1;1685508976;0
238;1;1;moodle/question:viewall;1;1685508976;0
239;1;3;moodle/question:usemine;1;1685508976;0
240;1;1;moodle/question:usemine;1;1685508976;0
241;1;3;moodle/question:useall;1;1685508976;0
242;1;1;moodle/question:useall;1;1685508976;0
243;1;3;moodle/question:movemine;1;1685508976;0
244;1;1;moodle/question:movemine;1;1685508976;0
245;1;3;moodle/question:moveall;1;1685508976;0
246;1;1;moodle/question:moveall;1;1685508976;0
247;1;1;moodle/question:config;1;1685508976;0
248;1;5;moodle/question:flag;1;1685508976;0
249;1;4;moodle/question:flag;1;1685508976;0
250;1;3;moodle/question:flag;1;1685508976;0
251;1;1;moodle/question:flag;1;1685508976;0
252;1;3;moodle/question:tagmine;1;1685508976;0
253;1;1;moodle/question:tagmine;1;1685508977;0
254;1;3;moodle/question:tagall;1;1685508977;0
255;1;1;moodle/question:tagall;1;1685508977;0
256;1;4;moodle/site:doclinks;1;1685508977;0
257;1;3;moodle/site:doclinks;1;1685508977;0
258;1;1;moodle/site:doclinks;1;1685508977;0
259;1;3;moodle/course:sectionvisibility;1;1685508977;0
260;1;1;moodle/course:sectionvisibility;1;1685508977;0
261;1;3;moodle/course:useremail;1;1685508977;0
262;1;1;moodle/course:useremail;1;1685508977;0
263;1;3;moodle/course:viewhiddensections;1;1685508977;0
264;1;1;moodle/course:viewhiddensections;1;1685508977;0
265;1;3;moodle/course:setcurrentsection;1;1685508977;0
266;1;1;moodle/course:setcurrentsection;1;1685508977;0
267;1;3;moodle/course:movesections;1;1685508977;0
268;1;1;moodle/course:movesections;1;1685508977;0
269;1;4;moodle/grade:viewall;1;1685508977;0
270;1;3;moodle/grade:viewall;1;1685508977;0
271;1;1;moodle/grade:viewall;1;1685508977;0
272;1;5;moodle/grade:view;1;1685508977;0
273;1;4;moodle/grade:viewhidden;1;1685508977;0
274;1;3;moodle/grade:viewhidden;1;1685508977;0
275;1;1;moodle/grade:viewhidden;1;1685508977;0
276;1;3;moodle/grade:import;1;1685508977;0
277;1;1;moodle/grade:import;1;1685508977;0
278;1;4;moodle/grade:export;1;1685508977;0
279;1;3;moodle/grade:export;1;1685508977;0
280;1;1;moodle/grade:export;1;1685508977;0
281;1;3;moodle/grade:manage;1;1685508978;0
282;1;1;moodle/grade:manage;1;1685508978;0
283;1;3;moodle/grade:edit;1;1685508978;0
284;1;1;moodle/grade:edit;1;1685508978;0
285;1;3;moodle/grade:managegradingforms;1;1685508978;0
286;1;1;moodle/grade:managegradingforms;1;1685508978;0
287;1;1;moodle/grade:sharegradingforms;1;1685508978;0
288;1;1;moodle/grade:managesharedforms;1;1685508978;0
289;1;3;moodle/grade:manageoutcomes;1;1685508978;0
290;1;1;moodle/grade:manageoutcomes;1;1685508978;0
291;1;3;moodle/grade:manageletters;1;1685508978;0
292;1;1;moodle/grade:manageletters;1;1685508978;0
293;1;3;moodle/grade:hide;1;1685508978;0
294;1;1;moodle/grade:hide;1;1685508978;0
295;1;3;moodle/grade:lock;1;1685508978;0
296;1;1;moodle/grade:lock;1;1685508978;0
297;1;3;moodle/grade:unlock;1;1685508978;0
298;1;1;moodle/grade:unlock;1;1685508978;0
299;1;7;moodle/my:manageblocks;1;1685508978;0
300;1;4;moodle/notes:view;1;1685508978;0
301;1;3;moodle/notes:view;1;1685508978;0
302;1;1;moodle/notes:view;1;1685508978;0
303;1;4;moodle/notes:manage;1;1685508978;0
304;1;3;moodle/notes:manage;1;1685508978;0
305;1;1;moodle/notes:manage;1;1685508978;0
306;1;1;moodle/tag:manage;1;1685508978;0
307;1;1;moodle/tag:edit;1;1685508978;0
308;1;7;moodle/tag:flag;1;1685508978;0
309;1;4;moodle/tag:editblocks;1;1685508978;0
310;1;3;moodle/tag:editblocks;1;1685508978;0
311;1;1;moodle/tag:editblocks;1;1685508978;0
312;1;6;moodle/block:view;1;1685508978;0
313;1;7;moodle/block:view;1;1685508978;0
314;1;5;moodle/block:view;1;1685508978;0
315;1;4;moodle/block:view;1;1685508978;0
316;1;3;moodle/block:view;1;1685508978;0
317;1;3;moodle/block:edit;1;1685508978;0
318;1;1;moodle/block:edit;1;1685508978;0
319;1;7;moodle/portfolio:export;1;1685508978;0
320;1;5;moodle/portfolio:export;1;1685508979;0
321;1;4;moodle/portfolio:export;1;1685508979;0
322;1;3;moodle/portfolio:export;1;1685508979;0
323;1;8;moodle/comment:view;1;1685508979;0
324;1;6;moodle/comment:view;1;1685508979;0
325;1;7;moodle/comment:view;1;1685508979;0
326;1;5;moodle/comment:view;1;1685508979;0
327;1;4;moodle/comment:view;1;1685508979;0
328;1;3;moodle/comment:view;1;1685508979;0
329;1;1;moodle/comment:view;1;1685508979;0
330;1;7;moodle/comment:post;1;1685508979;0
331;1;5;moodle/comment:post;1;1685508979;0
332;1;4;moodle/comment:post;1;1685508979;0
333;1;3;moodle/comment:post;1;1685508979;0
334;1;1;moodle/comment:post;1;1685508979;0
335;1;3;moodle/comment:delete;1;1685508979;0
336;1;1;moodle/comment:delete;1;1685508979;0
337;1;1;moodle/webservice:createtoken;1;1685508979;0
338;1;7;moodle/webservice:createmobiletoken;1;1685508979;0
339;1;7;moodle/rating:view;1;1685508979;0
340;1;5;moodle/rating:view;1;1685508979;0
341;1;4;moodle/rating:view;1;1685508979;0
342;1;3;moodle/rating:view;1;1685508979;0
343;1;1;moodle/rating:view;1;1685508979;0
344;1;7;moodle/rating:viewany;1;1685508979;0
345;1;5;moodle/rating:viewany;1;1685508979;0
346;1;4;moodle/rating:viewany;1;1685508979;0
347;1;3;moodle/rating:viewany;1;1685508979;0
348;1;1;moodle/rating:viewany;1;1685508979;0
349;1;7;moodle/rating:viewall;1;1685508979;0
350;1;5;moodle/rating:viewall;1;1685508979;0
351;1;4;moodle/rating:viewall;1;1685508979;0
352;1;3;moodle/rating:viewall;1;1685508979;0
353;1;1;moodle/rating:viewall;1;1685508979;0
354;1;7;moodle/rating:rate;1;1685508979;0
355;1;5;moodle/rating:rate;1;1685508979;0
356;1;4;moodle/rating:rate;1;1685508979;0
357;1;3;moodle/rating:rate;1;1685508979;0
358;1;1;moodle/rating:rate;1;1685508979;0
359;1;4;moodle/course:markcomplete;1;1685508979;0
360;1;3;moodle/course:markcomplete;1;1685508979;0
361;1;1;moodle/course:markcomplete;1;1685508979;0
362;1;4;moodle/course:overridecompletion;1;1685508980;0
363;1;3;moodle/course:overridecompletion;1;1685508980;0
364;1;1;moodle/course:overridecompletion;1;1685508980;0
365;1;1;moodle/badges:manageglobalsettings;1;1685508980;0
366;1;7;moodle/badges:viewbadges;1;1685508980;0
367;1;7;moodle/badges:manageownbadges;1;1685508980;0
368;1;7;moodle/badges:viewotherbadges;1;1685508980;0
369;1;7;moodle/badges:earnbadge;1;1685508980;0
370;1;1;moodle/badges:createbadge;1;1685508980;0
371;1;3;moodle/badges:createbadge;1;1685508980;0
372;1;1;moodle/badges:deletebadge;1;1685508980;0
373;1;3;moodle/badges:deletebadge;1;1685508980;0
374;1;1;moodle/badges:configuredetails;1;1685508980;0
375;1;3;moodle/badges:configuredetails;1;1685508980;0
376;1;1;moodle/badges:configurecriteria;1;1685508980;0
377;1;3;moodle/badges:configurecriteria;1;1685508980;0
378;1;1;moodle/badges:configuremessages;1;1685508980;0
379;1;3;moodle/badges:configuremessages;1;1685508980;0
380;1;1;moodle/badges:awardbadge;1;1685508980;0
381;1;4;moodle/badges:awardbadge;1;1685508980;0
382;1;3;moodle/badges:awardbadge;1;1685508980;0
383;1;1;moodle/badges:revokebadge;1;1685508980;0
384;1;4;moodle/badges:revokebadge;1;1685508980;0
385;1;3;moodle/badges:revokebadge;1;1685508980;0
386;1;1;moodle/badges:viewawarded;1;1685508980;0
387;1;4;moodle/badges:viewawarded;1;1685508980;0
388;1;3;moodle/badges:viewawarded;1;1685508980;0
389;1;6;moodle/search:query;1;1685508980;0
390;1;7;moodle/search:query;1;1685508980;0
391;1;5;moodle/search:query;1;1685508980;0
392;1;4;moodle/search:query;1;1685508980;0
393;1;3;moodle/search:query;1;1685508980;0
394;1;1;moodle/search:query;1;1685508980;0
395;1;1;moodle/competency:competencymanage;1;1685508980;0
396;1;7;moodle/competency:competencyview;1;1685508980;0
397;1;3;moodle/competency:competencygrade;1;1685508980;0
398;1;4;moodle/competency:competencygrade;1;1685508980;0
399;1;1;moodle/competency:competencygrade;1;1685508980;0
400;1;3;moodle/competency:coursecompetencymanage;1;1685508981;0
401;1;1;moodle/competency:coursecompetencymanage;1;1685508981;0
402;1;1;moodle/competency:coursecompetencyconfigure;1;1685508981;0
403;1;5;moodle/competency:coursecompetencygradable;1;1685508981;0
404;1;7;moodle/competency:coursecompetencyview;1;1685508981;0
405;1;1;moodle/competency:planmanage;1;1685508981;0
406;1;1;moodle/competency:planmanagedraft;1;1685508981;0
407;1;1;moodle/competency:planview;1;1685508981;0
408;1;1;moodle/competency:planviewdraft;1;1685508981;0
409;1;7;moodle/competency:planviewown;1;1685508981;0
410;1;1;moodle/competency:planrequestreview;1;1685508981;0
411;1;7;moodle/competency:planrequestreviewown;1;1685508981;0
412;1;1;moodle/competency:planreview;1;1685508981;0
413;1;1;moodle/competency:plancomment;1;1685508981;0
414;1;7;moodle/competency:plancommentown;1;1685508981;0
415;1;1;moodle/competency:usercompetencyview;1;1685508981;0
416;1;3;moodle/competency:usercompetencyview;1;1685508981;0
417;1;4;moodle/competency:usercompetencyview;1;1685508981;0
418;1;1;moodle/competency:usercompetencyrequestreview;1;1685508981;0
419;1;7;moodle/competency:usercompetencyrequestreviewown;1;1685508981;0
420;1;1;moodle/competency:usercompetencyreview;1;1685508981;0
421;1;1;moodle/competency:usercompetencycomment;1;1685508981;0
422;1;7;moodle/competency:usercompetencycommentown;1;1685508981;0
423;1;1;moodle/competency:templatemanage;1;1685508981;0
424;1;4;moodle/analytics:listinsights;1;1685508981;0
425;1;3;moodle/analytics:listinsights;1;1685508981;0
426;1;1;moodle/analytics:listinsights;1;1685508981;0
427;1;1;moodle/analytics:managemodels;1;1685508981;0
428;1;1;moodle/competency:templateview;1;1685508981;0
429;1;1;moodle/competency:userevidencemanage;1;1685508981;0
430;1;7;moodle/competency:userevidencemanageown;1;1685508981;0
431;1;1;moodle/competency:userevidenceview;1;1685508981;0
432;1;4;moodle/site:messageanyuser;1;1685508981;0
433;1;3;moodle/site:messageanyuser;1;1685508981;0
434;1;1;moodle/site:messageanyuser;1;1685508981;0
435;1;7;moodle/course:togglecompletion;1;1685508981;0
436;1;7;moodle/analytics:listowninsights;1;1685508981;0
437;1;3;moodle/h5p:setdisplayoptions;1;1685508981;0
438;1;1;moodle/h5p:deploy;1;1685508981;0
439;1;3;moodle/h5p:deploy;1;1685508981;0
440;1;1;moodle/h5p:updatelibraries;1;1685508981;0
441;1;1;moodle/course:recommendactivity;1;1685508981;0
442;1;1;moodle/contentbank:access;1;1685508982;0
443;1;2;moodle/contentbank:access;1;1685508982;0
444;1;3;moodle/contentbank:access;1;1685508982;0
445;1;1;moodle/contentbank:upload;1;1685508982;0
446;1;2;moodle/contentbank:upload;1;1685508982;0
447;1;3;moodle/contentbank:upload;1;1685508982;0
448;1;1;moodle/contentbank:deleteanycontent;1;1685508982;0
449;1;2;moodle/contentbank:deleteanycontent;1;1685508982;0
450;1;7;moodle/contentbank:deleteowncontent;1;1685508982;0
451;1;1;moodle/contentbank:manageanycontent;1;1685508982;0
452;1;2;moodle/contentbank:manageanycontent;1;1685508982;0
453;1;1;moodle/contentbank:manageowncontent;1;1685508982;0
454;1;2;moodle/contentbank:manageowncontent;1;1685508982;0
455;1;3;moodle/contentbank:manageowncontent;1;1685508982;0
456;1;1;moodle/contentbank:useeditor;1;1685508982;0
457;1;2;moodle/contentbank:useeditor;1;1685508982;0
458;1;3;moodle/contentbank:useeditor;1;1685508982;0
459;1;1;moodle/contentbank:downloadcontent;1;1685508982;0
460;1;2;moodle/contentbank:downloadcontent;1;1685508982;0
461;1;3;moodle/contentbank:downloadcontent;1;1685508982;0
462;1;5;moodle/course:downloadcoursecontent;1;1685508982;0
463;1;4;moodle/course:downloadcoursecontent;1;1685508982;0
464;1;3;moodle/course:downloadcoursecontent;1;1685508982;0
465;1;1;moodle/course:downloadcoursecontent;1;1685508982;0
466;1;3;moodle/course:configuredownloadcontent;1;1685508982;0
467;1;1;moodle/course:configuredownloadcontent;1;1685508982;0
468;1;1;moodle/contentbank:viewunlistedcontent;1;1685508982;0
469;1;2;moodle/contentbank:viewunlistedcontent;1;1685508982;0
470;1;7;moodle/reportbuilder:view;1;1685508982;0
471;1;1;moodle/reportbuilder:edit;1;1685508982;0
472;1;3;moodle/moodlenet:shareactivity;1;1685508982;0
473;1;1;moodle/moodlenet:shareactivity;1;1685508982;0
474;1;6;mod/assign:view;1;1685509031;0
475;1;5;mod/assign:view;1;1685509032;0
476;1;4;mod/assign:view;1;1685509032;0
477;1;3;mod/assign:view;1;1685509032;0
478;1;1;mod/assign:view;1;1685509032;0
479;1;5;mod/assign:submit;1;1685509032;0
480;1;4;mod/assign:grade;1;1685509032;0
481;1;3;mod/assign:grade;1;1685509032;0
482;1;1;mod/assign:grade;1;1685509032;0
483;1;4;mod/assign:exportownsubmission;1;1685509032;0
484;1;3;mod/assign:exportownsubmission;1;1685509032;0
485;1;1;mod/assign:exportownsubmission;1;1685509032;0
486;1;5;mod/assign:exportownsubmission;1;1685509032;0
487;1;3;mod/assign:addinstance;1;1685509032;0
488;1;1;mod/assign:addinstance;1;1685509032;0
489;1;4;mod/assign:grantextension;1;1685509032;0
490;1;3;mod/assign:grantextension;1;1685509032;0
491;1;1;mod/assign:grantextension;1;1685509032;0
492;1;3;mod/assign:revealidentities;1;1685509032;0
493;1;1;mod/assign:revealidentities;1;1685509032;0
494;1;3;mod/assign:reviewgrades;1;1685509032;0
495;1;1;mod/assign:reviewgrades;1;1685509032;0
496;1;3;mod/assign:releasegrades;1;1685509032;0
497;1;1;mod/assign:releasegrades;1;1685509032;0
498;1;3;mod/assign:managegrades;1;1685509032;0
499;1;1;mod/assign:managegrades;1;1685509032;0
500;1;3;mod/assign:manageallocations;1;1685509032;0
501;1;1;mod/assign:manageallocations;1;1685509032;0
502;1;3;mod/assign:viewgrades;1;1685509032;0
503;1;1;mod/assign:viewgrades;1;1685509032;0
504;1;4;mod/assign:viewgrades;1;1685509032;0
505;1;1;mod/assign:viewblinddetails;1;1685509032;0
506;1;4;mod/assign:receivegradernotifications;1;1685509032;0
507;1;3;mod/assign:receivegradernotifications;1;1685509032;0
508;1;1;mod/assign:receivegradernotifications;1;1685509032;0
509;1;3;mod/assign:manageoverrides;1;1685509032;0
510;1;1;mod/assign:manageoverrides;1;1685509032;0
511;1;4;mod/assign:showhiddengrader;1;1685509032;0
512;1;3;mod/assign:showhiddengrader;1;1685509032;0
513;1;1;mod/assign:showhiddengrader;1;1685509032;0
514;1;5;mod/assign:viewownsubmissionsummary;1;1685509032;0
515;1;3;mod/bigbluebuttonbn:addinstance;1;1685509033;0
516;1;1;mod/bigbluebuttonbn:addinstance;1;1685509033;0
517;1;3;mod/bigbluebuttonbn:addinstancewithmeeting;1;1685509033;0
518;1;1;mod/bigbluebuttonbn:addinstancewithmeeting;1;1685509033;0
519;1;3;mod/bigbluebuttonbn:addinstancewithrecording;1;1685509034;0
520;1;1;mod/bigbluebuttonbn:addinstancewithrecording;1;1685509034;0
521;1;1;mod/bigbluebuttonbn:join;1;1685509034;0
522;1;3;mod/bigbluebuttonbn:join;1;1685509034;0
523;1;4;mod/bigbluebuttonbn:join;1;1685509034;0
524;1;5;mod/bigbluebuttonbn:join;1;1685509034;0
525;1;6;mod/bigbluebuttonbn:join;1;1685509034;0
526;1;5;mod/bigbluebuttonbn:view;1;1685509034;0
527;1;4;mod/bigbluebuttonbn:view;1;1685509034;0
528;1;3;mod/bigbluebuttonbn:view;1;1685509034;0
529;1;1;mod/bigbluebuttonbn:view;1;1685509034;0
530;1;1;mod/bigbluebuttonbn:managerecordings;1;1685509034;0
531;1;3;mod/bigbluebuttonbn:managerecordings;1;1685509034;0
532;1;1;mod/bigbluebuttonbn:viewallrecordingformats;1;1685509034;0
533;1;3;mod/bigbluebuttonbn:viewallrecordingformats;1;1685509034;0
534;1;1;mod/bigbluebuttonbn:publishrecordings;1;1685509034;0
535;1;3;mod/bigbluebuttonbn:publishrecordings;1;1685509034;0
536;1;1;mod/bigbluebuttonbn:unpublishrecordings;1;1685509034;0
537;1;3;mod/bigbluebuttonbn:unpublishrecordings;1;1685509034;0
538;1;1;mod/bigbluebuttonbn:protectrecordings;1;1685509034;0
539;1;3;mod/bigbluebuttonbn:protectrecordings;1;1685509034;0
540;1;1;mod/bigbluebuttonbn:unprotectrecordings;1;1685509034;0
541;1;3;mod/bigbluebuttonbn:unprotectrecordings;1;1685509034;0
542;1;1;mod/bigbluebuttonbn:deleterecordings;1;1685509034;0
543;1;3;mod/bigbluebuttonbn:deleterecordings;1;1685509034;0
544;1;1;mod/bigbluebuttonbn:importrecordings;1;1685509034;0
545;1;3;mod/bigbluebuttonbn:importrecordings;1;1685509034;0
546;1;3;mod/book:addinstance;1;1685509035;0
547;1;1;mod/book:addinstance;1;1685509035;0
548;1;6;mod/book:read;1;1685509035;0
549;1;8;mod/book:read;1;1685509035;0
550;1;5;mod/book:read;1;1685509035;0
551;1;4;mod/book:read;1;1685509035;0
552;1;3;mod/book:read;1;1685509035;0
553;1;1;mod/book:read;1;1685509035;0
554;1;4;mod/book:viewhiddenchapters;1;1685509035;0
555;1;3;mod/book:viewhiddenchapters;1;1685509035;0
556;1;1;mod/book:viewhiddenchapters;1;1685509035;0
557;1;3;mod/book:edit;1;1685509035;0
558;1;1;mod/book:edit;1;1685509035;0
559;1;3;mod/chat:addinstance;1;1685509035;0
560;1;1;mod/chat:addinstance;1;1685509035;0
561;1;5;mod/chat:chat;1;1685509035;0
562;1;4;mod/chat:chat;1;1685509035;0
563;1;3;mod/chat:chat;1;1685509035;0
564;1;1;mod/chat:chat;1;1685509036;0
565;1;5;mod/chat:readlog;1;1685509036;0
566;1;4;mod/chat:readlog;1;1685509036;0
567;1;3;mod/chat:readlog;1;1685509036;0
568;1;1;mod/chat:readlog;1;1685509036;0
569;1;4;mod/chat:deletelog;1;1685509036;0
570;1;3;mod/chat:deletelog;1;1685509036;0
571;1;1;mod/chat:deletelog;1;1685509036;0
572;1;4;mod/chat:exportparticipatedsession;1;1685509036;0
573;1;3;mod/chat:exportparticipatedsession;1;1685509036;0
574;1;1;mod/chat:exportparticipatedsession;1;1685509036;0
575;1;4;mod/chat:exportsession;1;1685509036;0
576;1;3;mod/chat:exportsession;1;1685509036;0
577;1;1;mod/chat:exportsession;1;1685509036;0
578;1;7;mod/chat:view;1;1685509036;0
579;1;6;mod/chat:view;1;1685509036;0
580;1;3;mod/choice:addinstance;1;1685509036;0
581;1;1;mod/choice:addinstance;1;1685509036;0
582;1;5;mod/choice:choose;1;1685509036;0
583;1;4;mod/choice:choose;1;1685509036;0
584;1;3;mod/choice:choose;1;1685509036;0
585;1;4;mod/choice:readresponses;1;1685509036;0
586;1;3;mod/choice:readresponses;1;1685509036;0
587;1;1;mod/choice:readresponses;1;1685509037;0
588;1;4;mod/choice:deleteresponses;1;1685509037;0
589;1;3;mod/choice:deleteresponses;1;1685509037;0
590;1;1;mod/choice:deleteresponses;1;1685509037;0
591;1;4;mod/choice:downloadresponses;1;1685509037;0
592;1;3;mod/choice:downloadresponses;1;1685509037;0
593;1;1;mod/choice:downloadresponses;1;1685509037;0
594;1;7;mod/choice:view;1;1685509037;0
595;1;6;mod/choice:view;1;1685509037;0
596;1;3;mod/data:addinstance;1;1685509037;0
597;1;1;mod/data:addinstance;1;1685509037;0
598;1;8;mod/data:viewentry;1;1685509037;0
599;1;6;mod/data:viewentry;1;1685509037;0
600;1;5;mod/data:viewentry;1;1685509037;0
601;1;4;mod/data:viewentry;1;1685509037;0
602;1;3;mod/data:viewentry;1;1685509037;0
603;1;1;mod/data:viewentry;1;1685509037;0
604;1;5;mod/data:writeentry;1;1685509037;0
605;1;4;mod/data:writeentry;1;1685509037;0
606;1;3;mod/data:writeentry;1;1685509037;0
607;1;1;mod/data:writeentry;1;1685509037;0
608;1;5;mod/data:comment;1;1685509037;0
609;1;4;mod/data:comment;1;1685509037;0
610;1;3;mod/data:comment;1;1685509038;0
611;1;1;mod/data:comment;1;1685509038;0
612;1;4;mod/data:rate;1;1685509038;0
613;1;3;mod/data:rate;1;1685509038;0
614;1;1;mod/data:rate;1;1685509038;0
615;1;4;mod/data:viewrating;1;1685509038;0
616;1;3;mod/data:viewrating;1;1685509038;0
617;1;1;mod/data:viewrating;1;1685509038;0
618;1;4;mod/data:viewanyrating;1;1685509038;0
619;1;3;mod/data:viewanyrating;1;1685509038;0
620;1;1;mod/data:viewanyrating;1;1685509038;0
621;1;4;mod/data:viewallratings;1;1685509038;0
622;1;3;mod/data:viewallratings;1;1685509038;0
623;1;1;mod/data:viewallratings;1;1685509038;0
624;1;4;mod/data:approve;1;1685509038;0
625;1;3;mod/data:approve;1;1685509038;0
626;1;1;mod/data:approve;1;1685509038;0
627;1;4;mod/data:manageentries;1;1685509038;0
628;1;3;mod/data:manageentries;1;1685509038;0
629;1;1;mod/data:manageentries;1;1685509038;0
630;1;4;mod/data:managecomments;1;1685509038;0
631;1;3;mod/data:managecomments;1;1685509038;0
632;1;1;mod/data:managecomments;1;1685509038;0
633;1;3;mod/data:managetemplates;1;1685509038;0
634;1;1;mod/data:managetemplates;1;1685509038;0
635;1;4;mod/data:viewalluserpresets;1;1685509038;0
636;1;3;mod/data:viewalluserpresets;1;1685509038;0
637;1;1;mod/data:viewalluserpresets;1;1685509038;0
638;1;1;mod/data:manageuserpresets;1;1685509038;0
639;1;1;mod/data:exportentry;1;1685509038;0
640;1;4;mod/data:exportentry;1;1685509038;0
641;1;3;mod/data:exportentry;1;1685509038;0
642;1;1;mod/data:exportownentry;1;1685509038;0
643;1;4;mod/data:exportownentry;1;1685509038;0
644;1;3;mod/data:exportownentry;1;1685509038;0
645;1;5;mod/data:exportownentry;1;1685509038;0
646;1;1;mod/data:exportallentries;1;1685509038;0
647;1;4;mod/data:exportallentries;1;1685509038;0
648;1;3;mod/data:exportallentries;1;1685509038;0
649;1;1;mod/data:exportuserinfo;1;1685509038;0
650;1;4;mod/data:exportuserinfo;1;1685509038;0
651;1;3;mod/data:exportuserinfo;1;1685509038;0
652;1;6;mod/data:view;1;1685509038;0
653;1;5;mod/data:view;1;1685509038;0
654;1;4;mod/data:view;1;1685509038;0
655;1;3;mod/data:view;1;1685509038;0
656;1;1;mod/data:view;1;1685509038;0
657;1;3;mod/feedback:addinstance;1;1685509039;0
658;1;1;mod/feedback:addinstance;1;1685509039;0
659;1;6;mod/feedback:view;1;1685509039;0
660;1;8;mod/feedback:view;1;1685509039;0
661;1;5;mod/feedback:view;1;1685509039;0
662;1;4;mod/feedback:view;1;1685509039;0
663;1;3;mod/feedback:view;1;1685509039;0
664;1;1;mod/feedback:view;1;1685509039;0
665;1;8;mod/feedback:complete;1;1685509040;0
666;1;5;mod/feedback:complete;1;1685509040;0
667;1;5;mod/feedback:viewanalysepage;1;1685509040;0
668;1;3;mod/feedback:viewanalysepage;1;1685509040;0
669;1;1;mod/feedback:viewanalysepage;1;1685509040;0
670;1;3;mod/feedback:deletesubmissions;1;1685509040;0
671;1;1;mod/feedback:deletesubmissions;1;1685509040;0
672;1;1;mod/feedback:mapcourse;1;1685509040;0
673;1;3;mod/feedback:edititems;1;1685509040;0
674;1;1;mod/feedback:edititems;1;1685509040;0
675;1;3;mod/feedback:createprivatetemplate;1;1685509040;0
676;1;1;mod/feedback:createprivatetemplate;1;1685509040;0
677;1;3;mod/feedback:createpublictemplate;1;1685509040;0
678;1;1;mod/feedback:createpublictemplate;1;1685509040;0
679;1;3;mod/feedback:deletetemplate;1;1685509040;0
680;1;1;mod/feedback:deletetemplate;1;1685509040;0
681;1;4;mod/feedback:viewreports;1;1685509040;0
682;1;3;mod/feedback:viewreports;1;1685509040;0
683;1;1;mod/feedback:viewreports;1;1685509040;0
684;1;4;mod/feedback:receivemail;1;1685509040;0
685;1;3;mod/feedback:receivemail;1;1685509040;0
686;1;3;mod/folder:addinstance;1;1685509041;0
687;1;1;mod/folder:addinstance;1;1685509041;0
688;1;6;mod/folder:view;1;1685509041;0
689;1;7;mod/folder:view;1;1685509041;0
690;1;3;mod/folder:managefiles;1;1685509041;0
691;1;3;mod/forum:addinstance;1;1685509041;0
692;1;1;mod/forum:addinstance;1;1685509042;0
693;1;8;mod/forum:viewdiscussion;1;1685509042;0
694;1;6;mod/forum:viewdiscussion;1;1685509042;0
695;1;5;mod/forum:viewdiscussion;1;1685509042;0
696;1;4;mod/forum:viewdiscussion;1;1685509042;0
697;1;3;mod/forum:viewdiscussion;1;1685509042;0
698;1;1;mod/forum:viewdiscussion;1;1685509042;0
699;1;4;mod/forum:viewhiddentimedposts;1;1685509042;0
700;1;3;mod/forum:viewhiddentimedposts;1;1685509042;0
701;1;1;mod/forum:viewhiddentimedposts;1;1685509042;0
702;1;5;mod/forum:startdiscussion;1;1685509042;0
703;1;4;mod/forum:startdiscussion;1;1685509042;0
704;1;3;mod/forum:startdiscussion;1;1685509042;0
705;1;1;mod/forum:startdiscussion;1;1685509042;0
706;1;5;mod/forum:replypost;1;1685509042;0
707;1;4;mod/forum:replypost;1;1685509042;0
708;1;3;mod/forum:replypost;1;1685509042;0
709;1;1;mod/forum:replypost;1;1685509042;0
710;1;4;mod/forum:addnews;1;1685509042;0
711;1;3;mod/forum:addnews;1;1685509042;0
712;1;1;mod/forum:addnews;1;1685509042;0
713;1;4;mod/forum:replynews;1;1685509042;0
714;1;3;mod/forum:replynews;1;1685509042;0
715;1;1;mod/forum:replynews;1;1685509042;0
716;1;5;mod/forum:viewrating;1;1685509042;0
717;1;4;mod/forum:viewrating;1;1685509042;0
718;1;3;mod/forum:viewrating;1;1685509042;0
719;1;1;mod/forum:viewrating;1;1685509042;0
720;1;4;mod/forum:viewanyrating;1;1685509042;0
721;1;3;mod/forum:viewanyrating;1;1685509042;0
722;1;1;mod/forum:viewanyrating;1;1685509042;0
723;1;4;mod/forum:viewallratings;1;1685509042;0
724;1;3;mod/forum:viewallratings;1;1685509042;0
725;1;1;mod/forum:viewallratings;1;1685509042;0
726;1;4;mod/forum:rate;1;1685509042;0
727;1;3;mod/forum:rate;1;1685509042;0
728;1;1;mod/forum:rate;1;1685509042;0
729;1;4;mod/forum:postprivatereply;1;1685509042;0
730;1;3;mod/forum:postprivatereply;1;1685509042;0
731;1;1;mod/forum:postprivatereply;1;1685509042;0
732;1;4;mod/forum:readprivatereplies;1;1685509042;0
733;1;3;mod/forum:readprivatereplies;1;1685509042;0
734;1;1;mod/forum:readprivatereplies;1;1685509042;0
735;1;5;mod/forum:createattachment;1;1685509042;0
736;1;4;mod/forum:createattachment;1;1685509042;0
737;1;3;mod/forum:createattachment;1;1685509042;0
738;1;1;mod/forum:createattachment;1;1685509042;0
739;1;5;mod/forum:deleteownpost;1;1685509042;0
740;1;4;mod/forum:deleteownpost;1;1685509042;0
741;1;3;mod/forum:deleteownpost;1;1685509042;0
742;1;1;mod/forum:deleteownpost;1;1685509042;0
743;1;4;mod/forum:deleteanypost;1;1685509042;0
744;1;3;mod/forum:deleteanypost;1;1685509042;0
745;1;1;mod/forum:deleteanypost;1;1685509043;0
746;1;4;mod/forum:splitdiscussions;1;1685509043;0
747;1;3;mod/forum:splitdiscussions;1;1685509043;0
748;1;1;mod/forum:splitdiscussions;1;1685509043;0
749;1;4;mod/forum:movediscussions;1;1685509043;0
750;1;3;mod/forum:movediscussions;1;1685509043;0
751;1;1;mod/forum:movediscussions;1;1685509043;0
752;1;4;mod/forum:pindiscussions;1;1685509043;0
753;1;3;mod/forum:pindiscussions;1;1685509043;0
754;1;1;mod/forum:pindiscussions;1;1685509043;0
755;1;4;mod/forum:editanypost;1;1685509043;0
756;1;3;mod/forum:editanypost;1;1685509043;0
757;1;1;mod/forum:editanypost;1;1685509043;0
758;1;4;mod/forum:viewqandawithoutposting;1;1685509043;0
759;1;3;mod/forum:viewqandawithoutposting;1;1685509043;0
760;1;1;mod/forum:viewqandawithoutposting;1;1685509043;0
761;1;4;mod/forum:viewsubscribers;1;1685509043;0
762;1;3;mod/forum:viewsubscribers;1;1685509043;0
763;1;1;mod/forum:viewsubscribers;1;1685509043;0
764;1;4;mod/forum:managesubscriptions;1;1685509043;0
765;1;3;mod/forum:managesubscriptions;1;1685509043;0
766;1;1;mod/forum:managesubscriptions;1;1685509043;0
767;1;4;mod/forum:postwithoutthrottling;1;1685509043;0
768;1;3;mod/forum:postwithoutthrottling;1;1685509043;0
769;1;1;mod/forum:postwithoutthrottling;1;1685509043;0
770;1;4;mod/forum:exportdiscussion;1;1685509043;0
771;1;3;mod/forum:exportdiscussion;1;1685509043;0
772;1;1;mod/forum:exportdiscussion;1;1685509043;0
773;1;4;mod/forum:exportforum;1;1685509043;0
774;1;3;mod/forum:exportforum;1;1685509043;0
775;1;1;mod/forum:exportforum;1;1685509043;0
776;1;4;mod/forum:exportpost;1;1685509043;0
777;1;3;mod/forum:exportpost;1;1685509043;0
778;1;1;mod/forum:exportpost;1;1685509043;0
779;1;4;mod/forum:exportownpost;1;1685509043;0
780;1;3;mod/forum:exportownpost;1;1685509043;0
781;1;1;mod/forum:exportownpost;1;1685509043;0
782;1;5;mod/forum:exportownpost;1;1685509043;0
783;1;4;mod/forum:addquestion;1;1685509043;0
784;1;3;mod/forum:addquestion;1;1685509043;0
785;1;1;mod/forum:addquestion;1;1685509043;0
786;1;5;mod/forum:allowforcesubscribe;1;1685509043;0
787;1;4;mod/forum:allowforcesubscribe;1;1685509043;0
788;1;3;mod/forum:allowforcesubscribe;1;1685509043;0
789;1;8;mod/forum:allowforcesubscribe;1;1685509043;0
790;1;4;mod/forum:canposttomygroups;1;1685509043;0
791;1;3;mod/forum:canposttomygroups;1;1685509043;0
792;1;1;mod/forum:canposttomygroups;1;1685509043;0
793;1;4;mod/forum:canoverridediscussionlock;1;1685509043;0
794;1;3;mod/forum:canoverridediscussionlock;1;1685509044;0
795;1;1;mod/forum:canoverridediscussionlock;1;1685509044;0
796;1;4;mod/forum:canoverridecutoff;1;1685509044;0
797;1;3;mod/forum:canoverridecutoff;1;1685509044;0
798;1;1;mod/forum:canoverridecutoff;1;1685509044;0
799;1;7;mod/forum:cantogglefavourite;1;1685509044;0
800;1;4;mod/forum:grade;1;1685509044;0
801;1;3;mod/forum:grade;1;1685509044;0
802;1;1;mod/forum:grade;1;1685509044;0
803;1;3;mod/glossary:addinstance;1;1685509045;0
804;1;1;mod/glossary:addinstance;1;1685509045;0
805;1;8;mod/glossary:view;1;1685509045;0
806;1;6;mod/glossary:view;1;1685509045;0
807;1;5;mod/glossary:view;1;1685509045;0
808;1;4;mod/glossary:view;1;1685509045;0
809;1;3;mod/glossary:view;1;1685509045;0
810;1;1;mod/glossary:view;1;1685509045;0
811;1;5;mod/glossary:write;1;1685509045;0
812;1;4;mod/glossary:write;1;1685509045;0
813;1;3;mod/glossary:write;1;1685509045;0
814;1;1;mod/glossary:write;1;1685509045;0
815;1;4;mod/glossary:manageentries;1;1685509045;0
816;1;3;mod/glossary:manageentries;1;1685509045;0
817;1;1;mod/glossary:manageentries;1;1685509045;0
818;1;4;mod/glossary:managecategories;1;1685509045;0
819;1;3;mod/glossary:managecategories;1;1685509045;0
820;1;1;mod/glossary:managecategories;1;1685509045;0
821;1;5;mod/glossary:comment;1;1685509045;0
822;1;4;mod/glossary:comment;1;1685509045;0
823;1;3;mod/glossary:comment;1;1685509045;0
824;1;1;mod/glossary:comment;1;1685509045;0
825;1;4;mod/glossary:managecomments;1;1685509045;0
826;1;3;mod/glossary:managecomments;1;1685509045;0
827;1;1;mod/glossary:managecomments;1;1685509045;0
828;1;4;mod/glossary:import;1;1685509045;0
829;1;3;mod/glossary:import;1;1685509045;0
830;1;1;mod/glossary:import;1;1685509045;0
831;1;4;mod/glossary:export;1;1685509045;0
832;1;3;mod/glossary:export;1;1685509045;0
833;1;1;mod/glossary:export;1;1685509045;0
834;1;4;mod/glossary:approve;1;1685509045;0
835;1;3;mod/glossary:approve;1;1685509045;0
836;1;1;mod/glossary:approve;1;1685509045;0
837;1;4;mod/glossary:rate;1;1685509045;0
838;1;3;mod/glossary:rate;1;1685509045;0
839;1;1;mod/glossary:rate;1;1685509045;0
840;1;4;mod/glossary:viewrating;1;1685509045;0
841;1;3;mod/glossary:viewrating;1;1685509045;0
842;1;1;mod/glossary:viewrating;1;1685509045;0
843;1;4;mod/glossary:viewanyrating;1;1685509045;0
844;1;3;mod/glossary:viewanyrating;1;1685509045;0
845;1;1;mod/glossary:viewanyrating;1;1685509045;0
846;1;4;mod/glossary:viewallratings;1;1685509046;0
847;1;3;mod/glossary:viewallratings;1;1685509046;0
848;1;1;mod/glossary:viewallratings;1;1685509046;0
849;1;4;mod/glossary:exportentry;1;1685509046;0
850;1;3;mod/glossary:exportentry;1;1685509046;0
851;1;1;mod/glossary:exportentry;1;1685509046;0
852;1;4;mod/glossary:exportownentry;1;1685509046;0
853;1;3;mod/glossary:exportownentry;1;1685509046;0
854;1;1;mod/glossary:exportownentry;1;1685509046;0
855;1;5;mod/glossary:exportownentry;1;1685509046;0
856;1;6;mod/h5pactivity:view;1;1685509046;0
857;1;5;mod/h5pactivity:view;1;1685509046;0
858;1;4;mod/h5pactivity:view;1;1685509046;0
859;1;3;mod/h5pactivity:view;1;1685509046;0
860;1;1;mod/h5pactivity:view;1;1685509047;0
861;1;3;mod/h5pactivity:addinstance;1;1685509047;0
862;1;1;mod/h5pactivity:addinstance;1;1685509047;0
863;1;5;mod/h5pactivity:submit;1;1685509047;0
864;1;3;mod/h5pactivity:reviewattempts;1;1685509047;0
865;1;1;mod/h5pactivity:reviewattempts;1;1685509047;0
866;1;6;mod/imscp:view;1;1685509047;0
867;1;7;mod/imscp:view;1;1685509047;0
868;1;3;mod/imscp:addinstance;1;1685509047;0
869;1;1;mod/imscp:addinstance;1;1685509047;0
870;1;3;mod/label:addinstance;1;1685509047;0
871;1;1;mod/label:addinstance;1;1685509047;0
872;1;7;mod/label:view;1;1685509047;0
873;1;6;mod/label:view;1;1685509047;0
874;1;3;mod/lesson:addinstance;1;1685509048;0
875;1;1;mod/lesson:addinstance;1;1685509048;0
876;1;3;mod/lesson:edit;1;1685509048;0
877;1;1;mod/lesson:edit;1;1685509048;0
878;1;4;mod/lesson:grade;1;1685509048;0
879;1;3;mod/lesson:grade;1;1685509048;0
880;1;1;mod/lesson:grade;1;1685509048;0
881;1;4;mod/lesson:viewreports;1;1685509048;0
882;1;3;mod/lesson:viewreports;1;1685509048;0
883;1;1;mod/lesson:viewreports;1;1685509048;0
884;1;4;mod/lesson:manage;1;1685509048;0
885;1;3;mod/lesson:manage;1;1685509048;0
886;1;1;mod/lesson:manage;1;1685509048;0
887;1;3;mod/lesson:manageoverrides;1;1685509048;0
888;1;1;mod/lesson:manageoverrides;1;1685509048;0
889;1;7;mod/lesson:view;1;1685509048;0
890;1;6;mod/lesson:view;1;1685509048;0
891;1;5;mod/lti:view;1;1685509049;0
892;1;4;mod/lti:view;1;1685509049;0
893;1;3;mod/lti:view;1;1685509049;0
894;1;1;mod/lti:view;1;1685509049;0
895;1;3;mod/lti:addinstance;1;1685509049;0
896;1;1;mod/lti:addinstance;1;1685509049;0
897;1;4;mod/lti:manage;1;1685509049;0
898;1;3;mod/lti:manage;1;1685509049;0
899;1;1;mod/lti:manage;1;1685509049;0
900;1;3;mod/lti:addcoursetool;1;1685509049;0
901;1;1;mod/lti:addcoursetool;1;1685509049;0
902;1;3;mod/lti:addpreconfiguredinstance;1;1685509049;0
903;1;1;mod/lti:addpreconfiguredinstance;1;1685509049;0
904;1;3;mod/lti:addmanualinstance;1;1685509050;0
905;1;1;mod/lti:addmanualinstance;1;1685509050;0
906;1;3;mod/lti:requesttooladd;1;1685509050;0
907;1;1;mod/lti:requesttooladd;1;1685509050;0
908;1;6;mod/page:view;1;1685509050;0
909;1;7;mod/page:view;1;1685509050;0
910;1;3;mod/page:addinstance;1;1685509050;0
911;1;1;mod/page:addinstance;1;1685509050;0
912;1;6;mod/quiz:view;1;1685509051;0
913;1;5;mod/quiz:view;1;1685509051;0
914;1;4;mod/quiz:view;1;1685509051;0
915;1;3;mod/quiz:view;1;1685509051;0
916;1;1;mod/quiz:view;1;1685509051;0
917;1;3;mod/quiz:addinstance;1;1685509051;0
918;1;1;mod/quiz:addinstance;1;1685509051;0
919;1;5;mod/quiz:attempt;1;1685509051;0
920;1;5;mod/quiz:reviewmyattempts;1;1685509051;0
921;1;3;mod/quiz:manage;1;1685509051;0
922;1;1;mod/quiz:manage;1;1685509051;0
923;1;3;mod/quiz:manageoverrides;1;1685509051;0
924;1;1;mod/quiz:manageoverrides;1;1685509051;0
925;1;4;mod/quiz:viewoverrides;1;1685509051;0
926;1;3;mod/quiz:viewoverrides;1;1685509051;0
927;1;1;mod/quiz:viewoverrides;1;1685509051;0
928;1;4;mod/quiz:preview;1;1685509051;0
929;1;3;mod/quiz:preview;1;1685509051;0
930;1;1;mod/quiz:preview;1;1685509051;0
931;1;4;mod/quiz:grade;1;1685509051;0
932;1;3;mod/quiz:grade;1;1685509051;0
933;1;1;mod/quiz:grade;1;1685509051;0
934;1;4;mod/quiz:regrade;1;1685509051;0
935;1;3;mod/quiz:regrade;1;1685509051;0
936;1;1;mod/quiz:regrade;1;1685509051;0
937;1;4;mod/quiz:viewreports;1;1685509051;0
938;1;3;mod/quiz:viewreports;1;1685509051;0
939;1;1;mod/quiz:viewreports;1;1685509051;0
940;1;3;mod/quiz:deleteattempts;1;1685509051;0
941;1;1;mod/quiz:deleteattempts;1;1685509051;0
942;1;3;mod/quiz:reopenattempts;1;1685509051;0
943;1;1;mod/quiz:reopenattempts;1;1685509051;0
944;1;6;mod/resource:view;1;1685509052;0
945;1;7;mod/resource:view;1;1685509052;0
946;1;3;mod/resource:addinstance;1;1685509052;0
947;1;1;mod/resource:addinstance;1;1685509052;0
948;1;3;mod/scorm:addinstance;1;1685509053;0
949;1;1;mod/scorm:addinstance;1;1685509053;0
950;1;4;mod/scorm:viewreport;1;1685509053;0
951;1;3;mod/scorm:viewreport;1;1685509053;0
952;1;1;mod/scorm:viewreport;1;1685509053;0
953;1;5;mod/scorm:skipview;1;1685509053;0
954;1;5;mod/scorm:savetrack;1;1685509053;0
955;1;4;mod/scorm:savetrack;1;1685509053;0
956;1;3;mod/scorm:savetrack;1;1685509053;0
957;1;1;mod/scorm:savetrack;1;1685509053;0
958;1;5;mod/scorm:viewscores;1;1685509053;0
959;1;4;mod/scorm:viewscores;1;1685509053;0
960;1;3;mod/scorm:viewscores;1;1685509053;0
961;1;1;mod/scorm:viewscores;1;1685509053;0
962;1;4;mod/scorm:deleteresponses;1;1685509053;0
963;1;3;mod/scorm:deleteresponses;1;1685509053;0
964;1;1;mod/scorm:deleteresponses;1;1685509053;0
965;1;3;mod/survey:addinstance;1;1685509055;0
966;1;1;mod/survey:addinstance;1;1685509055;0
967;1;5;mod/survey:participate;1;1685509055;0
968;1;4;mod/survey:participate;1;1685509055;0
969;1;3;mod/survey:participate;1;1685509055;0
970;1;1;mod/survey:participate;1;1685509055;0
971;1;4;mod/survey:readresponses;1;1685509055;0
972;1;3;mod/survey:readresponses;1;1685509055;0
973;1;1;mod/survey:readresponses;1;1685509055;0
974;1;4;mod/survey:download;1;1685509055;0
975;1;3;mod/survey:download;1;1685509055;0
976;1;1;mod/survey:download;1;1685509055;0
977;1;6;mod/url:view;1;1685509056;0
978;1;7;mod/url:view;1;1685509056;0
979;1;3;mod/url:addinstance;1;1685509056;0
980;1;1;mod/url:addinstance;1;1685509056;0
981;1;3;mod/wiki:addinstance;1;1685509057;0
982;1;1;mod/wiki:addinstance;1;1685509057;0
983;1;6;mod/wiki:viewpage;1;1685509057;0
984;1;8;mod/wiki:viewpage;1;1685509057;0
985;1;5;mod/wiki:viewpage;1;1685509057;0
986;1;4;mod/wiki:viewpage;1;1685509057;0
987;1;3;mod/wiki:viewpage;1;1685509057;0
988;1;1;mod/wiki:viewpage;1;1685509057;0
989;1;5;mod/wiki:editpage;1;1685509057;0
990;1;4;mod/wiki:editpage;1;1685509057;0
991;1;3;mod/wiki:editpage;1;1685509057;0
992;1;1;mod/wiki:editpage;1;1685509057;0
993;1;5;mod/wiki:createpage;1;1685509057;0
994;1;4;mod/wiki:createpage;1;1685509057;0
995;1;3;mod/wiki:createpage;1;1685509057;0
996;1;1;mod/wiki:createpage;1;1685509057;0
997;1;5;mod/wiki:viewcomment;1;1685509057;0
998;1;4;mod/wiki:viewcomment;1;1685509057;0
999;1;3;mod/wiki:viewcomment;1;1685509057;0
1000;1;1;mod/wiki:viewcomment;1;1685509057;0
1001;1;5;mod/wiki:editcomment;1;1685509057;0
1002;1;4;mod/wiki:editcomment;1;1685509057;0
1003;1;3;mod/wiki:editcomment;1;1685509057;0
1004;1;1;mod/wiki:editcomment;1;1685509057;0
1005;1;4;mod/wiki:managecomment;1;1685509057;0
1006;1;3;mod/wiki:managecomment;1;1685509057;0
1007;1;1;mod/wiki:managecomment;1;1685509057;0
1008;1;4;mod/wiki:managefiles;1;1685509057;0
1009;1;3;mod/wiki:managefiles;1;1685509057;0
1010;1;1;mod/wiki:managefiles;1;1685509057;0
1011;1;4;mod/wiki:overridelock;1;1685509057;0
1012;1;3;mod/wiki:overridelock;1;1685509057;0
1013;1;1;mod/wiki:overridelock;1;1685509057;0
1014;1;4;mod/wiki:managewiki;1;1685509057;0
1015;1;3;mod/wiki:managewiki;1;1685509057;0
1016;1;1;mod/wiki:managewiki;1;1685509057;0
1017;1;6;mod/workshop:view;1;1685509058;0
1018;1;5;mod/workshop:view;1;1685509058;0
1019;1;4;mod/workshop:view;1;1685509058;0
1020;1;3;mod/workshop:view;1;1685509058;0
1021;1;1;mod/workshop:view;1;1685509058;0
1022;1;3;mod/workshop:addinstance;1;1685509058;0
1023;1;1;mod/workshop:addinstance;1;1685509058;0
1024;1;4;mod/workshop:switchphase;1;1685509058;0
1025;1;3;mod/workshop:switchphase;1;1685509058;0
1026;1;1;mod/workshop:switchphase;1;1685509058;0
1027;1;3;mod/workshop:editdimensions;1;1685509058;0
1028;1;1;mod/workshop:editdimensions;1;1685509058;0
1029;1;5;mod/workshop:submit;1;1685509058;0
1030;1;5;mod/workshop:peerassess;1;1685509058;0
1031;1;4;mod/workshop:manageexamples;1;1685509058;0
1032;1;3;mod/workshop:manageexamples;1;1685509058;0
1033;1;1;mod/workshop:manageexamples;1;1685509058;0
1034;1;4;mod/workshop:allocate;1;1685509058;0
1035;1;3;mod/workshop:allocate;1;1685509058;0
1036;1;1;mod/workshop:allocate;1;1685509058;0
1037;1;4;mod/workshop:publishsubmissions;1;1685509058;0
1038;1;3;mod/workshop:publishsubmissions;1;1685509058;0
1039;1;1;mod/workshop:publishsubmissions;1;1685509058;0
1040;1;5;mod/workshop:viewauthornames;1;1685509058;0
1041;1;4;mod/workshop:viewauthornames;1;1685509058;0
1042;1;3;mod/workshop:viewauthornames;1;1685509058;0
1043;1;1;mod/workshop:viewauthornames;1;1685509058;0
1044;1;4;mod/workshop:viewreviewernames;1;1685509058;0
1045;1;3;mod/workshop:viewreviewernames;1;1685509058;0
1046;1;1;mod/workshop:viewreviewernames;1;1685509058;0
1047;1;4;mod/workshop:viewallsubmissions;1;1685509058;0
1048;1;3;mod/workshop:viewallsubmissions;1;1685509058;0
1049;1;1;mod/workshop:viewallsubmissions;1;1685509058;0
1050;1;5;mod/workshop:viewpublishedsubmissions;1;1685509058;0
1051;1;4;mod/workshop:viewpublishedsubmissions;1;1685509059;0
1052;1;3;mod/workshop:viewpublishedsubmissions;1;1685509059;0
1053;1;1;mod/workshop:viewpublishedsubmissions;1;1685509059;0
1054;1;5;mod/workshop:viewauthorpublished;1;1685509059;0
1055;1;4;mod/workshop:viewauthorpublished;1;1685509059;0
1056;1;3;mod/workshop:viewauthorpublished;1;1685509059;0
1057;1;1;mod/workshop:viewauthorpublished;1;1685509059;0
1058;1;4;mod/workshop:viewallassessments;1;1685509059;0
1059;1;3;mod/workshop:viewallassessments;1;1685509059;0
1060;1;1;mod/workshop:viewallassessments;1;1685509059;0
1061;1;4;mod/workshop:overridegrades;1;1685509059;0
1062;1;3;mod/workshop:overridegrades;1;1685509059;0
1063;1;1;mod/workshop:overridegrades;1;1685509059;0
1064;1;4;mod/workshop:ignoredeadlines;1;1685509059;0
1065;1;3;mod/workshop:ignoredeadlines;1;1685509059;0
1066;1;1;mod/workshop:ignoredeadlines;1;1685509059;0
1067;1;4;mod/workshop:deletesubmissions;1;1685509059;0
1068;1;3;mod/workshop:deletesubmissions;1;1685509059;0
1069;1;1;mod/workshop:deletesubmissions;1;1685509059;0
1070;1;1;mod/workshop:exportsubmissions;1;1685509059;0
1071;1;4;mod/workshop:exportsubmissions;1;1685509059;0
1072;1;3;mod/workshop:exportsubmissions;1;1685509059;0
1073;1;5;mod/workshop:exportsubmissions;1;1685509059;0
1074;1;7;auth/oauth2:managelinkedlogins;1;1685509063;0
1075;1;1;enrol/category:config;1;1685509064;0
1076;1;3;enrol/category:config;1;1685509064;0
1077;1;3;enrol/cohort:config;1;1685509065;0
1078;1;1;enrol/cohort:config;1;1685509065;0
1079;1;1;enrol/cohort:unenrol;1;1685509065;0
1080;1;1;enrol/database:unenrol;1;1685509065;0
1081;1;1;enrol/database:config;1;1685509065;0
1082;1;3;enrol/database:config;1;1685509065;0
1083;1;1;enrol/fee:config;1;1685509065;0
1084;1;1;enrol/fee:manage;1;1685509065;0
1085;1;3;enrol/fee:manage;1;1685509065;0
1086;1;1;enrol/fee:unenrol;1;1685509065;0
1087;1;1;enrol/guest:config;1;1685509066;0
1088;1;3;enrol/guest:config;1;1685509066;0
1089;1;1;enrol/imsenterprise:config;1;1685509067;0
1090;1;3;enrol/imsenterprise:config;1;1685509067;0
1091;1;1;enrol/ldap:manage;1;1685509067;0
1092;1;1;enrol/lti:config;1;1685509068;0
1093;1;3;enrol/lti:config;1;1685509068;0
1094;1;1;enrol/lti:unenrol;1;1685509068;0
1095;1;3;enrol/lti:unenrol;1;1685509068;0
1096;1;1;enrol/manual:config;1;1685509069;0
1097;1;1;enrol/manual:enrol;1;1685509069;0
1098;1;3;enrol/manual:enrol;1;1685509069;0
1099;1;1;enrol/manual:manage;1;1685509069;0
1100;1;3;enrol/manual:manage;1;1685509069;0
1101;1;1;enrol/manual:unenrol;1;1685509069;0
1102;1;3;enrol/manual:unenrol;1;1685509069;0
1103;1;1;enrol/meta:config;1;1685509069;0
1104;1;3;enrol/meta:config;1;1685509069;0
1105;1;1;enrol/meta:selectaslinked;1;1685509069;0
1106;1;1;enrol/meta:unenrol;1;1685509069;0
1107;1;1;enrol/mnet:config;1;1685509070;0
1108;1;3;enrol/mnet:config;1;1685509070;0
1109;1;1;enrol/paypal:config;1;1685509071;0
1110;1;1;enrol/paypal:manage;1;1685509071;0
1111;1;3;enrol/paypal:manage;1;1685509071;0
1112;1;1;enrol/paypal:unenrol;1;1685509071;0
1113;1;3;enrol/self:config;1;1685509071;0
1114;1;1;enrol/self:config;1;1685509071;0
1115;1;3;enrol/self:manage;1;1685509071;0
1116;1;1;enrol/self:manage;1;1685509071;0
1117;1;5;enrol/self:unenrolself;1;1685509071;0
1118;1;3;enrol/self:unenrol;1;1685509072;0
1119;1;1;enrol/self:unenrol;1;1685509072;0
1120;1;7;enrol/self:enrolself;1;1685509072;0
1121;1;7;message/airnotifier:managedevice;1;1685509072;0
1122;1;3;block/accessreview:addinstance;1;1685509075;0
1123;1;1;block/accessreview:addinstance;1;1685509075;0
1124;1;3;block/accessreview:view;1;1685509075;0
1125;1;1;block/accessreview:view;1;1685509075;0
1126;1;3;block/activity_modules:addinstance;1;1685509075;0
1127;1;1;block/activity_modules:addinstance;1;1685509075;0
1128;1;3;block/activity_results:addinstance;1;1685509076;0
1129;1;1;block/activity_results:addinstance;1;1685509076;0
1130;1;7;block/admin_bookmarks:myaddinstance;1;1685509076;0
1131;1;3;block/admin_bookmarks:addinstance;1;1685509076;0
1132;1;1;block/admin_bookmarks:addinstance;1;1685509076;0
1133;1;3;block/badges:addinstance;1;1685509076;0
1134;1;1;block/badges:addinstance;1;1685509076;0
1135;1;7;block/badges:myaddinstance;1;1685509076;0
1136;1;3;block/blog_menu:addinstance;1;1685509077;0
1137;1;1;block/blog_menu:addinstance;1;1685509077;0
1138;1;3;block/blog_recent:addinstance;1;1685509077;0
1139;1;1;block/blog_recent:addinstance;1;1685509077;0
1140;1;3;block/blog_tags:addinstance;1;1685509077;0
1141;1;1;block/blog_tags:addinstance;1;1685509078;0
1142;1;7;block/calendar_month:myaddinstance;1;1685509078;0
1143;1;3;block/calendar_month:addinstance;1;1685509078;0
1144;1;1;block/calendar_month:addinstance;1;1685509078;0
1145;1;7;block/calendar_upcoming:myaddinstance;1;1685509078;0
1146;1;3;block/calendar_upcoming:addinstance;1;1685509078;0
1147;1;1;block/calendar_upcoming:addinstance;1;1685509078;0
1148;1;7;block/comments:myaddinstance;1;1685509078;0
1149;1;3;block/comments:addinstance;1;1685509078;0
1150;1;1;block/comments:addinstance;1;1685509078;0
1151;1;3;block/completionstatus:addinstance;1;1685509079;0
1152;1;1;block/completionstatus:addinstance;1;1685509079;0
1153;1;7;block/course_list:myaddinstance;1;1685509079;0
1154;1;3;block/course_list:addinstance;1;1685509079;0
1155;1;1;block/course_list:addinstance;1;1685509079;0
1156;1;3;block/course_summary:addinstance;1;1685509079;0
1157;1;1;block/course_summary:addinstance;1;1685509079;0
1158;1;3;block/feedback:addinstance;1;1685509080;0
1159;1;1;block/feedback:addinstance;1;1685509080;0
1160;1;7;block/globalsearch:myaddinstance;1;1685509080;0
1161;1;3;block/globalsearch:addinstance;1;1685509080;0
1162;1;1;block/globalsearch:addinstance;1;1685509080;0
1163;1;7;block/glossary_random:myaddinstance;1;1685509080;0
1164;1;3;block/glossary_random:addinstance;1;1685509080;0
1165;1;1;block/glossary_random:addinstance;1;1685509080;0
1166;1;7;block/html:myaddinstance;1;1685509081;0
1167;1;3;block/html:addinstance;1;1685509081;0
1168;1;1;block/html:addinstance;1;1685509081;0
1169;1;3;block/login:addinstance;1;1685509081;0
1170;1;1;block/login:addinstance;1;1685509081;0
1171;1;3;block/lp:addinstance;1;1685509081;0
1172;1;1;block/lp:addinstance;1;1685509081;0
1173;1;7;block/lp:myaddinstance;1;1685509081;0
1174;1;7;block/mentees:myaddinstance;1;1685509081;0
1175;1;3;block/mentees:addinstance;1;1685509081;0
1176;1;1;block/mentees:addinstance;1;1685509081;0
1177;1;7;block/mnet_hosts:myaddinstance;1;1685509082;0
1178;1;3;block/mnet_hosts:addinstance;1;1685509082;0
1179;1;1;block/mnet_hosts:addinstance;1;1685509082;0
1180;1;7;block/myoverview:myaddinstance;1;1685509082;0
1181;1;7;block/myprofile:myaddinstance;1;1685509082;0
1182;1;3;block/myprofile:addinstance;1;1685509082;0
1183;1;1;block/myprofile:addinstance;1;1685509082;0
1184;1;7;block/navigation:myaddinstance;1;1685509083;0
1185;1;3;block/navigation:addinstance;1;1685509083;0
1186;1;1;block/navigation:addinstance;1;1685509083;0
1187;1;7;block/news_items:myaddinstance;1;1685509083;0
1188;1;3;block/news_items:addinstance;1;1685509083;0
1189;1;1;block/news_items:addinstance;1;1685509083;0
1190;1;7;block/online_users:myaddinstance;1;1685509083;0
1191;1;3;block/online_users:addinstance;1;1685509083;0
1192;1;1;block/online_users:addinstance;1;1685509083;0
1193;1;7;block/online_users:viewlist;1;1685509083;0
1194;1;6;block/online_users:viewlist;-1;1685509083;0
1195;1;5;block/online_users:viewlist;1;1685509083;0
1196;1;4;block/online_users:viewlist;1;1685509083;0
1197;1;3;block/online_users:viewlist;1;1685509083;0
1198;1;1;block/online_users:viewlist;1;1685509083;0
1199;1;7;block/private_files:myaddinstance;1;1685509084;0
1200;1;3;block/private_files:addinstance;1;1685509084;0
1201;1;1;block/private_files:addinstance;1;1685509084;0
1202;1;3;block/recent_activity:addinstance;1;1685509084;0
1203;1;1;block/recent_activity:addinstance;1;1685509084;0
1204;1;7;block/recent_activity:viewaddupdatemodule;1;1685509084;0
1205;1;7;block/recent_activity:viewdeletemodule;1;1685509084;0
1206;1;7;block/recentlyaccessedcourses:myaddinstance;1;1685509084;0
1207;1;7;block/recentlyaccesseditems:myaddinstance;1;1685509085;0
1208;1;7;block/rss_client:myaddinstance;1;1685509085;0
1209;1;3;block/rss_client:addinstance;1;1685509085;0
1210;1;1;block/rss_client:addinstance;1;1685509085;0
1211;1;4;block/rss_client:manageownfeeds;1;1685509085;0
1212;1;3;block/rss_client:manageownfeeds;1;1685509085;0
1213;1;1;block/rss_client:manageownfeeds;1;1685509085;0
1214;1;1;block/rss_client:manageanyfeeds;1;1685509085;0
1215;1;3;block/search_forums:addinstance;1;1685509085;0
1216;1;1;block/search_forums:addinstance;1;1685509085;0
1217;1;3;block/section_links:addinstance;1;1685509086;0
1218;1;1;block/section_links:addinstance;1;1685509086;0
1219;1;3;block/selfcompletion:addinstance;1;1685509086;0
1220;1;1;block/selfcompletion:addinstance;1;1685509086;0
1221;1;7;block/settings:myaddinstance;1;1685509087;0
1222;1;3;block/settings:addinstance;1;1685509087;0
1223;1;1;block/settings:addinstance;1;1685509087;0
1224;1;3;block/site_main_menu:addinstance;1;1685509087;0
1225;1;1;block/site_main_menu:addinstance;1;1685509087;0
1226;1;3;block/social_activities:addinstance;1;1685509087;0
1227;1;1;block/social_activities:addinstance;1;1685509088;0
1228;1;7;block/starredcourses:myaddinstance;1;1685509088;0
1229;1;3;block/tag_flickr:addinstance;1;1685509088;0
1230;1;1;block/tag_flickr:addinstance;1;1685509088;0
1231;1;3;block/tag_youtube:addinstance;1;1685509089;0
1232;1;1;block/tag_youtube:addinstance;1;1685509089;0
1233;1;7;block/tags:myaddinstance;1;1685509089;0
1234;1;3;block/tags:addinstance;1;1685509089;0
1235;1;1;block/tags:addinstance;1;1685509089;0
1236;1;7;block/timeline:myaddinstance;1;1685509089;0
1237;1;4;report/completion:view;1;1685509100;0
1238;1;3;report/completion:view;1;1685509100;0
1239;1;1;report/completion:view;1;1685509100;0
1240;1;4;report/courseoverview:view;1;1685509100;0
1241;1;3;report/courseoverview:view;1;1685509100;0
1242;1;1;report/courseoverview:view;1;1685509100;0
1243;1;4;report/log:view;1;1685509102;0
1244;1;3;report/log:view;1;1685509102;0
1245;1;1;report/log:view;1;1685509102;0
1246;1;4;report/log:viewtoday;1;1685509102;0
1247;1;3;report/log:viewtoday;1;1685509102;0
1248;1;1;report/log:viewtoday;1;1685509102;0
1249;1;4;report/loglive:view;1;1685509102;0
1250;1;3;report/loglive:view;1;1685509102;0
1251;1;1;report/loglive:view;1;1685509102;0
1252;1;4;report/outline:view;1;1685509102;0
1253;1;3;report/outline:view;1;1685509102;0
1254;1;1;report/outline:view;1;1685509103;0
1255;1;4;report/outline:viewuserreport;1;1685509103;0
1256;1;3;report/outline:viewuserreport;1;1685509103;0
1257;1;1;report/outline:viewuserreport;1;1685509103;0
1258;1;4;report/participation:view;1;1685509103;0
1259;1;3;report/participation:view;1;1685509103;0
1260;1;1;report/participation:view;1;1685509103;0
1261;1;1;report/performance:view;1;1685509103;0
1262;1;4;report/progress:view;1;1685509103;0
1263;1;3;report/progress:view;1;1685509103;0
1264;1;1;report/progress:view;1;1685509103;0
1265;1;1;report/security:view;1;1685509104;0
1266;1;4;report/stats:view;1;1685509104;0
1267;1;3;report/stats:view;1;1685509104;0
1268;1;1;report/stats:view;1;1685509104;0
1269;1;1;report/status:view;1;1685509105;0
1270;1;6;report/usersessions:manageownsessions;-1000;1685509105;0
1271;1;7;report/usersessions:manageownsessions;1;1685509105;0
1272;1;1;report/usersessions:manageownsessions;1;1685509105;0
1273;1;4;gradeexport/ods:view;1;1685509105;0
1274;1;3;gradeexport/ods:view;1;1685509105;0
1275;1;1;gradeexport/ods:view;1;1685509105;0
1276;1;1;gradeexport/ods:publish;1;1685509105;0
1277;1;4;gradeexport/txt:view;1;1685509105;0
1278;1;3;gradeexport/txt:view;1;1685509105;0
1279;1;1;gradeexport/txt:view;1;1685509105;0
1280;1;1;gradeexport/txt:publish;1;1685509105;0
1281;1;4;gradeexport/xls:view;1;1685509106;0
1282;1;3;gradeexport/xls:view;1;1685509106;0
1283;1;1;gradeexport/xls:view;1;1685509106;0
1284;1;1;gradeexport/xls:publish;1;1685509106;0
1285;1;4;gradeexport/xml:view;1;1685509106;0
1286;1;3;gradeexport/xml:view;1;1685509106;0
1287;1;1;gradeexport/xml:view;1;1685509106;0
1288;1;1;gradeexport/xml:publish;1;1685509106;0
1289;1;3;gradeimport/csv:view;1;1685509106;0
1290;1;1;gradeimport/csv:view;1;1685509106;0
1291;1;3;gradeimport/direct:view;1;1685509107;0
1292;1;1;gradeimport/direct:view;1;1685509107;0
1293;1;3;gradeimport/xml:view;1;1685509107;0
1294;1;1;gradeimport/xml:view;1;1685509107;0
1295;1;1;gradeimport/xml:publish;1;1685509107;0
1296;1;4;gradereport/grader:view;1;1685509107;0
1297;1;3;gradereport/grader:view;1;1685509107;0
1298;1;1;gradereport/grader:view;1;1685509107;0
1299;1;4;gradereport/history:view;1;1685509108;0
1300;1;3;gradereport/history:view;1;1685509108;0
1301;1;1;gradereport/history:view;1;1685509108;0
1302;1;4;gradereport/outcomes:view;1;1685509108;0
1303;1;3;gradereport/outcomes:view;1;1685509108;0
1304;1;1;gradereport/outcomes:view;1;1685509108;0
1305;1;7;gradereport/overview:view;1;1685509108;0
1306;1;3;gradereport/singleview:view;1;1685509108;0
1307;1;1;gradereport/singleview:view;1;1685509108;0
1308;1;3;gradereport/summary:view;1;1685509109;0
1309;1;4;gradereport/summary:view;1;1685509109;0
1310;1;1;gradereport/summary:view;1;1685509109;0
1311;1;5;gradereport/user:view;1;1685509109;0
1312;1;4;gradereport/user:view;1;1685509109;0
1313;1;3;gradereport/user:view;1;1685509109;0
1314;1;1;gradereport/user:view;1;1685509109;0
1315;1;7;repository/areafiles:view;1;1685509111;0
1316;1;2;repository/contentbank:view;1;1685509112;0
1317;1;3;repository/contentbank:view;1;1685509112;0
1318;1;1;repository/contentbank:view;1;1685509112;0
1319;1;2;repository/contentbank:accesscoursecontent;1;1685509112;0
1320;1;3;repository/contentbank:accesscoursecontent;1;1685509112;0
1321;1;1;repository/contentbank:accesscoursecontent;1;1685509112;0
1322;1;2;repository/contentbank:accesscoursecategorycontent;1;1685509112;0
1323;1;1;repository/contentbank:accesscoursecategorycontent;1;1685509112;0
1324;1;7;repository/contentbank:accessgeneralcontent;1;1685509112;0
1325;1;2;repository/coursefiles:view;1;1685509112;0
1326;1;4;repository/coursefiles:view;1;1685509112;0
1327;1;3;repository/coursefiles:view;1;1685509112;0
1328;1;1;repository/coursefiles:view;1;1685509112;0
1329;1;7;repository/dropbox:view;1;1685509113;0
1330;1;7;repository/equella:view;1;1685509113;0
1331;1;2;repository/filesystem:view;1;1685509113;0
1332;1;4;repository/filesystem:view;1;1685509113;0
1333;1;3;repository/filesystem:view;1;1685509113;0
1334;1;1;repository/filesystem:view;1;1685509113;0
1335;1;7;repository/flickr:view;1;1685509114;0
1336;1;7;repository/flickr_public:view;1;1685509114;0
1337;1;7;repository/googledocs:view;1;1685509114;0
1338;1;2;repository/local:view;1;1685509114;0
1339;1;4;repository/local:view;1;1685509114;0
1340;1;3;repository/local:view;1;1685509114;0
1341;1;1;repository/local:view;1;1685509114;0
1342;1;7;repository/merlot:view;1;1685509115;0
1343;1;7;repository/nextcloud:view;1;1685509115;0
1344;1;7;repository/onedrive:view;1;1685509115;0
1345;1;7;repository/recent:view;1;1685509116;0
1346;1;7;repository/s3:view;1;1685509116;0
1347;1;7;repository/upload:view;1;1685509116;0
1348;1;7;repository/url:view;1;1685509117;0
1349;1;7;repository/user:view;1;1685509117;0
1350;1;2;repository/webdav:view;1;1685509118;0
1351;1;4;repository/webdav:view;1;1685509118;0
1352;1;3;repository/webdav:view;1;1685509118;0
1353;1;1;repository/webdav:view;1;1685509118;0
1354;1;7;repository/wikimedia:view;1;1685509118;0
1355;1;7;repository/youtube:view;1;1685509118;0
1356;1;3;moodle/question:commentmine;1;1685509121;0
1357;1;1;moodle/question:commentmine;1;1685509121;0
1358;1;3;moodle/question:commentall;1;1685509121;0
1359;1;1;moodle/question:commentall;1;1685509121;0
1360;1;1;qbank/customfields:changelockedcustomfields;1;1685509121;0
1361;1;3;qbank/customfields:viewhiddencustomfields;1;1685509121;0
1362;1;1;qbank/customfields:viewhiddencustomfields;1;1685509121;0
1363;1;4;tool/brickfield:viewcoursetools;1;1685509130;0
1364;1;3;tool/brickfield:viewcoursetools;1;1685509130;0
1365;1;1;tool/brickfield:viewcoursetools;1;1685509130;0
1366;1;1;tool/brickfield:viewsystemtools;1;1685509130;0
1367;1;1;tool/customlang:view;1;1685509131;0
1368;1;1;tool/customlang:edit;1;1685509131;0
1369;1;1;tool/customlang:export;1;1685509131;0
1370;1;7;tool/dataprivacy:downloadownrequest;1;1685509132;0
1371;1;7;tool/dataprivacy:requestdelete;1;1685509132;0
1372;1;1;tool/lpmigrate:frameworksmigrate;1;1685509135;0
1373;1;4;tool/monitor:subscribe;1;1685509136;0
1374;1;3;tool/monitor:subscribe;1;1685509136;0
1375;1;1;tool/monitor:subscribe;1;1685509136;0
1376;1;4;tool/monitor:managerules;1;1685509136;0
1377;1;3;tool/monitor:managerules;1;1685509136;0
1378;1;1;tool/monitor:managerules;1;1685509136;0
1379;1;1;tool/monitor:managetool;1;1685509137;0
1380;1;7;tool/policy:accept;1;1685509138;0
1381;1;1;tool/policy:managedocs;1;1685509138;0
1382;1;1;tool/policy:viewacceptances;1;1685509138;0
1383;1;3;tool/recyclebin:deleteitems;1;1685509139;0
1384;1;1;tool/recyclebin:deleteitems;1;1685509139;0
1385;1;3;tool/recyclebin:restoreitems;1;1685509139;0
1386;1;1;tool/recyclebin:restoreitems;1;1685509139;0
1387;1;4;tool/recyclebin:viewitems;1;1685509139;0
1388;1;3;tool/recyclebin:viewitems;1;1685509139;0
1389;1;1;tool/recyclebin:viewitems;1;1685509139;0
1390;1;1;tool/uploaduser:uploaduserpictures;1;1685509140;0
1391;1;1;tool/usertours:managetours;1;1685509141;0
1392;1;1;contenttype/h5p:access;1;1685509143;0
1393;1;2;contenttype/h5p:access;1;1685509143;0
1394;1;3;contenttype/h5p:access;1;1685509143;0
1395;1;1;contenttype/h5p:upload;1;1685509144;0
1396;1;2;contenttype/h5p:upload;1;1685509144;0
1397;1;3;contenttype/h5p:upload;1;1685509144;0
1398;1;1;contenttype/h5p:useeditor;1;1685509144;0
1399;1;2;contenttype/h5p:useeditor;1;1685509144;0
1400;1;3;contenttype/h5p:useeditor;1;1685509144;0
1401;1;3;booktool/importhtml:import;1;1685509148;0
1402;1;1;booktool/importhtml:import;1;1685509148;0
1403;1;6;booktool/print:print;1;1685509148;0
1404;1;8;booktool/print:print;1;1685509148;0
1405;1;5;booktool/print:print;1;1685509148;0
1406;1;4;booktool/print:print;1;1685509148;0
1407;1;3;booktool/print:print;1;1685509148;0
1408;1;1;booktool/print:print;1;1685509148;0
1409;1;4;forumreport/summary:view;1;1685509151;0
1410;1;3;forumreport/summary:view;1;1685509151;0
1411;1;1;forumreport/summary:view;1;1685509151;0
1412;1;4;forumreport/summary:viewall;1;1685509151;0
1413;1;3;forumreport/summary:viewall;1;1685509151;0
1414;1;1;forumreport/summary:viewall;1;1685509151;0
1415;1;4;quiz/grading:viewstudentnames;1;1685509153;0
1416;1;3;quiz/grading:viewstudentnames;1;1685509153;0
1417;1;1;quiz/grading:viewstudentnames;1;1685509153;0
1418;1;4;quiz/grading:viewidnumber;1;1685509153;0
1419;1;3;quiz/grading:viewidnumber;1;1685509153;0
1420;1;1;quiz/grading:viewidnumber;1;1685509153;0
1421;1;4;quiz/statistics:view;1;1685509154;0
1422;1;3;quiz/statistics:view;1;1685509154;0
1423;1;1;quiz/statistics:view;1;1685509154;0
1424;1;1;quizaccess/seb:managetemplates;1;1685509156;0
1425;1;1;quizaccess/seb:bypassseb;1;1685509156;0
1426;1;3;quizaccess/seb:bypassseb;1;1685509156;0
1427;1;1;quizaccess/seb:manage_seb_requiresafeexambrowser;1;1685509156;0
1428;1;3;quizaccess/seb:manage_seb_requiresafeexambrowser;1;1685509156;0
1429;1;1;quizaccess/seb:manage_seb_templateid;1;1685509156;0
1430;1;3;quizaccess/seb:manage_seb_templateid;1;1685509156;0
1431;1;1;quizaccess/seb:manage_filemanager_sebconfigfile;1;1685509156;0
1432;1;3;quizaccess/seb:manage_filemanager_sebconfigfile;1;1685509156;0
1433;1;1;quizaccess/seb:manage_seb_showsebdownloadlink;1;1685509156;0
1434;1;3;quizaccess/seb:manage_seb_showsebdownloadlink;1;1685509156;0
1435;1;1;quizaccess/seb:manage_seb_allowedbrowserexamkeys;1;1685509156;0
1436;1;3;quizaccess/seb:manage_seb_allowedbrowserexamkeys;1;1685509156;0
1437;1;1;quizaccess/seb:manage_seb_linkquitseb;1;1685509156;0
1438;1;3;quizaccess/seb:manage_seb_linkquitseb;1;1685509156;0
1439;1;1;quizaccess/seb:manage_seb_userconfirmquit;1;1685509156;0
1440;1;3;quizaccess/seb:manage_seb_userconfirmquit;1;1685509156;0
1441;1;1;quizaccess/seb:manage_seb_allowuserquitseb;1;1685509156;0
1442;1;3;quizaccess/seb:manage_seb_allowuserquitseb;1;1685509156;0
1443;1;1;quizaccess/seb:manage_seb_quitpassword;1;1685509156;0
1444;1;3;quizaccess/seb:manage_seb_quitpassword;1;1685509156;0
1445;1;1;quizaccess/seb:manage_seb_allowreloadinexam;1;1685509156;0
1446;1;3;quizaccess/seb:manage_seb_allowreloadinexam;1;1685509156;0
1447;1;1;quizaccess/seb:manage_seb_showsebtaskbar;1;1685509156;0
1448;1;3;quizaccess/seb:manage_seb_showsebtaskbar;1;1685509156;0
1449;1;1;quizaccess/seb:manage_seb_showreloadbutton;1;1685509156;0
1450;1;3;quizaccess/seb:manage_seb_showreloadbutton;1;1685509156;0
1451;1;1;quizaccess/seb:manage_seb_showtime;1;1685509156;0
1452;1;3;quizaccess/seb:manage_seb_showtime;1;1685509156;0
1453;1;1;quizaccess/seb:manage_seb_showkeyboardlayout;1;1685509156;0
1454;1;3;quizaccess/seb:manage_seb_showkeyboardlayout;1;1685509156;0
1455;1;1;quizaccess/seb:manage_seb_showwificontrol;1;1685509156;0
1456;1;3;quizaccess/seb:manage_seb_showwificontrol;1;1685509156;0
1457;1;1;quizaccess/seb:manage_seb_enableaudiocontrol;1;1685509156;0
1458;1;3;quizaccess/seb:manage_seb_enableaudiocontrol;1;1685509156;0
1459;1;1;quizaccess/seb:manage_seb_muteonstartup;1;1685509156;0
1460;1;3;quizaccess/seb:manage_seb_muteonstartup;1;1685509156;0
1461;1;1;quizaccess/seb:manage_seb_allowspellchecking;1;1685509156;0
1462;1;3;quizaccess/seb:manage_seb_allowspellchecking;1;1685509156;0
1463;1;1;quizaccess/seb:manage_seb_activateurlfiltering;1;1685509156;0
1464;1;3;quizaccess/seb:manage_seb_activateurlfiltering;1;1685509156;0
1465;1;1;quizaccess/seb:manage_seb_filterembeddedcontent;1;1685509156;0
1466;1;3;quizaccess/seb:manage_seb_filterembeddedcontent;1;1685509156;0
1467;1;1;quizaccess/seb:manage_seb_expressionsallowed;1;1685509156;0
1468;1;3;quizaccess/seb:manage_seb_expressionsallowed;1;1685509156;0
1469;1;1;quizaccess/seb:manage_seb_regexallowed;1;1685509156;0
1470;1;3;quizaccess/seb:manage_seb_regexallowed;1;1685509156;0
1471;1;1;quizaccess/seb:manage_seb_expressionsblocked;1;1685509156;0
1472;1;3;quizaccess/seb:manage_seb_expressionsblocked;1;1685509157;0
1473;1;1;quizaccess/seb:manage_seb_regexblocked;1;1685509157;0
1474;1;3;quizaccess/seb:manage_seb_regexblocked;1;1685509157;0
1475;1;3;atto/h5p:addembed;1;1685509163;0
1476;1;7;atto/recordrtc:recordaudio;1;1685509165;0
1477;1;7;atto/recordrtc:recordvideo;1;1685509165;0
1478;1;3;tiny/h5p:addembed;1;1685509167;0
1479;1;7;tiny/recordrtc:recordaudio;1;1685509168;0
1480;1;7;tiny/recordrtc:recordvideo;1;1685509168;0
