1;colles1;colles1short;;;1;scaletimes5
2;colles2;colles2short;;;1;scaletimes5
3;colles3;colles3short;;;1;scaletimes5
4;colles4;colles4short;;;1;scaletimes5
5;colles5;colles5short;;;1;scaletimes5
6;colles6;colles6short;;;1;scaletimes5
7;colles7;colles7short;;;1;scaletimes5
8;colles8;colles8short;;;1;scaletimes5
9;colles9;colles9short;;;1;scaletimes5
10;colles10;colles10short;;;1;scaletimes5
11;colles11;colles11short;;;1;scaletimes5
12;colles12;colles12short;;;1;scaletimes5
13;colles13;colles13short;;;1;scaletimes5
14;colles14;colles14short;;;1;scaletimes5
15;colles15;colles15short;;;1;scaletimes5
16;colles16;colles16short;;;1;scaletimes5
17;colles17;colles17short;;;1;scaletimes5
18;colles18;colles18short;;;1;scaletimes5
19;colles19;colles19short;;;1;scaletimes5
20;colles20;colles20short;;;1;scaletimes5
21;colles21;colles21short;;;1;scaletimes5
22;colles22;colles22short;;;1;scaletimes5
23;colles23;colles23short;;;1;scaletimes5
24;colles24;colles24short;;;1;scaletimes5
25;collesm1;collesm1short;1,2,3,4;collesmintro;1;scaletimes5
26;collesm2;collesm2short;5,6,7,8;collesmintro;1;scaletimes5
27;collesm3;collesm3short;9,10,11,12;collesmintro;1;scaletimes5
28;collesm4;collesm4short;13,14,15,16;collesmintro;1;scaletimes5
29;collesm5;collesm5short;17,18,19,20;collesmintro;1;scaletimes5
30;collesm6;collesm6short;21,22,23,24;collesmintro;1;scaletimes5
31;collesm1;collesm1short;1,2,3,4;collesmintro;2;scaletimes5
32;collesm2;collesm2short;5,6,7,8;collesmintro;2;scaletimes5
33;collesm3;collesm3short;9,10,11,12;collesmintro;2;scaletimes5
34;collesm4;collesm4short;13,14,15,16;collesmintro;2;scaletimes5
35;collesm5;collesm5short;17,18,19,20;collesmintro;2;scaletimes5
36;collesm6;collesm6short;21,22,23,24;collesmintro;2;scaletimes5
37;collesm1;collesm1short;1,2,3,4;collesmintro;3;scaletimes5
38;collesm2;collesm2short;5,6,7,8;collesmintro;3;scaletimes5
39;collesm3;collesm3short;9,10,11,12;collesmintro;3;scaletimes5
40;collesm4;collesm4short;13,14,15,16;collesmintro;3;scaletimes5
41;collesm5;collesm5short;17,18,19,20;collesmintro;3;scaletimes5
42;collesm6;collesm6short;21,22,23,24;collesmintro;3;scaletimes5
43;howlong;;;;1;howlongoptions
44;othercomments;;;;0;
45;attls1;attls1short;;;1;scaleagree5
46;attls2;attls2short;;;1;scaleagree5
47;attls3;attls3short;;;1;scaleagree5
48;attls4;attls4short;;;1;scaleagree5
49;attls5;attls5short;;;1;scaleagree5
50;attls6;attls6short;;;1;scaleagree5
51;attls7;attls7short;;;1;scaleagree5
52;attls8;attls8short;;;1;scaleagree5
53;attls9;attls9short;;;1;scaleagree5
54;attls10;attls10short;;;1;scaleagree5
55;attls11;attls11short;;;1;scaleagree5
56;attls12;attls12short;;;1;scaleagree5
57;attls13;attls13short;;;1;scaleagree5
58;attls14;attls14short;;;1;scaleagree5
59;attls15;attls15short;;;1;scaleagree5
60;attls16;attls16short;;;1;scaleagree5
61;attls17;attls17short;;;1;scaleagree5
62;attls18;attls18short;;;1;scaleagree5
63;attls19;attls19short;;;1;scaleagree5
64;attls20;attls20short;;;1;scaleagree5
65;attlsm1;attlsm1;45,46,47,48,49,50,51,52,53,54,55,56,57,58,59,60,61,62,63,64;attlsmintro;1;scaleagree5
66;-;-;-;-;0;-
67;attlsm2;attlsm2;63,62,59,57,55,49,52,50,48,47;attlsmintro;-1;scaleagree5
68;attlsm3;attlsm3;46,54,45,51,60,53,56,58,61,64;attlsmintro;-1;scaleagree5
69;ciq1;ciq1short;;;0;
70;ciq2;ciq2short;;;0;
71;ciq3;ciq3short;;;0;
72;ciq4;ciq4short;;;0;
73;ciq5;ciq5short;;;0;
