1;full;a_links_dont_open_new_window;4;1;1
2;full;a_must_contain_text;4;1;1
3;full;area_dont_open_new_window;4;1;1
4;full;area_has_alt_value;4;1;1
5;full;a_suspicious_link_text;4;1;1
6;full;basefont_is_not_used;7;1;1
7;full;blink_is_not_used;7;1;1
8;full;bold_is_not_used;7;1;1
9;full;content_too_long;7;1;1
10;full;css_text_has_contrast;7;1;1
11;full;embed_has_associated_no_embed;7;1;1
12;full;header_h3;3;1;1
13;full;headers_have_text;3;1;1
14;full;i_is_not_used;7;1;1
15;full;img_alt_is_different;2;1;1
16;full;img_alt_is_too_long;2;1;1
17;full;img_alt_not_empty_in_anchor;2;1;1
18;full;img_alt_not_place_holder;2;1;1
19;full;img_has_alt;2;1;1
20;full;img_with_map_has_use_map;2;1;1
21;full;legend_text_not_empty;7;1;1
22;full;marquee_is_not_used;7;1;1
23;full;no_headings;3;1;1
24;full;object_must_have_embed;5;1;1
25;full;object_must_have_title;5;1;1
26;full;object_must_have_valid_title;5;1;1
27;full;strike_is_not_used;7;1;1
28;full;table_data_should_have_th;6;1;1
29;full;table_summary_does_not_duplicate_caption;6;1;1
30;full;table_td_should_not_merge;6;1;1
31;full;table_th_should_have_scope;6;1;1
