1;accessreview;0;0;1
2;activity_modules;0;0;1
3;activity_results;0;0;1
4;admin_bookmarks;0;0;1
5;badges;0;0;1
6;blog_menu;0;0;1
7;blog_recent;0;0;1
8;blog_tags;0;0;1
9;calendar_month;0;0;1
10;calendar_upcoming;0;0;1
11;comments;0;0;1
12;completionstatus;0;0;1
13;course_list;0;0;1
14;course_summary;0;0;0
15;feedback;0;0;0
16;globalsearch;0;0;1
17;glossary_random;0;0;1
18;html;0;0;1
19;login;0;0;1
20;lp;0;0;1
21;mentees;0;0;1
22;mnet_hosts;0;0;1
23;myoverview;0;0;1
24;myprofile;0;0;1
25;navigation;0;0;1
26;news_items;0;0;1
27;online_users;0;0;1
28;private_files;0;0;1
29;recent_activity;0;0;1
30;recentlyaccessedcourses;0;0;1
31;recentlyaccesseditems;0;0;1
32;rss_client;0;0;0
33;search_forums;0;0;1
34;section_links;0;0;1
35;selfcompletion;0;0;0
36;settings;0;0;1
37;site_main_menu;0;0;1
38;social_activities;0;0;1
39;starredcourses;0;0;1
40;tag_flickr;0;0;1
41;tag_youtube;0;0;0
42;tags;0;0;1
43;timeline;0;0;1
