1;1;none;usecomments;0
2;1;none;usetags;0
3;1;none;enablenotes;0
4;1;none;enableblogs;0
5;1;none;enablebadges;0
6;1;none;enableanalytics;0
7;1;core_competency;enabled;0
8;1;core_competency;pushcourseratingstouserplans;0
9;1;tool_dataprivacy;showdataretentionsummary;0
10;1;none;forum_maxattachments;3
11;1;none;guestloginbutton;0
12;1;none;activitychoosertabmode;4
13;2;none;usecomments;1
14;2;none;usetags;1
15;2;none;enablenotes;1
16;2;none;enableblogs;1
17;2;none;enablebadges;1
18;2;none;enableanalytics;1
19;2;core_competency;enabled;1
20;2;core_competency;pushcourseratingstouserplans;1
21;2;tool_dataprivacy;showdataretentionsummary;1
22;2;none;forum_maxattachments;9
23;2;none;guestloginbutton;1
24;2;none;activitychoosertabmode;3
