1;moodle;"\core\task\session_cleanup_task";0;1685509020;0;*;*;*;*;*;0;0;0;;;
2;moodle;"\core\task\delete_unconfirmed_users_task";0;1685509200;0;0;*;*;*;*;0;0;0;;;
3;moodle;"\core\task\delete_incomplete_users_task";0;1685509500;0;5;*;*;*;*;0;0;0;;;
4;moodle;"\core\task\backup_cleanup_task";0;1685509800;0;10;*;*;*;*;0;0;0;;;
5;moodle;"\core\task\tag_cron_task";0;1685582880;0;28;3;*;*;*;0;0;0;;;
6;moodle;"\core\task\context_cleanup_task";0;1685510700;0;25;*;*;*;*;0;0;0;;;
7;moodle;"\core\task\cache_cleanup_task";0;1685511000;0;30;*;*;*;*;0;0;0;;;
8;moodle;"\core\task\messaging_cleanup_task";0;1685511300;0;35;*;*;*;*;0;0;0;;;
9;moodle;"\core\task\send_new_user_passwords_task";0;1685509020;0;*;*;*;*;*;0;0;0;;;
10;moodle;"\core\task\send_failed_login_notifications_task";0;1685509020;0;*;*;*;*;*;0;0;0;;;
11;moodle;"\core\task\create_contexts_task";0;1685570400;1;0;0;*;*;*;0;0;0;;;
12;moodle;"\core\task\legacy_plugin_cron_task";0;1685509020;0;*;*;*;*;*;0;0;0;;;
13;moodle;"\core\task\grade_cron_task";0;1685509020;0;*;*;*;*;*;0;0;0;;;
14;moodle;"\core\task\grade_history_cleanup_task";0;1685573820;0;*;0;*;*;*;0;0;0;;;
15;moodle;"\core\task\completion_regular_task";0;1685509020;0;*;*;*;*;*;0;0;0;;;
16;moodle;"\core\task\completion_daily_task";0;1685509740;0;9;7;*;*;*;0;0;0;;;
17;moodle;"\core\task\portfolio_cron_task";0;1685509020;0;*;*;*;*;*;0;0;0;;;
18;moodle;"\core\task\plagiarism_cron_task";0;1685509020;0;*;*;*;*;*;0;0;0;;;
19;moodle;"\core\task\calendar_cron_task";0;1685509020;0;*;*;*;*;*;0;0;0;;;
20;moodle;"\core\task\blog_cron_task";0;1685509020;0;*;*;*;*;*;0;0;0;;;
21;moodle;"\core\task\question_preview_cleanup_task";0;1685509020;0;*;*;*;*;*;0;0;0;;;
22;moodle;"\core\task\question_stats_cleanup_task";0;1685509020;0;*;*;*;*;*;0;0;0;;;
23;moodle;"\core\task\registration_cron_task";0;1686083160;0;26;22;*;*;2;0;0;0;;;
24;moodle;"\core\task\check_for_updates_task";0;1685527200;0;0;12;*;*;*;0;0;0;;;
25;moodle;"\core\task\cache_cron_task";0;1685512200;0;50;*;*;*;*;0;0;0;;;
26;moodle;"\core\task\automated_backup_task";0;1685512200;0;50;*;*;*;*;0;0;0;;;
27;moodle;"\core\task\badges_cron_task";0;1685509200;0;*/5;*;*;*;*;0;0;0;;;
28;moodle;"\core\task\badges_message_task";0;1685509200;0;*/5;*;*;*;*;0;0;0;;;
29;moodle;"\core\task\file_temp_cleanup_task";0;1685530500;0;55;*/6;*;*;*;0;0;0;;;
30;moodle;"\core\task\file_trash_cleanup_task";0;1685530500;0;55;*/6;*;*;*;0;0;0;;;
31;moodle;"\core\task\search_index_task";0;1685509200;0;*/30;*;*;*;*;0;0;0;;;
32;moodle;"\core\task\search_optimize_task";0;1685528100;0;15;*/12;*;*;*;0;0;0;;;
33;moodle;"\core\task\stats_cron_task";0;1685570400;0;0;0;*;*;*;0;0;0;;;
34;moodle;"\core\task\password_reset_cleanup_task";0;1685527200;0;0;*/6;*;*;*;0;0;0;;;
35;moodle;"\core\task\complete_plans_task";0;1685509500;0;5;*;*;*;*;0;0;0;;;
36;moodle;"\core\task\sync_plans_from_template_cohorts_task";0;1685509380;0;3;*;*;*;*;0;0;0;;;
37;moodle;"\core_files\task\conversion_cleanup_task";0;1685579820;0;37;2;*;*;*;0;0;0;;;
38;moodle;"\core\oauth2\refresh_system_tokens_task";0;1685511000;0;30;*;*;*;*;0;0;0;;;
39;moodle;"\core\task\analytics_cleanup_task";0;1685511720;0;42;*;*;*;*;0;0;0;;;
40;moodle;"\core\task\task_log_cleanup_task";0;1685539380;0;23;15;*;*;*;0;0;0;;;
41;moodle;"\core\task\h5p_get_content_types_task";0;1685598660;0;51;7;1;*;*;0;0;0;;;
42;moodle;"\core\task\h5p_clean_orphaned_records_task";0;1685570820;0;7;0;*;*;*;0;0;0;;;
43;moodle;"\core\task\antivirus_cleanup_task";0;1685573820;0;57;0;*;*;*;0;0;0;;;
44;moodle;"\core_reportbuilder\task\send_schedules";0;1685509020;0;*;*;*;*;*;0;0;0;;;
45;moodle;"\core\task\task_lock_cleanup_task";0;1685572800;0;40;0;*;*;*;0;0;0;;;
46;moodle;"\core_xapi\task\state_cleanup_task";0;1685570640;0;4;0;*;*;*;0;0;0;;;
47;mod_assign;"\mod_assign\task\cron_task";0;1685509080;0;*;*;*;*;*;0;0;0;;;
48;mod_bigbluebuttonbn;"\mod_bigbluebuttonbn\task\check_pending_recordings";0;1685509200;0;*/5;*;*;*;*;0;0;0;;;
49;mod_bigbluebuttonbn;"\mod_bigbluebuttonbn\task\check_dismissed_recordings";0;1685509080;0;*;*;*/10;*;*;0;0;0;;;
50;mod_chat;"\mod_chat\task\cron_task";0;1685509200;0;*/5;*;*;*;*;0;0;0;;;
51;mod_forum;"\mod_forum\task\cron_task";0;1685509080;0;*;*;*;*;*;0;0;0;;;
52;mod_lti;"\mod_lti\task\clean_access_tokens";0;1685542320;0;12;16;*;*;*;0;0;0;;;
53;mod_quiz;"\mod_quiz\task\update_overdue_attempts";0;1685509080;0;*;*;*;*;*;0;0;0;;;
54;mod_quiz;"\mod_quiz\task\legacy_quiz_reports_cron";0;1685509080;0;*;*;*;*;*;0;0;0;;;
55;mod_quiz;"\mod_quiz\task\legacy_quiz_accessrules_cron";0;1685509080;0;*;*;*;*;*;0;0;0;;;
56;mod_quiz;"\mod_quiz\task\quiz_notify_attempt_manual_grading_completed";0;1685509200;0;0;*;*;*;*;0;0;0;;;
57;mod_scorm;"\mod_scorm\task\cron_task";0;1685509200;0;*/5;*;*;*;*;0;0;0;;;
58;mod_workshop;"\mod_workshop\task\cron_task";0;1685509080;0;*;*;*;*;*;0;0;0;;;
59;mod_workshop;"\mod_workshop\task\legacy_workshop_allocation_cron";0;1685509080;0;*;*;*;*;*;0;0;0;;;
60;auth_cas;"\auth_cas\task\sync_task";0;1685570400;0;0;0;*;*;*;0;0;1;;;
61;auth_db;"\auth_db\task\sync_users";0;1685519040;0;44;9;*;*;*;0;0;1;;;
62;auth_ldap;"\auth_ldap\task\sync_roles";0;1685570400;0;0;0;*;*;*;0;0;1;;;
63;auth_ldap;"\auth_ldap\task\sync_task";0;1685570400;0;0;0;*;*;*;0;0;1;;;
64;auth_mnet;"\auth_mnet\task\cron_task";0;1685509200;0;*/10;*;*;*;*;0;0;0;;;
65;enrol_category;"\enrol_category\task\enrol_category_sync";0;1685509080;0;*;*;*;*;*;0;0;0;;;
66;enrol_cohort;"\enrol_cohort\task\enrol_cohort_sync";0;1685509980;0;13;*;*;*;*;0;0;0;;;
67;enrol_database;"\enrol_database\task\sync_enrolments";0;1685566440;0;54;22;*;*;*;0;0;1;;;
68;enrol_flatfile;"\enrol_flatfile\task\flatfile_sync_task";0;1685510100;0;15;*;*;*;*;0;0;0;;;
69;enrol_imsenterprise;"\enrol_imsenterprise\task\cron_task";0;1685509800;0;10;*;*;*;*;0;0;0;;;
70;enrol_ldap;"\enrol_ldap\task\sync_enrolments";0;1685528940;0;29;12;*;*;*;0;0;1;;;
71;enrol_lti;"\enrol_lti\task\sync_grades";0;1685509200;0;*/30;*;*;*;*;0;0;0;;;
72;enrol_lti;"\enrol_lti\task\sync_members";0;1685509200;0;*/30;*;*;*;*;0;0;0;;;
73;enrol_lti;"\enrol_lti\local\ltiadvantage\task\sync_members";0;1685509200;0;*/30;*;*;*;*;0;0;0;;;
74;enrol_lti;"\enrol_lti\local\ltiadvantage\task\sync_grades";0;1685509200;0;*/30;*;*;*;*;0;0;0;;;
75;enrol_manual;"\enrol_manual\task\sync_enrolments";0;1685509200;0;*/10;*;*;*;*;0;0;0;;;
76;enrol_manual;"\enrol_manual\task\send_expiry_notifications";0;1685509200;0;*/10;*;*;*;*;0;0;0;;;
77;enrol_meta;"\enrol_meta\task\enrol_meta_sync";0;1685509560;0;6;*;*;*;*;0;0;0;;;
78;enrol_paypal;"\enrol_paypal\task\process_expirations";0;1685509080;0;*;*;*;*;*;0;0;0;;;
79;enrol_self;"\enrol_self\task\sync_enrolments";0;1685509200;0;*/10;*;*;*;*;0;0;0;;;
80;enrol_self;"\enrol_self\task\send_expiry_notifications";0;1685509200;0;*/10;*;*;*;*;0;0;0;;;
81;message_email;"\message_email\task\send_email_task";0;1685563200;0;0;22;*;*;*;0;0;0;;;
82;block_recent_activity;"\block_recent_activity\task\cleanup";0;1685568420;0;27;23;*;*;*;0;0;0;;;
83;block_rss_client;"\block_rss_client\task\refreshfeeds";0;1685509200;0;*/5;*;*;*;*;0;0;0;;;
84;editor_atto;"\editor_atto\task\autosave_cleanup_task";0;1685905980;0;13;21;*;*;0;0;0;0;;;
85;repository_dropbox;"\repository_dropbox\task\cron_task";0;1685509140;0;*;*;*;*;*;0;0;0;;;
86;repository_filesystem;"\repository_filesystem\task\cron_task";0;1685509140;0;*;*;*;*;*;0;0;0;;;
87;repository_onedrive;"\repository_onedrive\remove_temp_access_task";0;1685785440;0;44;11;*;*;6;0;0;0;;;
88;tool_analytics;"\tool_analytics\task\train_models";0;1685530800;0;0;13;*;*;*;0;0;0;;;
89;tool_analytics;"\tool_analytics\task\predict_models";0;1685523600;0;0;11;*;*;*;0;0;0;;;
90;tool_brickfield;"\tool_brickfield\task\bulk_process_courses";0;1685509200;0;*/5;*;*;*;*;0;0;0;;;
91;tool_brickfield;"\tool_brickfield\task\bulk_process_caches";0;1685509200;0;*/5;*;*;*;*;0;0;0;;;
92;tool_brickfield;"\tool_brickfield\task\checkid_validation";0;1685516700;0;05;9;*;*;*;0;0;0;;;
93;tool_brickfield;"\tool_brickfield\task\update_summarydata";0;1685573400;0;50;0;*;*;*;0;0;0;;;
94;tool_brickfield;"\tool_brickfield\task\process_analysis_requests";0;1685509200;0;*/5;*;*;*;*;0;0;0;;;
95;tool_cohortroles;"\tool_cohortroles\task\cohort_role_sync";0;1685510880;0;28;*;*;*;*;0;0;0;;;
96;tool_dataprivacy;"\tool_dataprivacy\task\expired_retention_period";0;1685581200;0;0;3;*;*;*;0;0;0;;;
97;tool_dataprivacy;"\tool_dataprivacy\task\delete_expired_contexts";0;1685541600;0;0;16;*;*;*;0;0;0;;;
98;tool_dataprivacy;"\tool_dataprivacy\task\delete_expired_requests";0;1685535420;0;17;14;*;*;*;0;0;0;;;
99;tool_dataprivacy;"\tool_dataprivacy\task\delete_existing_deleted_users";0;1685595300;0;55;6;*;*;*;0;0;1;;;
100;tool_langimport;"\tool_langimport\task\update_langpacks_task";0;1685587260;0;41;4;*;*;*;0;0;0;;;
101;tool_messageinbound;"\tool_messageinbound\task\pickup_task";0;1685509140;0;*;*;*;*;*;0;0;0;;;
102;tool_messageinbound;"\tool_messageinbound\task\cleanup_task";0;1685577300;0;55;1;*;*;*;0;0;0;;;
103;tool_monitor;"\tool_monitor\task\clean_events";0;1685509140;0;*;*;*;*;*;0;0;0;;;
104;tool_monitor;"\tool_monitor\task\check_subscriptions";0;1685575440;0;24;1;*;*;*;0;0;0;;;
105;tool_recyclebin;"\tool_recyclebin\task\cleanup_course_bin";0;1685509200;0;*/30;*;*;*;*;0;0;0;;;
106;tool_recyclebin;"\tool_recyclebin\task\cleanup_category_bin";0;1685509200;0;*/30;*;*;*;*;0;0;0;;;
107;cachestore_redis;"\cachestore_redis\task\ttl";0;1685512560;0;56;*;*;*;*;0;0;0;;;
108;ltiservice_gradebookservices;"\ltiservice_gradebookservices\task\cleanup_task";0;1685592900;0;15;6;*;*;*;0;0;0;;;
109;quiz_statistics;"\quiz_statistics\task\recalculate";0;1685515560;0;46;*/4;*;*;*;0;0;0;;;
110;workshopallocation_scheduled;"\workshopallocation_scheduled\task\cron_task";0;1685509200;0;*;*;*;*;*;0;0;0;;;
111;logstore_standard;"\logstore_standard\task\cleanup_task";0;1685586780;0;33;4;*;*;*;0;0;0;;;
